:020000040000FA
:1000000084000000000000008400000000000000E8
:1000100000408113D21DB201000000000000244006
:100020000000000000005940000000000088C340AC
:100030000000000084D797410080E03779C3414336
:10004000176E05B5B5B89346F5F93FE9034F384D3E
:10005000321D30F94877825A3CBF737FDD4F1575EA
:1000600057CD9E5E1426D13F000000000000F03FF7
:10007000AA4C58E87AB6FB3F845D57134B57B03F04
:10008000B2934C19ED5EE43FBEDE02B90240F83F88
:10009000DE39028FC7C0743F8AAB1283000CC83FA1
:1000A00024D7E508B6D8F03F0F34580E5895FD3FD9
:1000B000000000000000000066732D3852C1E03FD0
:1000C000182D4454FB21F93F66732D3852C1F03F7F
:1000D000182D4454FB21F93F66732D3852C100405E
:1000E000182D4454FB2109403FD038C6A6F10440E6
:1000F000496E76616C696420696E746572666163CD
:100100006520706F696E7465722C2064726F702048
:100110007061636B65742100496E76616C6964205F
:1001200062756666657220706F696E7465722C20E8
:1001300064726F70207061636B6574210000000051
:100140005265636569766564207061636B657420D0
:100150006C656E677468202825642920657863655E
:100160006564732073697A65206F66206D627566B9
:1001700020636C757374657220282564292C2064B3
:10018000726F70207061636B65742100416C6C6FDD
:10019000636174696F6E206F66206D62756620669C
:1001A00061696C65642C2064726F70207061636B90
:1001B00065742100496E76616C696420706B7420EF
:1001C0006F722070726F746F636F6C5F666C6167C3
:1001D0007320706F696E7465722100006F627364C2
:1001E0005F696E69745F746369705F74687265617A
:1001F000645F7370656369666963733A20736574DD
:10020000726C696D6974206661696C6564207769D8
:100210007468206572726F723A20256400000000D5
:1002200004000000020000000000000007000000C1
:10023000616E7969705F696E69743A20737973636E
:10024000746C5F31206661696C65642077697468DD
:10025000206572726F723A2025640000616E7969C0
:10026000705F696E69743A2073797363746C5F327E
:10027000206661696C6564207769746820657272B4
:100280006F723A2025640000616E7969705F696E53
:1002900069743A206F6273645F706E696F5F696E34
:1002A00069745F646863705F636C69656E7420660F
:1002B00061696C65642100006572726F72206672FC
:1002C0006F6D206F6273645F706E5F6765745F74DB
:1002D00063705F736C6F77687A206F72206E6567EA
:1002E000617469766520617267756D656E743A2018
:1002F000736C6F77687A3D25642C207463705F633C
:100300006F6E6E656374696F6E5F74696D656F752E
:10031000743D2564000000006572726F7220667281
:100320006F6D206F6273645F706E5F6765745F747A
:1003300063705F736C6F77687A206F72206E656789
:10034000617469766520617267756D656E743A20B7
:10035000736C6F77687A3D25642C207463705F6BD3
:10036000656570696E74766C3D2564006572726FA8
:10037000722066726F6D206F6273645F706E5F676C
:1003800065745F7463705F736C6F77687A206F72E7
:10039000206E6567617469766520617267756D6549
:1003A0006E743A20736C6F77687A3D25642C2074E4
:1003B00063705F72657472616E736D69745F746986
:1003C0006D656F75743D2564000000006572726F85
:1003D000722066726F6D206F6273645F706E5F670C
:1003E00065745F7463705F736C6F77687A206F7287
:1003F000206E6567617469766520617267756D65E9
:100400006E743A20736C6F77687A3D25642C207483
:1004100063705F6B65657069646C655F74696D6559
:100420006F75743D25640000616E7969705F746357
:1004300069705F64656C5F69707634737569746543
:100440003A2044656C6574696E67204950763420A3
:10045000616464726573732066726F6D20696E7477
:100460006572666163653A2025730000616E796983
:10047000705F746369705F64656C5F697076347314
:10048000756974653A20696F63746C206661696C84
:10049000656421202D3E206572726E6F20213D2003
:1004A00045414444524E4F54415641494C2100006D
:1004B000616E7969705F746369705F64656C5F69B0
:1004C00070763473756974653A20696F63746C2053
:1004D0006661696C656421204D65616E7320746886
:1004E0006520696E7465726661636520686173205A
:1004F0006E6F206164647265737320736F20666130
:1005000072000000616E7969705F746369705F6783
:1005100065745F69705F706172616D657465723A70
:1005200020696F63746C206661696C65642077690B
:100530007468206572726F723A20256400000000B2
:10054000616E7969705F746369705F6765745F6914
:1005500070763473756974653A2053494F4347493F
:100560004641444452206661696C65642100000084
:10057000616E7969705F746369705F6765745F69E4
:1005800070763473756974653A2053494F4347490F
:10059000464E45544D41534B206661696C6564215C
:1005A00000000000616E7969705F746369705F7349
:1005B00065745F6970763473756974653A20726525
:1005C0006164696E67206F66206578697374696E0F
:1005D00067204950763420616464726573732066C5
:1005E00061696C6564202D204950763420737569EB
:1005F0007465206973206E6F74206368616E67652F
:1006000064000000616E7969705F746369705F7384
:1006100065745F6970763473756974653A205472D5
:100620007920746F2073657420697020616464722E
:100630006573733A2025642E25642E25642E256467
:1006400000000000616E7969705F746369705F73A8
:1006500065745F6970763473756974653A20496EA4
:1006600074657266616365206E616D653A202573FD
:1006700000000000616E7969705F746369705F7378
:1006800065745F6970763473756974653A2053498F
:100690004F4341494641444452206661696C656458
:1006A0002077697468206572726F723A2025642E13
:1006B000204578697374696E6720495076342061EB
:1006C0006464726573732077696C6C206265207254
:1006D0006573746F72656400616E7969705F7463CD
:1006E00069705F7365745F6970763473756974657A
:1006F0003A20526573746F72696E67206970206169
:100700006464726573733A2025642E25642E256413
:100710002E256400616E7969705F746369705F7320
:1007200065745F6970763473756974653A205265D3
:1007300073746F7265206661696C6564212045720F
:10074000726F723A20256400616E7969705F74631C
:1007500069705F7365745F69707634737569746509
:100760003A20495020736574207375636365737311
:1007700066756C6C79210000040000000200000026
:100780000000000001000000040000000200000062
:10079000000000000100000053544152543A20610F
:1007A0006E7969705F746369705F637265617465A7
:1007B0005F616E645F61637469766174655F696EC1
:1007C0007465726661636500616E7969705F7463F8
:1007D00069705F6372656174655F616E645F6163B8
:1007E0007469766174655F696E746572666163656C
:1007F0003A204D656D6F727920616C6C6F63617426
:10080000696F6E206661696C65642100616E79694B
:10081000705F746369705F6372656174655F616E58
:10082000645F61637469766174655F696E74657233
:10083000666163653A206F6273645F69665F6174C5
:1008400074616368206661696C6564210000000062
:10085000616E7969705F746369705F6372656174FA
:10086000655F616E645F61637469766174655F6919
:100870006E746572666163653A206F6273645F6966
:10088000665F696E6974206661696C656421000049
:10089000616E7969705F746369705F6372656174BA
:1008A000655F616E645F61637469766174655F69D9
:1008B0006E746572666163653A20616E7969705F16
:1008C000746369705F7365745F61646D696E5F7393
:1008D00074617465206661696C65642100000000C4
:1008E000454E443A20616E7969705F746369705F48
:1008F0006372656174655F616E645F61637469767C
:100900006174655F696E746572666163650000009D
:1009100053544152543A20616E7969705F7463692F
:10092000705F7365745F61646D696E5F7374617429
:1009300065000000616E7969705F746369705F7350
:1009400065745F61646D696E5F73746174653A208C
:10095000696F63746C2829206661696C656420770F
:10096000697468206572726F723A20256400000015
:10097000616E7969705F746369705F7365745F61DC
:10098000646D696E5F73746174653A20736F636B35
:1009900065742829206661696C65642077697468CC
:1009A000206572726F723A2025640000454E443A09
:1009B00020616E7969705F746369705F7365745FDD
:1009C00061646D696E5F7374617465005354415264
:1009D000543A20616E7969705F746369705F646511
:1009E00061637469766174655F616E645F64656C90
:1009F0006574655F696E74657266616365000000A9
:100A0000616E7969705F746369705F646561637456
:100A100069766174655F616E645F64656C65746559
:100A20005F696E746572666163653A20616E7969AB
:100A3000705F746369705F7365745F61646D696E24
:100A40005F7374617465206661696C656421000080
:100A5000616E7969705F746369705F646561637406
:100A600069766174655F616E645F64656C65746509
:100A70005F696E746572666163653A20616E79695B
:100A8000705F746369705F64656C5F6970763473FE
:100A900075697465206661696C65642100000000F9
:100AA000616E7969705F746369705F6465616374B6
:100AB00069766174655F616E645F64656C657465B9
:100AC0005F696E746572666163653A206F62736414
:100AD0005F69665F646574616368206661696C65FF
:100AE00064210000454E443A20616E7969705F745C
:100AF0006369705F646561637469766174655F6181
:100B00006E645F64656C6574655F696E746572665A
:100B100061636500636C727063000000045D888A25
:100B2000EB1CC9119FE808002B1048600000000072
:100B300076223A33000000000D0000809C00000087
:100B4000147F964A003000000D000128820000004A
:100B50000883AFE11F5DC91191A408002B14A0FA0E
:100B6000045D888AEB1CC9119FE808002B104860BF
:100B70000000000000000000000000000000000075
:100B8000010ECF0000000000010ECF0000000000A9
:100B9000010ECF00000100002B0601040181C06E90
:100BA00000000000000000002B0601040181C06E5F
:100BB00030313233343536373839616263646566D3
:100BC0000000000030313233343536373839616255
:100BD0006364656600000000000000000000000083
:100BE0000000000000000000000000000000000005
:100BF00000000000000000000000000000000000F5
:100C000000000000000000000000000000000000E4
:100C100000000000000000000000000000000000D4
:100C200000000000000000000000000007090800AC
:100C300007090800706F72742D78797A2D616263EC
:100C40006465000064656661756C742D6D72706416
:100C50006F6D61696E0000006564647000000000E3
:100C6000B398041001000000B58C0410800000004F
:100C7000E115071008000000BFB8041020000000B4
:100C80005542061002000000B5ED041004000000FB
:100C9000D37E0610100000000000000000000000DD
:100CA000177F0610100000005FEE04100400000023
:100CB000F94606100200000031B9041020000000BF
:100CC0003B1E071008000000418D0410800000004A
:100CD0008B9A0410010000000000000000000000DA
:100CE0000200000097C0041002000000959104105B
:100CF00000000000F3C7041000000000F3C7041058
:100D000000000000F3C7041000000000F3C7041047
:100D100000000000F3C7041000000000F3C7041037
:100D200000000000F3C7041000000000F3C7041027
:100D300000000000F3C7041000000000F3C7041017
:100D400000000000F3C7041002000000DB280710B9
:100D50000200000033920410020000000FE50E10A4
:100D60000200000021E50E1002000000A5E70E10B1
:100D7000020000001DE60E10020000006D2A0710A0
:100D800002000000E5E50E1002000000A3E60E10D0
:100D900000000000F3C7041000000000F3C70410B7
:100DA000020000009529071002000000DD2907104D
:100DB00000000000F3C7041002000000252A0710FD
:100DC00000000000F3C70410020000005D290710B6
:100DD00000000000F3C7041002000000B7E60E1088
:100DE00002000000E5ED0E1000000000F3C7041043
:100DF00002000100AFED0E1002000000ADED0E107C
:100E000000000000F3C7041000000000F3C7041046
:100E100002000000D1ED0E1002000000BDED0E102A
:100E200000000000F3C7041000000000F3C7041026
:100E300000000000F3C7041000000000F3C7041016
:100E400000000000F3C7041000000000F3C7041006
:100E500002000000E9E40E1000000000F3C70410D7
:100E60000200000053E50E1000000000F3C704105C
:100E70000200000071E50E1000000000F3C704102E
:100E800000000000F3C7041000000000F3C70410C6
:100E900000000000F3C7041000000000F3C70410B6
:100EA00000000000F3C7041000000000F3C70410A6
:100EB00000000000F3C7041000000000F3C7041096
:100EC00000000000F3C7041000000000F3C7041086
:100ED00000000000F3C7041000000000F3C7041076
:100EE00000000000F3C7041000000000F3C7041066
:100EF00000000000F3C7041000000000F3C7041056
:100F000000000000F3C7041000000000F3C7041045
:100F100000000000F3C7041000000000F3C7041035
:100F200000000000F3C7041000000000F3C7041025
:100F300000000000F3C7041000000000F3C7041015
:100F400000000000F3C7041000000000F3C7041005
:100F500000000000F3C7041000000000F3C70410F5
:100F600000000000F3C7041000000000F3C70410E5
:100F700000000000F3C7041000000000F3C70410D5
:100F80000000000000000000000000000000000061
:100F900079ED0410040000007F4B061001000000F2
:100FA0009FC0061010000000D9270710080000009D
:100FB00077B90410400000000000000000000000AD
:100FC00085140610D9140610000400004FEB04101D
:100FD00059EB04100400000097CE0410E1CE041079
:100FE00002000000238D0410338D04100002000065
:100FF000FB190710A71D0710100000000DB9041001
:101000002BB90410800000007F450610CB46061067
:101010000800000095EE0410F5EE041040000000FA
:10102000591C0710A71D07102000000023CF041033
:10103000ABCF0410002000004F7F06102F7F06105A
:101040000000080013B9041019B9041000000200D0
:10105000EB4506106D4606100040000023EF04101B
:1010600059F00410000001007B1C0710411D0710FF
:1010700000800000000000000000000000000000F0
:10108000411D0710008000002F7F0610000008009F
:1010900059F00410000001006D46061000400000E9
:1010A00019B9041000000200ABCF041000200000AA
:1010B000F5EE041040000000CB46061008000000CA
:1010C0002BB9041080000000A71D071010000000BD
:1010D000A71D071020000000338D0410000200003F
:1010E000E1CE04100200000059EB041004000000DF
:1010F000D9140610000400000000000000000000E9
:10110000010ECF00010100000300000000000000FC
:101110003C0000003C0000003C0000003C000000DF
:101120003C0000003C0000003C0000003C000000CF
:101130003C0000003C0000003C0000003C000000BF
:101140003C00000010000000140000001800000027
:101150003C0000003C0000003C0000003C0000009F
:101160001C0000003C0000003C0000003C000000AF
:101170003C0000003C0000003C0000003C0000007F
:101180003C0000003C0000003C0000003C0000006F
:101190003C0000003C0000003C0000003C0000005F
:1011A0003C0000003C0000003C0000003C0000004F
:1011B0003C0000003C0000000000000000000000B7
:1011C000000000000000000000000000000000001F
:1011D000000000000000000000000000000000000F
:1011E0000000000000000000000000003C000000C3
:1011F0003C0000003C0000003C0000003C000000FF
:101200003C0000003C0000003C0000003C000000EE
:101210003C0000003C0000003C0000003C000000DE
:101220003C0000003C000000000000003C0000000A
:101230003C0000003C0000003C0000003C000000BE
:101240003C0000003C0000003C0000003C000000AE
:101250003C0000003C0000003C0000003C0000009E
:101260003C0000003C0000000000000045444450E9
:101270005F4C4C2D49464354524C0000010ECF00A8
:1012800004000000010ECF0004200000010ECF007A
:1012900004400000010ECF0004800000010ECF00CA
:1012A00000000000010ECF0000010000405E0001C0
:1012B00000F8FFFB0100000000000000000000003B
:1012C000000000000000000000000000000000001E
:1012D00000060001000000000301000000CF0E0125
:1012E00000000000010000010000000000000000FC
:1012F00000000000000000000000000000000000EE
:1013000005000001000000000303000000CF0E01F3
:1013100001000100010000010000000000000000C9
:1013200000000000000000000000000000000000BD
:1013300005000001000000000303000000CF0E01C3
:101340000101010101030000000000010000000193
:10135000000000010000000100000001000000008A
:101360000F060001000000000000000000CF0E0189
:101370000201020101000000000000010000000164
:10138000000000010000000100000001000000005A
:101390000F060001000000000000000000CF0E0159
:1013A0000002000201020000000000000000000036
:1013B000000000000000000000000000000000002D
:1013C0000E050001000000000301020000CF0E0125
:1013D0000102010201020000000000000000000004
:1013E00000000000000000000000000000000000FD
:1013F0000E050001000000000301020000CF0E01F5
:1014000002020202010200000000000000000000D1
:1014100000000000000000000000000000000000CC
:101420000E050001000000000301020000CF0E01C4
:10143000030203020102000000000000000000009F
:10144000000000000000000000000000000000009C
:101450000E050001000000000301020000CF0E0194
:10146000040204020102000000000000000000006D
:10147000000000000000000000000000000000006C
:101480000E050001000000000301020000CF0E0164
:10149000050205020102000000000000000000003B
:1014A000000000000000000000000000000000003C
:1014B0000E050001000000000301020000CF0E0134
:1014C0000602060201020000000000000000000009
:1014D000000000000000000000000000000000000C
:1014E0000E050001000000000301020000CF0E0104
:1014F00007020702010200000000000000000000D7
:1015000000000000000000000000000000000000DB
:101510000E050001000000000301020000CF0E01D3
:1015200008020802010200000000000000000000A4
:1015300000000000000000000000000000000000AB
:101540000E050001000000000301020000CF0E01A3
:101550000902090201020000000000000000000072
:10156000000000000000000000000000000000007B
:101570000E050001000000000301020000CF0E0173
:101580000A020A0201020000000000000000000040
:10159000000000000000000000000000000000004B
:1015A0000E050001000000000301020000CF0E0143
:1015B0000B020B020102000000000000000000000E
:1015C000000000000000000000000000000000001B
:1015D0000E050001000000000301020000CF0E0113
:1015E0000C020C02010200000000000000000000DC
:1015F00000000000000000000000000000000000EB
:101600000E050001000000000301020000CF0E01E2
:101610000D020D02010200000000000000000000A9
:1016200000000000000000000000000000000000BA
:101630000E050001000000000301020000CF0E01B2
:101640000E020E0201020000000000000000000077
:10165000000000000000000000000000000000008A
:101660000E050001000000000301020000CF0E0182
:101670000F020F0201020000000000000000000045
:10168000000000000000000000000000000000005A
:101690000E050001000000000301020000CF0E0152
:1016A0001002100201020000000000000000000013
:1016B000000000000000000000000000000000002A
:1016C0000E050001000000000301020000CF0E0122
:1016D00011021102010200000000000000000000E1
:1016E00000000000000000000000000000000000FA
:1016F0000E050001000000000301020000CF0E01F2
:1017000012021202010200000000000000000000AE
:1017100000000000000000000000000000000000C9
:101720000E050001000000000301020000CF0E01C1
:10173000130213020102000000000000000000007C
:101740000000000000000000000000000000000099
:101750000E050001000000000301020000CF0E0191
:10176000140214020102000000000000000000004A
:101770000000000000000000000000000000000069
:101780000E050001000000000301020000CF0E0161
:101790001502150201020000000000000000000018
:1017A0000000000000000000000000000000000039
:1017B0000E050001000000000301020000CF0E0131
:1017C00016021602010200000000000000000000E6
:1017D0000000000000000000000000000000000009
:1017E0000E050001000000000301020000CF0E0101
:1017F00017021702010200000000000000000000B4
:1018000000000000000000000000000000000000D8
:101810000E050001000000000301020000CF0E01D0
:101820001802180201020000000000000000000081
:1018300000000000000000000000000000000000A8
:101840000E050001000000000301020000CF0E01A0
:10185000190219020102000000000000000000004F
:101860000000000000000000000000000000000078
:101870000E050001000000000301020000CF0E0170
:101880001A021A020102000000000000000000001D
:101890000000000000000000000000000000000048
:1018A0000E050001000000000301020000CF0E0140
:1018B0001B021B02010200000000000000000000EB
:1018C0000000000000000000000000000000000018
:1018D0000E050001000000000301020000CF0E0110
:1018E0001C021C02010200000000000000000000B9
:1018F00000000000000000000000000000000000E8
:101900000E050001000000000301020000CF0E01DF
:101910001D021D0201020000000000000000000086
:1019200000000000000000000000000000000000B7
:101930000E050001000000000301020000CF0E01AF
:101940001E021E0201020000000000000000000054
:101950000000000000000000000000000000000087
:101960000E050001000000000301020000CF0E017F
:101970001F021F0201020000000000000000000022
:101980000000000000000000000000000000000057
:101990000E050001000000000301020000CF0E014F
:1019A0002002FF0201020000000000000000000011
:1019B0000000000000000000000000000000000027
:1019C0000E050001000000000301000000CF0E0121
:1019D00000040004010000000000000000000000FE
:1019E00000000000000000000000000000000000F7
:1019F00008040001000000000300000000CF0E01F9
:101A000001040104010000000000000000000000CB
:101A100000000000000000000000000000000000C6
:101A200008040001000000000300000000CF0E01C8
:101A30002004200401000000000000010101000159
:101A4000010100010101000101010001010101008A
:101A500008040001000000000301000000CF0E0197
:101A60002104210401000000000000010101000127
:101A70000101000101010001010100010101020059
:101A800008040001000000000301000000CF0E0167
:101A900040044004010000000000000101010001B9
:101AA0000101000101010001010100010101040027
:101AB00008040001000000000301000000CF0E0137
:101AC0004104410401000000000000010101000187
:101AD00001010001010100010101000101010500F6
:101AE00008040001000000000301000000CF0E0107
:101AF00080048004010000000000000101010001D9
:101B000001010001010100010101000101010100C9
:101B100008040001000000000301000000CF0E01D6
:101B200081048104010000000000000101010001A6
:101B30000101000101010001010100010101020098
:101B400008040001000000000301000000CF0E01A6
:101B50000005000501000000000000010101000176
:101B6000010100010101000101010001010100006A
:101B7000000000010000000003000500004E1501F8
:101B8000010001000100000000000001010100014E
:101B9000010100010101000101010001010100003A
:101BA000030200010000000003030300004E1501C2
:101BB000020002000100000000000001010100011C
:101BC000010100010101000101010001010100000A
:101BD000030200010000000003030400004E150191
:101BE00003000300010000000000000101010001EA
:101BF00001010001010100010101000101010000DA
:101C0000030200010000000003030700004E15015D
:101C100004000400010000000000000101010001B7
:101C200001010001010100010101000101010000A9
:101C3000030200010000000003030800004E15012C
:101C40000500050001000000000000010101000185
:101C50000101000101010001010100010101000079
:101C6000030200010000000003030900006C2101D1
:101C7000010001000100000000000001010100015D
:101C80000101000101010001010100010101000049
:101C9000030200010000000003000A00006C2101A3
:101CA000020002000100000000000001010100012B
:101CB0000101000101010001010100010101000019
:101CC000030200010000000003000B00006C210172
:101CD00003000300010000000000000101010001F9
:101CE00001010001010100010101000101010000E9
:101CF000030200010000000003000C0000C280018C
:101D000000000000010000010000000100000001CF
:101D100000000001000000010000000100000000C0
:101D200000000001000000000303010000C2800168
:101D300001000D0001000001000000010000000191
:101D40000000000100000001000000010000000090
:101D500000000001000000000300000000C280013C
:101D60000E000E0001000001000000010100000152
:101D7000010000010100000101000001010000005C
:101D800000000001000000000302000000C280010A
:101D90000F0010000100000100000001010000011F
:101DA000010000010100000101000001010000002C
:101DB000000000010000000003000000FFFFFFFF23
:101DC000FFFFFFFF01000001000000000000000015
:101DD0000000000000000000000000000000000003
:101DE00000000001000000000301000092880001D3
:101DF0000001FF06030100000000000000000000D9
:101E00000F0006000000928800010007FF0F030189
:101E1000000000000001000001000F0006000000AB
:101E2000928800010080FFBF020000000000000057
:101E3000000000000E00050000009288000100C0B4
:101E4000FFFB0000000000000000000000000E008A
:101E5000050000009288000101FC01FC0100000067
:101E60000000000001000000060001000000928850
:101E7000000101FE02FE0100000000000000010060
:101E8000000006000100000092880001FCFEFFFE39
:101E9000000000000000000001000000050000003C
:101EA00000009288000140FF43FF00000300000093
:101EB00000000000010008000400000092880001FA
:101EC00042FF42FF0000000000000000000001008F
:101ED000080004000000060800010000FFFF0000E9
:101EE00000000000000001000000020000000000EF
:101EF000CC8800010000FFFF00000000000000008F
:101F000001000100040003000000000800010000BF
:101F1000FFFF0000000000000000010000000100C1
:101F200000000000E38800010000FFFF0000000047
:101F30000000000000000100030002000000000695
:101F400001010000FFFF0000000000000000010090
:101F50000000070000000000F78800010000FFFFFC
:101F6000000006000000000000000100080004005E
:101F70000000000000000000000000000000000061
:101F80000000000001000000000000000000000050
:101F90000000000000000000000000000000000041
:101FA0000000000000000000000000000000000031
:101FB0000000000000000000000000000000000021
:101FC0000000000000000000000000000000000011
:101FD0000000000000000000000000000000000001
:101FE00000000000000000000000000000000000F1
:101FF00000000000000000000000000000010001DF
:1020000000010000010000030001000100010000C8
:102010003C0000003C0000003C0000003C000000D0
:102020003C0000003C0000003C0000003C000000C0
:102030003C0000003C0000003C0000003C000000B0
:102040003C0000003C0000003C0000003C000000A0
:102050003C0000003C0000003C0000003C00000090
:102060003C0000003C0000003C0000003C00000080
:102070003C0000003C0000003C0000003C00000070
:102080003C0000003C0000003C0000003C00000060
:102090003C0000003C0000003C0000003C00000050
:1020A0003C0000003C0000003C0000003C00000040
:1020B0003C0000003C0000003C0000003C00000030
:1020C0003C0000003C0000003C0000003C00000020
:1020D0003C0000003C0000003C0000003C00000010
:1020E0003C0000003C0000003C0000003C00000000
:1020F0003C0000003C0000003C0000003C000000F0
:1021000000000101000000000000000010E60F10B8
:1021100090181630901916301010000090DA163012
:1021200000060000FC00000007000000FB000000AB
:1021300006000000591F0610CCE50F1004E60F1032
:10214000000000000000000073796E634657000035
:102150005253796E635265636569766500000000CD
:102160005253796E6353656E64000000010ECF0018
:10217000040000000180C200000E00000800000002
:102180002323446174496E20536C6F743D25642091
:10219000205375623D2564206C656E6774683D252B
:1021A00064203A200000000030782530327820008A
:1021B00023234461744F757420536C6F743D256400
:1021C00020205375623D2564206C656E6774683D00
:1021D0002564203A20000000307825303258200055
:1021E0006E6F20696F206461746120617661696C33
:1021F00061626C6520696E20616E7920616374692B
:10220000766520494F43520A000000006E65772032
:10221000494F20636F6E74726F6C6C657220696ECB
:1022200070757420636F6E73756D65722073746161
:10223000747573202849435329203D203078257830
:1022400020696E20736C6F742025642C2073756276
:10225000736C6F742025640A000000006E6577209F
:10226000494F20636F6E74726F6C6C6572206F756E
:10227000747075742070726F7669646572207374FF
:102280006174757320284F505329203D20307825E4
:102290007820696E20736C6F742025642C20737510
:1022A00062736C6F742025640A0000002323434F7F
:1022B0004E4E4543545F494E442041523D256420D3
:1022C000415220747970653D25642073656E6463A6
:1022D0006C6F636B3D25642C207265647563746953
:1022E0006F6E5F726174696F5F696E3D25642C204B
:1022F000726564756374696F6E5F726174696F5F34
:102300006F75743D25642C2073657373696F6E4B14
:1023100065793D25642C20686F737449503D2530E4
:1023200033642E253033642E253033642E2530332C
:10233000640A000023234F574E4552534849505FCB
:10234000494E44204152203D202564206E756D6227
:102350006572206F66207375626D6F64756C65734E
:10236000203D2025640A000020204170693D25643D
:1023700020536C6F743D2564205375623D256420A5
:102380004D6F6449443D25642053756249443D25A1
:1023900064204F776E536573734B65793D256420D8
:1023A000697357726F6E673D25640A00232350419D
:1023B00052414D20454E442020666F7220616C6C66
:1023C000207375626D6F64756C65732C2041724E5D
:1023D000756D3D25642C2053657373696F6E3D25C3
:1023E00064200A002323504152414D20454E442091
:1023F000666F72204170693D25642C20536C6F74A8
:102400003D25642C205375623D25642C2041724E7D
:10241000756D3D25642C2053657373696F6E3D2582
:1024200064200A0023234572726F7220494F2044B2
:102430006174612045786368616E676520696E200C
:10244000504E494F5F6362665F72656164795F6693
:102450006F725F696E7075745F7570646174655FCB
:10246000696E6428290A00002323524541445920FB
:10247000464F5220494E50555420555044415445E2
:1024800020445552494E472041525F5354415254C3
:1024900055502041526E756D3D25640A00000000C4
:1024A0002323524541445920464F5220494E50550E
:1024B000542055504441544520445552494E4720DC
:1024C000415220494E44415441202041526E756D85
:1024D0003D25640A000000002323415220494E2D6F
:1024E00044617461206576656E7420696E64696309
:1024F0006174696F6E2072656365697665642C200E
:1025000041724E756D203D202578682C20536573EF
:1025100073696F6E203D202578680A00232341529D
:10252000204F66666C696E6520696E6469636174CC
:10253000696F6E202C41724E756D203D20257868A4
:102540002C2053657373696F6E203D202578682CAD
:1025500020526561736F6E203D202578680A000067
:102560004173796E6368726F6E6F757320726571F7
:1025700075657374206E6F742073656E74202D20E2
:102580006E6F206578697374696E672041522E20E2
:10259000416C61726D747970653D2564204170698C
:1025A0003D256420536C6F743D2564205375627320
:1025B0006C6F743D25640A004173796E6368726FB5
:1025C0006E6F757320726571756573742041724EFC
:1025D000756D3D256420416C61726D747970653D47
:1025E0002564204170693D256420536C6F743D253E
:1025F0006420537562736C6F743D2564205374615D
:10260000747573203D2025780A00000055736572AB
:10261000207461672025780A0000000023235245BA
:1026200041442044656D6F2D5265636F7264202CA8
:10263000204170693D256420536C6F743D256420F2
:10264000537562736C6F743D2564204C656E3D2537
:10265000642C20536571755F6E723D25640A00001D
:102660004142434445464748000000002323524569
:10267000414420737461727475702D5265636F727A
:10268000642028686572653A2064656D6F20726504
:10269000636F72642069732072657475726E65640D
:1026A000292C204170693D256420536C6F743D25B1
:1026B0006420537562736C6F743D2564204C656EA5
:1026C0003D25642C20536571755F6E723D25640A4B
:1026D00000000000232352454144206950617220CC
:1026E0006578616D706C6520646174612C20417047
:1026F000693D256420536C6F743D256420537562D9
:10270000736C6F743D2564204C656E3D25642C20F0
:102710005265636F7264496E6465783D25640A0092
:102720002323524541445F5245432052512C2020DF
:10273000417069203D256420536C6F743D256420F1
:10274000537562736C6F743D256420496E646578BF
:102750003D307825782C204C656E3D25642C205327
:102760006571755F6E723D25640A00002323524532
:1027700041445F5245432052512C204170693D2510
:102780006420536C6F743D256420537562736C6FC5
:10279000743D256420496E6465783D307825782C39
:1027A000204C656E3D25642C20536571755F6E72FB
:1027B0003D25640A0000000023235245435F444145
:1027C0005441203D200000004572726F723A207023
:1027D000726F7669646564207265636F72642064E9
:1027E000617461202825642920696E646578203D24
:1027F00020256420203E2065787065637465642020
:102800006461746120282564290A00002323646F11
:10281000776E6C6F61642069506172206578616DBC
:10282000706C652C204170693D256420536C6F7479
:102830003D256420537562736C6F743D2564204C94
:10284000656E3D25642C205265636F7264496E6429
:1028500065783D25640A00002323575249544520DA
:1028600044656D6F2D5265636F7264202C2041703A
:10287000693D256420536C6F743D25642053756257
:10288000736C6F743D2564204C656E3D25642C206F
:10289000536571755F6E723D25640A00232357529C
:1028A00049544520737461727475702D5265636F5D
:1028B00072642066726F6D204753442066696C65B0
:1028C000202C204170693D256420536C6F743D2598
:1028D0006420537562736C6F743D2564204C656E83
:1028E0003D25642C20536571755F6E723D25640A29
:1028F00000000000232357524954455F52454320AE
:1029000052512C204170693D256420536C6F743DF9
:10291000256420537562736C6F743D256420496E85
:102920006465783D307825782C204C656E3D2564B3
:102930002C20536571755F6E723D25640A0000009E
:102940002323536176652072656D616E656E743AFE
:102950002053746174696F6E204E616D65203D2057
:10296000252E2A73202072656365697665642C20A4
:102970004C656E6774683D2564202052656D616EFC
:10298000656E74203D2025640A0000005374617454
:10299000696F6E204E616D65203D20252E2A7320C3
:1029A0002072656365697665642C204C656E67747A
:1029B000683D2564202052656D616E656E74203D12
:1029C0002025640A00000000232352656D616E65B6
:1029D0006E74206164647265737320776173207311
:1029E000746F726564200A0052656D616E656E7465
:1029F0002061646472657373207761732064656C11
:102A000065746564200A0000495020616464726541
:102A10007373203D20253033642E253033642E25FA
:102A20003033642E253033642C205375626E657408
:102A3000206D61736B203D20253033642E253033AB
:102A4000642E253033642E253033642C2044656693
:102A500061756C7420726F75746572203D2025302D
:102A600033642E253033642E253033642E253033E5
:102A7000640A000023234C454420426C696E6B209D
:102A800053544152542C20506F7274203D202564C1
:102A90002C206672657175656E6379203D20256412
:102AA00020487A200A00000023234C454420426C31
:102AB000696E6B2053544F502C20506F7274203D20
:102AC0002025640A000000004E65772041524653DD
:102AD000552055554944202D3E20706172616D6529
:102AE000746572697A6174696F6E206F66206465BF
:102AF0007669636520776173206368616E676564DA
:102B00000A0000002A2A44617461313233342052B1
:102B10006561645265636F72642A2A0023235245FB
:102B20004D41204441544120524553544F52452079
:102B3000746F74616C2042756673697A653D2564B3
:102B40000A000000232352454D41204441544120B6
:102B5000524553544F5245204552524F520A00009D
:102B6000232352454D4120534841444F57204D4562
:102B70004D2053544F524520746F74616C206D6525
:102B80006D73697A653D25640A00000069703270D2
:102B90006E0000007075626C696300007072697687
:102BA000617465003031323334353637383961621B
:102BB00063646566000000007472756500000000C3
:102BC00066616C73650000000000000000000000FA
:102BD0006C6C6470000000000180C200000E0000F8
:102BE000FFFFFFFFFFFF0000000000008100E0008A
:102BF00088E3000100000000000000000000000069
:102C000000000000000000000000000000000000C4
:102C100000000000000000000000000000000000B4
:102C200000000000000000000000000000000000A4
:102C30000000000000000000000000000000000094
:102C400000000000000000000000000001154E0020
:102C50000002000001154E0000010000010ECF002F
:102C60000500000003000100020000000000000059
:102C700012000000000000004B6109100700000076
:102C8000072300005B620910070000000723000013
:102C90004B61091008000000072300005B62091067
:102CA00008000000072300004B6109100900000024
:102CB000072300005B6209100900000007230000E1
:102CC00000000000120000000000000000000000F2
:102CD00012000000000000004B6109100900000014
:102CE000072300005B6209100900000007230000B1
:102CF00000000000120000000000000000000000C2
:102D000012000000000000004B61091007000000E5
:102D1000072300005B620910070000000723000082
:102D20000000000012000000000000000000000091
:102D300012000000000000004B61091007000000B5
:102D4000072300005B620910070000000723000052
:102D50004B61091008000000072300005B620910A6
:102D600008000000072300004B6109100900000063
:102D7000072300005B620910090000000723000020
:102D80000000000012000000000000000000000031
:102D900012000000000000004B6109100800000054
:102DA000072300005B6209100800000007230000F1
:102DB0000000000012000000000000000000000001
:102DC0001200000000000000AD6309100F000000B9
:102DD000012200004D6409100F00000001220000D4
:102DE0005D6009100100000004230000FB60091071
:102DF00001000000042300004B61091005000000E1
:102E0000072300005B620910050000000723000093
:102E10005D6009100000000004230000FB60091041
:102E200000000000042300004B61091004000000B2
:102E3000072300005B620910040000000723000064
:102E40008F6409101200000000000000E55B09100B
:102E5000120000000000000000000000120000004E
:102E60000000000000000000120000000000000050
:102E70005D6009100100000004230000FB600910E0
:102E800001000000042300004B6109100500000050
:102E9000072300005B620910050000000723000003
:102EA0005D6009100000000004230000FB600910B1
:102EB00000000000042300004B6109100400000022
:102EC000072300005B6209100400000007230000D4
:102ED000AD6309100E000000012200004D640910CE
:102EE0000E00000001220000E55B09101200000046
:102EF00000000000000000001200000000000000C0
:102F0000000000001200000000000000E55B091056
:102F1000120000000000000000000000120000008D
:102F2000000000000000000012000000000000008F
:102F3000AD6309100D000000012200004D6409106E
:102F40000D00000001220000176309100B000000B3
:102F500003220000796309100B0000000322000027
:102F6000AD6309100F000000012200004D6409103C
:102F70000F000000012200008B6509101200000004
:102F8000000000000000000012000000000000002F
:102F9000000000001200000000000000AD630910F6
:102FA0000F000000012200004D6409100F00000016
:102FB00001220000000000001200000000000000DC
:102FC000000000001200000000000000FD64091075
:102FD00012000000000000000000000012000000CD
:102FE00000000000000000001200000000000000CF
:102FF00045650910120000000000000000000000FC
:10300000120000000000000000000000120000009C
:10301000000000005F6509101200000000000000C1
:10302000000000001200000000000000000000008E
:1030300012000000000000004B61091005000000B4
:10304000072300005B620910050000000723000051
:103050004B61091004000000072300005B620910A7
:103060000400000007230000000000001200000020
:10307000000000000000000012000000000000003E
:103080005D6009100200000004230000FB600910CD
:1030900002000000042300004B610910060000003C
:1030A000072300005B6209100600000007230000F0
:1030B00000000000120000000000000000000000FE
:1030C00012000000000000005D6009100200000016
:1030D00004230000FB60091002000000042300002C
:1030E0004B61091006000000072300005B62091015
:1030F000060000000723000000000000120000008E
:1031000000000000000000001200000000000000AD
:103110004B61091006000000072300005B620910E4
:10312000060000000723000000000000120000005D
:10313000000000007CA00F1024A10F10C0A10F10F0
:10314000E4A10F1050A20F1080A20F10A4A20F1024
:10315000C8A20F1034A30F107CA30F10C4A30F102C
:10316000ECA20F102C9F0F10EC9F0F10BC9F0F10A4
:103170004CA00F108C9F0F100000000001154E0096
:1031800000020000FFFFFFFFFFFF00000000000043
:103190008100E00088E30001000000000000000062
:1031A000000000000000000000000000000000001F
:1031B000000000000000000000000000000000000F
:1031C00000000000000000000000000000000000FF
:1031D00000000000000000000000000000000000EF
:1031E00000000000000000000000000000000000DF
:1031F00064656661756C742D6D7270646F6D616964
:103200006E0000002BC8091004005500FF000000EC
:1032100093C8091005005500FF0000003FD10910B8
:1032200006005500FF00000003D309100A005500F6
:10323000FF000000276D091007005500FF00000087
:103240008DD90910080055003200000091DB0910EB
:1032500009005500FF000000AB300F100D005500B5
:10326000FF000000B12C0F100E00550032000000CE
:10327000932D0F100F005500FF000000000000000C
:10328000FF00FF00FF0000002A2A2A4273705F6ED1
:10329000765F646174615F73746F72653A20436F27
:1032A0006D706C65746564202A2A2A0A000000008B
:1032B0004F73466C61736850726F6772616D282539
:1032C0007329206572726F722025642C20707472CD
:1032D0003D307825782C204461744C656E3D256422
:1032E0003A200A0052454D415F534543544F520026
:1032F0004E7644617461203A2053657420446566BB
:1033000061756C742056616C7565730A000000006D
:103310004552524F523A20416E204572726F7220D0
:103320006F63637572656420696E204F73466C61CC
:103330007368496E697428292066756E6374696FB5
:103340006E2E0A20000000004552524F523A204192
:103350006E204572726F72206F63637572656420B0
:103360007768696C652072656164696E6720616C5D
:103370006C206E762D646174612066726F6D2074AE
:10338000686520666C617368202850617274697486
:10339000696F6E20312920696E204F73466C61730E
:1033A000685265616428292066756E6374696F6E62
:1033B0002E0A2000446174612066726F6D20666978
:1033C0007273742073656374696F6E20697320650E
:1033D0006D707479210A0000446174612066726F17
:1033E0006D2066697273742073656374696F6E20F3
:1033F000636F72727570746564210A00566572732A
:10340000696F6E203A202578202578200A00000078
:10341000436865636B73756D203A202578202578A5
:10342000200A00004552524F523A20416E20457208
:10343000726F72206F636375726564207768696C60
:10344000652072656164696E6720616C6C206E76C0
:103450002D646174612066726F6D207468652066EA
:103460006C6173682028506172746974696F6E2092
:10347000322920696E204F73466C61736852656112
:103480006428292066756E6374696F6E2E0A2000A9
:10349000446174612066726F6D207365636F6E6442
:1034A0002073656374696F6E20697320656D707435
:1034B000792C2066697273742074696D6520626F5F
:1034C0006F74210A00000000446174612066726F0D
:1034D0006D207365636F6E642073656374696F6ECE
:1034E00020636F727275707465642C2072657374DA
:1034F0006F72696E672064656661756C74210A007D
:103500005573696E6720646174612066726F6D2007
:103510007365636F6E642073656374696F6E210AEF
:1035200000000000526573746F72696E67206669EF
:103530007273742073656374696F6E210A000000F2
:103540005573696E6720646174612066726F6D20C7
:1035500066697273742073656374696F6E210A0003
:103560002A2A2A4273705F6E765F646174615F63BA
:103570006C6561722A2A2A0A000000002323524542
:1035800053455420616C6C206461746120746F2019
:1035900064656661756C742076616C7565730A008C
:1035A0002323524553455420636F6D6D756E6963D7
:1035B0006174696F6E20706172616D657465720A05
:1035C000000000002323524553455420504E494FDC
:1035D0005F5254465F5245535F465755500A0000AC
:1035E00023235245534554206170706C69636174A4
:1035F000696F6E20706172616D657465720A00009A
:103600002323524553455420656E67696E65657284
:10361000696E6720706172616D657465720A000081
:1036200020756E6B6E6F776E207375626F70746944
:103630006F6E206174205265736574546F466163C8
:10364000746F72792073657276696365205274664F
:103650004F7074696F6E3D2578200A002A2A2A422D
:1036600073705F696D5F646174615F73746F7265BD
:103670003A4E7644617461547970653D25782A2A02
:103680002A0A00004273705F6E765F646174615F46
:1036900073746F72653A504D656D203D204E554CE8
:1036A0004C0000006572726F72204E5620446174A7
:1036B000612077726974653A2077726F6E67206453
:1036C0006174612073697A650A0000002A2A2A421F
:1036D00073705F6E765F646174615F73746F72653F
:1036E0003A4E7644617461547970653D25782C209A
:1036F00053697A653D25642C20436865636B537577
:103700006D3A202578202A2A2A0A00002A2A2A42ED
:1037100073705F6E765F646174615F73746F7265FE
:103720003A4E7644617461547970653D2578206322
:103730006F6E7461696E656420696E204E56206DEF
:10374000656D6F7279202A2A2A0A00002A2A2A42E5
:1037500073705F696D5F646174615F726573746FCC
:1037600072653A4E7644617461547970653D25788E
:103770002A2A2A0A000000002A2A2A20646F6E657D
:10378000204273705F696D5F646174615F7265731D
:10379000746F726520202A2A2A0A00002A2A2A42E7
:1037A00073705F6E765F646174615F726573746F6E
:1037B00072653A4E7644617461547970653D25783E
:1037C0002A2A2A0A0000000074905010E90700001D
:1037D000FFFF0000000000000000000000000000EB
:1037E00000000000000000000000000000000000D9
:1037F000FFFF0000000000000000000000000000CB
:1038000000000000000000000000000000000000B8
:10381000FFFF0000000000000000000000000000AA
:103820000000000000000000000000000000000098
:10383000FFFF00000000000000000000000000008A
:103840000000000000000000000000000000000078
:10385000FFFF00000000000000000000000000006A
:103860000000000000000000000000000000000058
:10387000FFFF00000000000000000000000000004A
:103880000000000000000000000000000000000038
:10389000FFFF00000000000000000000000000002A
:1038A0000000000000000000000000000000000018
:1038B000FFFF00000000000000000000000000000A
:1038C00000000000000000000000000000000000F8
:1038D000FFFF0000000000000000000000000000EA
:1038E00000000000000000000000000000000000D8
:1038F000FFFF0000000000000000000000000000CA
:1039000000000000000000000000000000000000B7
:10391000506C73772052782054687265616400009F
:1039200000000000506C7377205478205468726552
:103930006164000000000000AAAAAAAACCCCCCCCEA
:10394000F0F0F0F000FF00FF0000FFFF536E6D701D
:1039500020536563757269747920436C61737320B9
:103960004461746120697320636F7272757074654D
:103970006420616E64206368616E67657320776997
:103980006C6C206E6F74206265206170706C69656C
:1039900064210A0052656E657361732C20525A4E81
:1039A000322D4445564B49542C20696E7465726E15
:1039B000616C2C205831000052656E657361732C68
:1039C00020525A4E322D4445564B49542C204574B2
:1039D0006865726E657420506F72742C20583120A7
:1039E0005031000052656E657361732C20525A4E3F
:1039F000322D4445564B49542C2045746865726EEF
:103A0000657420506F72742C2058312050320000A1
:103A1000506E696F5F506E70620000002323524544
:103A2000414420494D3020446174612C204170692B
:103A30003D256420536C6F743D256420537562737B
:103A40006C6F743D2564204C656E3D25640A000052
:103A500023235245414420494D3120446174612C57
:103A6000204170693D256420536C6F743D256420AE
:103A7000537562736C6F743D2564204C656E3D25F3
:103A8000640A000023235245414420494D3220441A
:103A90006174612C204170693D256420536C6F7402
:103AA0003D256420537562736C6F743D2564204C12
:103AB000656E3D25640A0000232352454144204998
:103AC0004D3320446174612C204170693D25642090
:103AD000536C6F743D256420537562736C6F743D35
:103AE0002564204C656E3D25640A00002323524561
:103AF000414420494D3420446174612C2041706957
:103B00003D256420536C6F743D25642053756273AA
:103B10006C6F743D2564204C656E3D25640A000081
:103B20002323575249544520494D30204461746144
:103B30002C204170693D256420536C6F743D2564D1
:103B400020537562736C6F743D2564204C656E3D27
:103B500025640A002323575249544520494D3120FA
:103B6000446174612C204170693D256420536C6F61
:103B7000743D256420537562736C6F743D25642019
:103B80004C656E3D25640A0023234552524F522056
:103B9000575249544520494D3120446174612C20CD
:103BA0004170693D256420536C6F743D256420533A
:103BB0007562736C6F743D2564204C656E3D2564A1
:103BC0000A0000002323575249544520494D322012
:103BD000446174612C204170693D256420536C6FF1
:103BE000743D256420537562736C6F743D256420A9
:103BF0004C656E3D25640A0023234552524F5220E6
:103C0000575249544520494D3220446174612C205B
:103C10004170693D256420536C6F743D25642053C9
:103C20007562736C6F743D2564204C656E3D256430
:103C30000A0000002323575249544520494D3320A0
:103C4000446174612C204170693D256420536C6F80
:103C5000743D256420537562736C6F743D25642038
:103C60004C656E3D25640A00232357524954452074
:103C7000494D3320446174612C204170693D2564B5
:103C800020536C6F743D256420537562736C6F74A0
:103C90003D2564204461744C656E3D25640A000036
:103CA00023234552524F5220575249544520494DE3
:103CB0003320446174612C204170693D2564205398
:103CC0006C6F743D256420537562736C6F743D2571
:103CD00064204C656E3D25640A0000002323575282
:103CE00049544520494D3420446174612C20417071
:103CF000693D256420536C6F743D256420537562C3
:103D0000736C6F743D2564204C656E3D25640A001C
:103D100023234552524F5220575249544520494D72
:103D20003420446174612C204170693D2564205326
:103D30006C6F743D256420537562736C6F743D2500
:103D400064204C656E3D25640A000000252D323547
:103D50002E32357320252D32302E3230732025350A
:103D600075202563253375253375253375000000CF
:103D7000232352454D412044415441205245535440
:103D80004F524520746F74616C2042756673697A76
:103D9000653D25640A0000004572726F7220696EED
:103DA000205461736B5F506E70625F506F73742844
:103DB000290A0000506E696F5F506E7062506F7319
:103DC000740000006465766963652069732073740C
:103DD0006F707065642E2E2E0A000000504E206415
:103DE000657669636520646561637469766174658D
:103DF000640A00004E756D4F66506C7567676564A8
:103E00005375623A2025642C2041526F74686572A4
:103E10003A2025642C204E756D4F66507265766988
:103E20006F75736C79506C75676765645375623A2A
:103E30002025640A00000000415246535520646169
:103E400074612061646A757374207265636F726453
:103E50002C2062757420756E6B6E6F776E204653E2
:103E600020626C6F636B20747970650A000000003B
:103E7000415246535520646174612061646A7573D0
:103E800074207265636F72642C2062757420756E85
:103E90006B6E6F776E20626C6F636B2074797065E8
:103EA0000A000000232344454C45544520494D3128
:103EB00020446174612C20536C6F743D2564205341
:103EC0007562736C6F743D2564204C656E3D25648E
:103ED0000A000000232344454C45544520494D32F7
:103EE00020446174612C20536C6F743D2564205311
:103EF0007562736C6F743D2564204C656E3D25645E
:103F00000A000000232344454C45544520494D33C5
:103F100020446174612C20536C6F743D25642053E0
:103F20007562736C6F743D2564204C656E3D25642D
:103F30000A000000232344454C45544520494D3494
:103F400020446174612C20536C6F743D25642053B0
:103F50007562736C6F743D2564204C656E3D2564FD
:103F60000A00000052534B2D525A4E3200000000FE
:103F700052534B2D525A4E322D504E494F2D5858B8
:103F80005858000031323334353637383930202034
:103F900020202000537562506C7567526573706FF6
:103FA0006E736528256429203D204F4B0A000000D0
:103FB000537562506C7567526573706F6E736528C8
:103FC000256429203D204552524F520A000000002E
:103FD000252D323573000000252D3230730000008E
:103FE000252D313673000000256320202564202014
:103FF000256420202564000052534B20525A4E3233
:1040000020626173656420504E494F206465766973
:104010006365000052656E657361732C20525A4EC1
:10402000322D4445564B49542C2045746865726EB8
:10403000657420506F72742C20583120503100006C
:1040400052656E657361732C20525A4E322D444571
:10405000564B49542C2045746865726E6574205027
:104060006F72742C20583120503200006572726FCC
:104070007220696E2050524F46494E455420494F98
:10408000205365747570200A00000000506E696F3F
:104090005F4379636C65494F00000000746F2066D0
:1040A000696E697368206173796E63207265636FEE
:1040B00072642072642F77722C2070726573732083
:1040C00027332720666F72204F4B206F72202734D2
:1040D0002720666F72204552524F520A000000009E
:1040E000280000004672656552544F534D65737346
:1040F0006167655175657565000000005146425263
:104100002D35393738415A00414642522D3539450F
:104110003441505A00000000514642522D35373587
:104120003141505A0000000046544C462D31333284
:104130003346320065030C1031040C1063040C107C
:10414000AB040C107F530C1057090C10890B0C108A
:104150002B100C10990C0C1001120C10230D0C10CC
:10416000BB0F0C100C0000000E0400000F06000036
:104170000F0701000E0800000A0A01010F0C0000E1
:104180000F0D0001DF1C0C10D31E0C10D31F0C10E0
:1041900079200C10010ECF0000000000010ECF00AE
:1041A00000010000010ECF0001010000010ECF0050
:1041B00001020000010ECF0002000000010ECF003E
:1041C00004000000010ECF0004200000010ECF000B
:1041D00004400000010ECF00048000000180C200F6
:1041E000000E0000010ECF000500000001154E007A
:1041F0000001000001154E000002000001005E40B9
:10420000F800000001005E40F900000001005E407F
:10421000FA00000001005E40FB00000053544152D0
:104220005420424C494E4B204C4544200A0000008B
:1042300053544F5020424C494E4B204C4544200A89
:10424000000000004F535F41535345525428293A10
:1042500020466174616C204572726F722046696CF1
:10426000652025732C204C696E652025640A0000AA
:10427000433A5C55736572735C4D7950435C446599
:10428000736B746F705C52656E657361735F5052CF
:104290004F46494E45545F4952545F4445564B4939
:1042A000545F56322E302E305C706E32305F6C6F41
:1042B000616465725F6170705F30783230305F6F5B
:1042C00066666573745C70726F66696E65745F7341
:1042D000646B5C7372635C706E735C72746F735C3E
:1042E00072746F735F6F732E630000004572726F9C
:1042F0007220696E204F73526561644D65737361FE
:104300006765426C6F636B65643A20696E76616CB9
:104310006964205461736B204964282900000000FF
:10432000506E696F4D757465782020005072696E0B
:10433000745253323332506F73745461736B000094
:104340004552524F523A20496E7075742073657110
:1043500075656E636520746F6F206C6F6E670A0001
:104360004F535F41535345525428293A20466174B4
:10437000616C204572726F722046696C65202573EE
:104380002C204C696E652025640A0000433A5C5578
:10439000736572735C4D7950435C4465736B746FE5
:1043A000705C52656E657361735F50524F46494E43
:1043B00045545F4952545F4445564B49545F563209
:1043C0002E302E305C706E32305F6C6F61646572BF
:1043D0005F6170705F30783230305F6F6666657332
:1043E000745C70726F66696E65745F73646B5C7326
:1043F00072635C706E735C72746F735C72746F73F3
:104400005F6F735F322E630054696D657200000048
:104410004552524F523A205072696E7452533233A1
:1044200032506F73745461736B282920704D736719
:104430003D300A004552524F523A205072696E7414
:104440005253323332506F73745461736B28292086
:104450005072696E74506F737451756575655369E8
:104460007A6520556E646572666C6F772E0A00005F
:104470000A5741524E494E473A204F735072696E67
:10448000742829205175657565204C696D69742003
:1044900052656163686564203D3E20436F6E736FB3
:1044A0006C65205072696E742044495341424C45FA
:1044B000442E200A0A0000005741524E494E473A06
:1044C000204F735072696E742829206D6573736173
:1044D000676520746F206C6F6E67202825642062EA
:1044E0007974657329200A004552524F523A204F81
:1044F000735072696E742829204D656D6F72792032
:10450000416C6C6F636174696F6E206F6620256407
:10451000204279746573204661696C6564200A00E5
:10452000000000000000000000000000000000008B
:104530000000000000000000446174612066726F9A
:104540006D2066697273742073656374696F6E2081
:10455000636F72727570746564210A00506E696FC2
:104560005F4E764461746100666C6173685F696E6A
:1045700069743A20537461747573203D2030782536
:10458000782C2054797065203D20307825780A00F9
:104590005374617274205461736B0000000000005A
:1045A0004D61696E4170706C000000005B48656190
:1045B000705D2046726565203A2025752062797409
:1045C00065732C204D696E20657665722066726574
:1045D000653A2025752062797465730A0000000031
:1045E000736E6D7078000000000000000000000095
:1045F000736F636B00000000FFFF0000000000000D
:1046000000000000000000000000000000000000AA
:104610000000000000000000FFFF0000000000009C
:10462000000000000000000000000000000000008A
:104630000000000000000000FFFF0000000000007C
:10464000000000000000000000000000000000006A
:10465000000000000000000000000000000C00004E
:1046600000000000000C000000000000000C000032
:1046700000000000000C000000000000000C000022
:1046800000000000000C000000000000000C000012
:1046900000000000000C000000000000000C000002
:1046A00000000000000C000000000000000C0000F2
:1046B00000000000000C000000000000000C0000E2
:1046C00000000000000C000000000000000C0000D2
:1046D00000000000000C000000000000000C0000C2
:1046E00000000000000C000000000000000C0000B2
:1046F00000000000000C000000000000000C0000A2
:1047000000000000000C000000000000000C000091
:1047100000000000000C000000000000000000008D
:104720000000000000000000000000000000000089
:104730000000000000000000000000000000000079
:104740000000000000000000000000000000000069
:104750000000000000000000000000000000000059
:104760000000000000000000000000000000000049
:104770000000000000000000000000000000000039
:104780000000000000000000000000000000000029
:10479000000000000000000000000000000C00000D
:1047A00000000000000C000000000000000C0000F1
:1047B00000000000000C000000000000000C0000E1
:1047C00000000000000C000000000000000C0000D1
:1047D00000000000000C00000000000000000000CD
:1047E00000000000000000000000000000000000C9
:1047F00000000000000000000000000000000000B9
:1048000000000000000000000000000000000000A8
:104810000000000000000000000000000000000098
:104820000000000000000000000000000000000088
:104830000000000000000000000000000000000078
:104840000000000000000000000000000000000068
:10485000000000000000000049444C45000000003A
:104860007463697000000000FFFFFFFFFFFF00009E
:1048700000000000000000000A2D2D2D2D2D2D2DF3
:104880002D2D2D2D2D2D2D2D2D2D2D2D2D2D2D2D58
:104890002D2D2D2D2D2D2D2D2D2D2D2D2D2D2D2D48
:1048A0002D2D2D2D2D2D2D2D2D2D2D0A000000000F
:1048B00054435020696E7465726661636520696E49
:1048C0006974202E2E2E20004552524F52206361D3
:1048D0006E6E6F742063726561746520736F636BB5
:1048E00065740A0054435020696E74657266616392
:1048F000652077616974206F6E20636F6E6E6563EB
:1049000074696F6E202E2E2E200000004552524FEB
:104910005220647572696E672054435020636F6E35
:104920006E6563740A0000004E4F4B0A4552524FA9
:10493000522054435020636F6E6E656374696F6ECE
:104940002074696D656F75740A0000004F4B2C2050
:1049500065737461626C69736865640A00000000C5
:1049600052656365697665206669726D7761726507
:1049700020696D61676520686561646572202E2E0F
:104980002E2000004552524F5220696D616765200C
:1049900073697A65203D2025640A0000496D6167CE
:1049A000652073697A65203D2025640A00000000B7
:1049B000416C6C6F63617465206D656D6F727920F9
:1049C0002E2E2E20000000004552524F52204F73D1
:1049D000416C6C6F630A0000646F6E650A00000032
:1049E00052656365697665206669726D7761726587
:1049F00020696D61676520646174610A00000000D0
:104A00000A2066696E69736865642C2025642062DB
:104A1000797465732072656365697665640A000060
:104A20004552524F523A2057726F6E672043686565
:104A3000636B73756D203D203078257820283078A1
:104A40002578290A00000000436865636B73756D63
:104A5000203D2030782578204F4B0A000A21212163
:104A600020444F204E4F5420535749544348205020
:104A70004F574552204F4646202121210A00000071
:104A80000A455241534520262050524F4752414D2E
:104A900020464C4153483A0A000000000A45525251
:104AA0004F52206174206669726D7761726520666D
:104AB0006C617368696E670A000000000A4F4B2C36
:104AC00020466C617368696E67206669726D7761F4
:104AD00072652066696E69736865640A000000008B
:104AE0000A4552524F522073656E64696E672066A4
:104AF00069726D7761726520757064617465207389
:104B00007461747573210A002D2D2D2D2D2D2D2DE1
:104B10002D2D2D2D2D2D2D2D2D2D2D2D2D2D2D2DC5
:104B20002D2D2D2D2D2D2D2D2D2D2D2D2D2D2D2DB5
:104B30002D2D2D2D2D2D2D0A000000003D3E205243
:104B40004553455420796F75722073797374656D80
:104B50002C20746F207374617274206E65772066E8
:104B600069726D77617265202E2E2E0A000000009A
:104B7000736F636B65742829206661696C65640ACC
:104B80000000000062696E642829206661696C6516
:104B9000640A00006C697374656E28292066616977
:104BA0006C65640A00000000FFFFFFFFFFFFFFFFCE
:104BB000FFFFFFFFFFFFFFFF546D7220537663007E
:104BC000546D725100000000745F415050000000AD
:104BD000745F524254000000745F5053490000005B
:104BE000745F4C4400000000745F48440000000003
:104BF000745F4F5247000000745F504F4600000042
:104C0000745F454444500000745F504E4F000000F4
:104C1000745F535450000000745F49444C0000001E
:104C20004552524F523A20414D52206461746120E6
:104C30006973206E6F7420696E697469616C697A3A
:104C40006564203D3E207A65726F204C656E2021A0
:104C50000A00000001000100010001000200010043
:104C6000020001004552524F523A20414D524461D8
:104C700074615F437265617465414D524F626A654C
:104C800063742829203D3E2072657475726E6564D8
:104C900020656D70747920626C6F636B20210A004F
:104CA0004552524F523A20414D525F4372656174F2
:104CB0006541737365744D616E6167656D656E7492
:104CC0004F626A6563742829203D3E207A65726FC1
:104CD000204C656E20210A004552524F5220282058
:104CE000414D522029203A204E6F7420656E6F7519
:104CF0006768206D656D6F727920666F72206372D0
:104D0000656174696F6E206F6620617373657420CE
:104D10006D616E6167656D656E7420646174610AB2
:104D2000000000004552524F52202820414D522091
:104D300029203A207A65726F2076616C756520664D
:104D40006F722055554944206973207265736572EE
:104D5000766564200A0000004552524F523A2028DE
:104D6000414D5229202D204E554C4C206F757470AA
:104D70007574206173736574206D616E6167656D14
:104D8000656E7420626C6F636B20666F7220414D9C
:104D9000204C6F636174696F6E200A004552524F58
:104DA000523A2028414D5229202D204E554C4C205E
:104DB000696E707574206461746120666F72204141
:104DC0004D204C6F636174696F6E0A004552524FFB
:104DD000523A2028414D5229202D2077726F6E675C
:104DE0002074797065206F6620414D204C6F63619F
:104DF00074696F6E200A00004552524F523A2028C3
:104E0000414D5229202D206D6178206E756D6265AF
:104E100072206F66206E6F64657320697320313273
:104E2000200A00004552524F523A2028414D522943
:104E3000202D20426567696E536C6F744E756D62EC
:104E4000657220426567696E537562736C6F744E4C
:104E5000756D62657220456E64536C6F744E756D2E
:104E600062657220456E64537562736C6F744E7523
:104E70006D626572206D7573742062652073656E56
:104E800074202D3E2034200A000000004552524F6D
:104E9000523A2028414D5229202D206173736574A8
:104EA000206D616E6167656D656E7420626C6F6305
:104EB0006B206973204E554C4C200A004552524FCE
:104EC000523A2028414D5229202D206461746120DE
:104ED0006973204E554C4C200A0000004552524F39
:104EE000523A2028414D5229202D206C656E67745E
:104EF000682068617320746F2062652073686F7228
:104F0000746572207468656E20363442200A000091
:104F10004552524F523A2028414D5229202D2063AC
:104F20006861726163746572206973206E6F7420AA
:104F300076697369626C6520737472696E67200AA2
:104F4000000000004552524F523A2028414D52294C
:104F5000202D206C656E6774682068617320746F03
:104F60002062652073686F72746572207468656E64
:104F700020313642200A00004552524F523A202832
:104F8000414D5229202D2077726F6E67206465761F
:104F900069636520737562204944200A000000009F
:104FA0004552524F523A2028414D5229202D207708
:104FB000726F6E67206F7267616E697A6174696F74
:104FC0006E204944200A00004552524F523A202890
:104FD000414D5229202D20414D5479706549646519
:104FE0006E74696669636174696F6E20696E2072A0
:104FF000657365727665642072616E6765200A006C
:105000004552524F523A2028414D5229202D2077A7
:10501000726F6E672074797065206F6620417373BC
:105020006574204D616E6167656D656E74204461C5
:105030007461200A000000004552524F523A202865
:10504000414D5229202D2053572070726566697892
:105050002069732077726F6E67200A00496E73654E
:105060007274204465736372697074696F6E20682E
:10507000657265007878782D797979792D7A7A7AE0
:105080007A00000031323334353637383930313236
:10509000000000000A0A434F4D4D414E44204C4948
:1050A00053542020202000000A434F4E54524F4CAE
:1050B0003A0A000027612720202020202073656EF7
:1050C000642070726F6365737320616C61726D2010
:1050D0006F6E20736C6F74312C20737562736C6FFC
:1050E00074310A0027682720202020202073656E55
:1050F000642073746174757320616C61726D206FCC
:105100006E20736C6F74312C20737562736C6F74C6
:10511000310A00002742202F206227202073656E6D
:1051200064206368616E6E656C20646961672D61DF
:105130006C61726D20276C696E6520627265616BAF
:1051400027206170706561722F6469736170702EC1
:10515000206F6E20736C6F74312C20737562736CCA
:105160002E310A002743202F206327202073656EED
:10517000642067656E6572696320646961672D618B
:105180006C61726D20206170706561722F6469734B
:105190006170702E206F6E20736C6F74302C2073D2
:1051A0007562736C2E310A002745202F2065272059
:1051B0002073656E6420657874656E646564206331
:1051C00068616E6E656C20646961672D616C6172E7
:1051D0006D206170706561722F6469736170702EEB
:1051E000206F6E20736C6F74322C20737562736C39
:1051F0002E310A002751202F2071272020696E634D
:1052000072656D656E742F64656372656D656E742D
:1052100020696E70757420646174612076616C75AC
:1052200065730A00276627202020202020646F77DE
:105230006E6C6F6164206669726D7761726520764D
:1052400069612054435020616E642073746F7265ED
:1052500020696E746F20666C6173680A000000003C
:1052600027472720202020202073656E642075703A
:105270006C6F616420616C61726D20286261636B88
:1052800075702920746F20697061722D7365727654
:105290006572200A000000002767272020202020B8
:1052A0002073656E642072657472696576616C2026
:1052B000616C61726D2028726573746F726529204C
:1052C000746F20697061722D73657276657220202B
:1052D0000A00000027482720202020202070726923
:1052E0006E7420706C7567676564207375626D6F8E
:1052F00064756C6573200A00276A2720202020200F
:10530000207072696E74206379636C696320696FC1
:105310002064617461200A00276E2720202020204D
:105320002073657420646576696365206E616D65C0
:1053300020616E642073746F726520696E20666CE4
:10534000617368200A000000274E272020202020BB
:1053500020736574204D41432061646472657373EA
:1053600020616E642073746F726520696E20666CB4
:10537000617368200A000000276F2720202020206A
:1053800020736574204950206164647265737320D2
:10539000616E642073746F726520696E746F20662D
:1053A0006C617368200A00002750272020202020ED
:1053B00020656E61626C652075736572207072691C
:1053C0006E7466206F7574707574206F6E207365CF
:1053D0007269616C20636F6E736F6C650A00000008
:1053E00027702720202020202064697361626C656B
:1053F0002075736572207072696E7466206F7574A3
:105400007075740A000000002753272020202020F8
:1054100020706C75672061207375626D6F64756CA8
:10542000650A000027732720202020202070756C3B
:105430006C2061207375626D6F64756C650A000085
:105440002756272020202020207374617274206347
:105450006C69656E742F7365727665722061707009
:105460006C69636174696F6E207769746820457434
:105470006865726E657420636F6D6D756E696361CA
:1054800074696F6E200A00002776272020202020D4
:105490002073746F7020636C69656E742F7365720E
:1054A000766572206170706C69636174696F6E20DB
:1054B000776974682045746865726E657420636FDF
:1054C0006D6D756E69636174696F6E200A0000000E
:1054D000275827202020202020616374697661747A
:1054E00065206379636C6520696F207570646174F1
:1054F000652077697468206170706C696361746994
:105500006F6E200A0000000027782720202020202E
:105510002064656163746976617465206379636C86
:105520006520696F2075706461746520776974689F
:10553000206170706C69636174696F6E200A00008D
:10554000276427202020202020706572666F726DEE
:105550002073746F70206F6620504E2064657669EA
:105560006365200A00000000274427202020202017
:1055700020706572666F726D207374617274206F33
:105580006620504E20646576696365200A0000003D
:10559000273027202020202020506572666F726DF2
:1055A0002053797374656D205265626F6F740A00C1
:1055B00052534B2D525A4E3200000000535953544F
:1055C000454D20535441525455502046494E49535D
:1055D0004845442C204F4B0A00000000232345522D
:1055E000524F522041542053595354454D20535447
:1055F00041525455500A00004572726F722025784E
:10560000206F6363757265640A00000053656E6401
:105610002075706C6F616420616C61726D20666FC3
:1056200072206D6F64756C6520312E2E2E0A00007D
:1056300053656E642072657472696576616C206171
:105640006C61726D20666F72206D6F64756C652081
:10565000312E2E2E0A000000696E6372656D656E34
:105660007420696E70757420646174612076616C59
:105670007565730A0000000064656372656D656E90
:105680007420696E70757420646174612076616C39
:105690007565730A00000000504E206465766963EA
:1056A0006520697320616C7265616479207374612F
:1056B000727465642E2E0A00504E2064657669630C
:1056C000652077696C6C2062652073746172746503
:1056D000642E2E0A00000000504E20646576696337
:1056E0006520697320616C72656164792073746FE1
:1056F000707065642E2E0A00504E206465766963D2
:10570000652077696C6C2062652073746F706564C6
:105710002E2E0A00696E707574206D6163206164BD
:1057200064726573730A0000696E70757420646535
:1057300076696365206E616D650A0000696E70753B
:105740007420697020616464726573730A000000DC
:10575000656E61626C652073657269616C20636F50
:105760006E736F6C65206F75747075740A0000003D
:105770005365742073657269616C2020636F6E736A
:105780006F6C65206F75747075740A00646973615D
:10579000626C6520636F6E736F6C65206F757470DB
:1057A00075740A0061637469766174652043796376
:1057B0006C6520494F20646174612065786368617D
:1057C0006E67650A00000000646561637469766154
:1057D0007465204379636C6520494F20646174616E
:1057E0002065786368616E67650A00004F735265D3
:1057F000626F6F7420696E2032207365632E2E2EC7
:105800002E0A0000436F6E736F6C652050726F74C8
:10581000656374696F6E2025730A00006B657920DB
:105820003078257820707265737365642C207072EF
:10583000657373206B657920273F2720746F20677D
:105840006574206D6F726520696E666F0A000000D6
:105850004572726F72203078257820617420504E26
:10586000494F5F696E6974696174655F64617461F1
:105870005F7265616428290A000000004572726F3A
:1058800072203078257820617420504E494F5F692E
:105890006E6974696174655F646174615F77726970
:1058A000746528290A000000446961676E6F73748B
:1058B000696320416C61726D2064756D6D7920643F
:1058C0006174610052657175657374206E6F742028
:1058D00073756363657366756C6C2C207265737089
:1058E0006F6E64696E672077697468206572726F85
:1058F0007220636F646520307825780A000000000C
:1059000050524F4649656E6572677920636F6D6DC1
:10591000616E642053544152545F50415553452C9D
:105920002074696D65203D2025646D7365632020BA
:1059300072656365697665640A00000050524F46DF
:1059400049656E6572677920636F6D6D616E642065
:10595000454E445F504155534520726563656976F5
:1059600065640A0050524F4649656E65726779203A
:10597000636F6D6D616E642051554552595F4D4F97
:105980004445532072656365697665640A000000CA
:1059900050524F4649656E6572677920636F6D6D31
:1059A000616E64204745545F4D4F444520726563E6
:1059B00065697665640A000050524F4649656E6518
:1059C00072677920636F6D6D616E642050454D2064
:1059D0005354415455532072656365697665640A72
:1059E0000000000050524F4649656E65726779208D
:1059F000636F6D6D616E64204944454E544946594C
:105A00002072656365697665640A000050524F46EE
:105A100049656E6572677920476574204D656173CD
:105A20007572656D656E742076616C756573207234
:105A3000656365697665640A0000000050524F4650
:105A400049656E6572677920476574204D6561739D
:105A50007572656D656E74206C6973742072656310
:105A600065697665640A000050524F4649656E6567
:105A700072677920476574204D6561737572656D35
:105A8000656E742076616C75657320776974682023
:105A90006F626A6563746E756D62657220726563AC
:105AA00065697665640A000050524F4649656E6527
:105AB00072677920476574204D6561737572656DF5
:105AC000656E74206C6973742077697468206F62E6
:105AD0006A656374206E756D6265722072656365B8
:105AE000697665640A00000050524F4649656E654C
:105AF0007267792050454D20537461747573207717
:105B0000697468204354544F2072656365697665F3
:105B1000640A000050524F4649656E6572677920ED
:105B2000537461727420506175736520776974686D
:105B30002074696D6520726573706F6E73650A00FD
:105B400050524F4649656E6572677920517565728E
:105B5000792056657273696F6E20726573706F6E0F
:105B600073650A0050524F4649656E657267792029
:105B700051756572792041747472696275746573C8
:105B800020726573706F6E73650A0000504E494F46
:105B900044204445564B4954206170706C2E2D654D
:105BA00078616D706C65206E6F2E25642C202563E6
:105BB0002025642E25642E25642E25642C20257333
:105BC000202D2025730A00004A756C2032322032C5
:105BD0003032360031383A35393A33380000000077
:105BE0004441502025642C20506C6174666F726DA6
:105BF000203078253034780A000000004375727236
:105C0000656E742045746865726E657420616464A5
:105C1000726573732069733A20253032783A2530E3
:105C200032783A253032783A253032783A25303297
:105C3000783A253032780A004D6F646966792061C0
:105C40006C6C20362062797465732028626F6172F3
:105C50006420756E6971756520706F7274696F6EFE
:105C600029206F662045746865726E6574204164F2
:105C700064726573730A0000546865206669727304
:105C800074203320627974657320617265206D61C0
:105C90006E756661637475726572277320646566DC
:105CA00061756C74206164647265737320626C6FDB
:105CB000636B0A0025303278202D200073746F72D8
:105CC00065206E65772045746865726E6574206125
:105CD0006464726573732020253032783A2530323F
:105CE000783A253032783A253032783A2530327891
:105CF0003A253032780A00004D6163206164647295
:105D000065737320776173206E6F742073746F7284
:105D10006564202D2077726F6E67204D41432061AE
:105D2000646472657373206F722073616D65204DBA
:105D300041432061646472657373200A00000000AF
:105D40002A2D2D2D2D2D2D2D2D2D2D2D2D2D2D2D86
:105D50002D2D2D2D2D2D2D2D2D2D2D2D2D2D2D2D73
:105D60002D2D2D2D2D2D2D2D2D2D2D2D2D2D2D2D63
:105D70002D2D2D2D2D2D2D2D2D2D2D2D2A0A0000D3
:105D80002A20746F20616374697661746520746879
:105D900065206E6577206D61632061646472657350
:105DA000732C20706572666F726D20612073797339
:105DB00074656D2072657374617274202A0A000024
:105DC00043757272656E7420495020616464726517
:105DD00073733A20253033642E253033642E2530FA
:105DE00033642E253033640A000000004D61736B6C
:105DF0003A20202020202020202020202020202089
:105E0000253033642E253033642E253033642E251F
:105E10003033640A0000000044656661756C7420CC
:105E2000676174657761793A2020202025303364DA
:105E30002E253033642E253033642E253033640A0A
:105E4000000000004D6F6469667920342062797427
:105E50006573206F662049502061646472657373B6
:105E60002C206465636164696320696E7075740ACF
:105E70000000000025303364202D2000496E70752D
:105E80007465642076616C756520746F6F2062693B
:105E9000672C207472756E636174656420746F2062
:105EA000756E7369676E656420386269742F6E0061
:105EB0004D6F646966792034206279746573206F50
:105EC00066204950206D61736B2C206465636164AA
:105ED000696320696E7075740A0000004D6F646913
:105EE00066792034206279746573206F662064655A
:105EF0006661756C7420676174657761792C2064C4
:105F000065636164696320696E7075740A000000DE
:105F10004368616E6765206F662049502069732071
:105F2000666F7262696464656E20666F7220646574
:105F30007669636520776974682061637469766542
:105F40002041520A000000004E65772069702073DE
:105F5000756974652069732073616D6520617320B4
:105F60006F6C64206F6E65202D206E6F206E6565EE
:105F70006420746F207361766520697420616761A5
:105F8000696E0A00496E76616C696420495020612F
:105F90006464726573732C2070726F626C656D201F
:105FA000233078253032780A00000000506C756785
:105FB000676564205375626D6F64756C6573206FDF
:105FC0006E20646576696365200A000025303264BE
:105FD00020536C6F743D25303264205375623D252B
:105FE000303478204D6F6449443D25303278200AA2
:105FF000000000002000000021000000220000003E
:1060000029000000300000003100000050000000B6
:106010005100000052000000530000002D0000005D
:106020002E0000002F0000002D2D506C7567206F92
:1060300066206E6577207375626D6F64756C652D73
:106040002D0A4C697374206F6620617661696C61FA
:10605000626C65204D6F644944733A200000000073
:1060600030782530327820000A4C697374206F66CE
:1060700020617661696C61626C6520537562494488
:10608000733A20000A5069636B204D6F6449443AAB
:106090002030780057726F6E67204D6F644964211D
:1060A0000A0000005069636B2053756249443A202E
:1060B0003078000057726F6E672053756249642113
:1060C0000A0000005069636B20736C6F743A200003
:1060D0005069636B20737562736C6F743A200000B3
:1060E000547279696E6720746F20706C75672074C4
:1060F0006F20696E76616C696420736C6F74206FB9
:106100007220746F20736C6F7420776869636820E5
:10611000646F6573206E6F7420737570706F727426
:1061200020706C75670A000053656C6563742069A4
:106130006E7075742064617461206C656E6774683C
:106140002028302D31343430293A200054727969B6
:106150006E6720746F20706C7567206D6F64756C4E
:1061600065207769746820696E76616C6964206463
:10617000617461206C656E6774680A0053656C65B4
:106180006374206F75747075742064617461206C21
:10619000656E6774682028302D31343430293A20F8
:1061A00000000000506C756720646F6E650A000087
:1061B000536C6F7420697320616C7265616479201F
:1061C0006F6363757069656420616E64206E6F2013
:1061D000706C75672077617320646F6E65210A00AB
:1061E0002D2D50756C6C206F66206578697374690D
:1061F0006E67207375626D6F64756C652D2D0A0076
:10620000547279696E6720746F2070756C6C2069A8
:106210006E76616C6964206D6F64756C65206F7259
:10622000206D6F64756C6520776869636820646FA2
:106230006573206E6F7420737570706F7274207048
:10624000756C6C0A000000004572726F7220257830
:10625000206F6363757265640A00000070756C6C72
:1062600020646F6E650A00000A43757272656E7471
:1062700020646576696365206E616D653A202573DB
:106280000A000000536574206E65772064657669A6
:106290006365206E616D652C206D6178206C656E84
:1062A000677468203234302C206C6F6E6765722002
:1062B0006E616D652077696C6C2062652072656A1D
:1062C00065637465640A00004E65772064657669CD
:1062D0006365206E616D653A200000004368616E61
:1062E0006765206F6620646576696365206E616D01
:1062F0006520697320666F7262696464656E2066EA
:106300006F722064657669636520776974682061BF
:1063100063746976652041520A0000004E6577205B
:10632000646576696365206E616D652069732073AD
:10633000616D65206173206F6C64206F6E65202D28
:10634000206E6F206E65656420746F2073617665C2
:1063500020697420616761696E0A0000496E766188
:106360006C696420646576696365206E616D652C77
:106370002070726F626C656D202330782530327822
:106380000A00000000000000000000000000000003
:1063900000000000000000000000000000000000FD
:1063A00000000000000000000000000000000000ED
:1063B00000000000000000000000000000000000DD
:1063C00000000000000000000000000000000000CD
:1063D000000000000000000051010C10000000004F
:1063E00000000000000000000000000000000000AD
:1063F000000000000000000000000000000000009D
:10640000000000000000000000000000000000008C
:10641000000000000000000000000000000000007C
:10642000000000000000000000000000000000006C
:10643000000000000000000000000000000000005C
:10644000000000000000000000000000000000004C
:10645000000000000000000000000000000000003C
:10646000000000000000000000000000000000002C
:106470009DFF0B10D5FF0B1011000C104D000C10E0
:106480009B000C109DFF0B1000000000000000009E
:1064900000000000000000000000000000000000FC
:1064A00000000000000000000000000000000000EC
:1064B00000000000000000000000000000000000DC
:1064C00000000000000000000000000000000000CC
:1064D00000000000000000000000000000000000BC
:1064E00000000000000000000000000000000000AC
:1064F000000000000000000000000000000000009C
:10650000000000000000000000000000000000008B
:10651000000000000000000000000000000000007B
:10652000000000000000000000000000000000006B
:10653000000000000000000000000000000000005B
:10654000000000000000000000000000000000004B
:10655000000000000000000000000000000000003B
:10656000000000000000000000000000000000002B
:10657000000000000000000000000000000000001B
:10658000000000000000000000000000000000000B
:1065900000000000000000000000000000000000FB
:1065A00000000000000000000000000000000000EB
:1065B00000000000000000000000000000000000DB
:1065C00000000000000000000000000000000000CB
:1065D00000000000000000000000000000000000BB
:1065E00000000000000000000000000000000000AB
:1065F000000000000000000000000000000000009B
:10660000000000000000000000000000000000008A
:10661000000000000000000000000000000000007A
:10662000000000000000000000000000000000006A
:10663000000000000000000000000000000000005A
:10664000000000000000000000000000000000004A
:10665000000000000000000000000000000000003A
:10666000000000000000000000000000000000002A
:10667000000000000000000000000000000000001A
:10668000000000000000000000000000000000000A
:1066900000000000000000000000000000000000FA
:1066A00000000000000000000000000000000000EA
:1066B00000000000000000000000000000000000DA
:1066C00000000000000000000000000000000000CA
:1066D00000000000000000000000000000000000BA
:1066E00000000000000000000000000000000000AA
:1066F000000000000000000000000000000000009A
:106700000000000000000000000000000000000089
:106710000000000000000000000000000000000079
:106720000000000000000000000000000000000069
:106730000000000000000000000000000000000059
:106740000000000000000000000000000000000049
:106750000000000000000000000000000000000039
:106760000000000000000000000000000000000029
:1067700069190C101B190C1049260C1000000000A0
:106780000000000000000000000000000000000009
:1067900000000000000000000000000000000000F9
:1067A00000000000000000000000000000000000E9
:1067B00000000000000000008DC90D10A7C90D10D9
:1067C000C1C90D10DBC90D1065520D1091540D108B
:1067D00081590D107D540D100000000000000000D4
:1067E00000000000000000000000000000000000A9
:1067F0000000000000000000000000000000000099
:10680000000000006F620C101D620C1015610C106E
:1068100037620C10000000000000000000000000C3
:106820000000000000000000000000000000000068
:10683000000000006F620C10AD260A1015610C10EC
:1068400037620C1000000000000000000000000093
:106850000000000000000000000000000000000038
:106860000000000000000000000000000000000028
:106870000000000000000000000000000000000018
:106880000000000000000000000000000000000008
:1068900000000000000000000000000000000000F8
:1068A00000000000000000000000000000000000E8
:1068B00000000000000000000000000000000000D8
:1068C00000000000000000000000000000000000C8
:1068D00000000000000000000000000000000000B8
:1068E00000000000000000000000000000000000A8
:1068F0000000000000000000000000000000000098
:106900000000000000000000000000000000000087
:106910000000000000000000000000000000000077
:106920000000000000000000000000000000000067
:106930000000000000000000000000000000000057
:106940000000000000000000000000000000000047
:106950000000000000000000000000000000000037
:106960000000000000000000000000000000000027
:106970000000000000000000000000000000000017
:106980000000000000000000000000000000000007
:1069900000000000000000000000000000000000F7
:1069A00000000000000000000000000000000000E7
:1069B00000000000000000000000000000000000D7
:1069C00000000000000000000000000000000000C7
:1069D00000000000000000000000000000000000B7
:1069E00000000000000000000000000000000000A7
:1069F0000000000000000000000000000000000097
:106A00000000000000000000000000000000000086
:106A10000000000000000000000000000000000076
:106A20000000000000000000000000000000000066
:106A30000000000000000000000000000000000056
:106A40000000000000000000000000000000000046
:106A50000000000000000000000000000000000036
:106A60000000000000000000000000000000000026
:106A70000000000000000000000000000000000016
:106A80000000000000002115110E0D0C0B0B0A0A6E
:106A90000909090909080808080808080707070775
:106AA00007070707070707070700000030313233E1
:106AB0003435363738396162636465666768696A98
:106AC0006B6C6D6E6F707172737475767778797A9E
:106AD00000000000686A6C747A4C000063436E5BCF
:106AE000000000007363616E665F733A2062616448
:106AF00020256E20617267756D656E740000000060
:106B00007363616E665F733A2062616420696E74BC
:106B10006567657220617267756D656E740000004F
:106B20007363616E665F733A2062616420666C6FA6
:106B30006174696E672D706F696E7420617267751C
:106B40006D656E74000000007363616E665F733A7A
:106B5000206261642025632C2025732C206F722015
:106B6000255B20617267756D656E74007363616E7D
:106B7000665F733A206261642025632C2025732CA4
:106B8000206F7220255B2073697A65000000300059
:106B9000686A6C747A4C00007072696E74665F7318
:106BA0003A20256E20646973616C6C6F77656400B0
:106BB0007072696E74663A2062616420256E20618D
:106BC0007267756D656E74007072696E74665F735E
:106BD0003A2062616420257320617267756D656E6D
:106BE000740000006E616E004E414E00696E6600DA
:106BF000494E4600636F6E73747261696E742068EB
:106C0000616E646C65723A20626164206D657373B5
:106C10006167650000004129211C1917161514131E
:106C200012121111111010100F0F0F0F0E0E0E0E69
:106C30000E0E0E0D0D0D0D0D0D0000003031323316
:106C40003435363738396162636465666768696A06
:106C50006B6C6D6E6F707172737475767778797A0C
:106C600000000000000102030405060708090A0BE2
:106C70000C0D0E0F0A0B0C0D0E0F000030313233CD
:106C8000343536373839616263646566414243445E
:106C9000454600002E00010ECF000400000180C216
:106CA00000000E0180C200000E0180C200000E0133
:106CB0000ECF000480010ECF000420010ECF00048F
:106CC00040010ECF000480010ECF000420010ECF42
:106CD000000440010ECF000440010ECF000420014B
:106CE000010000000000001100000000000601008B
:106CF0000081FFFF01020080004500FF04000A81BF
:106D00000100FF00000005800200FF000000058078
:106D10000600FF00000005801100FF00000705804D
:106D200001001400000000110A0010000000001112
:106D30000A00110000000011030012000000001101
:106D40000400130000000011004000F004000A815C
:106D50000100FF00000005800200FF000000058028
:106D60000600FF00000005801100FF000000058004
:106D700001001400000000110A00100000000011C2
:106D80000A001100000000110300120000000011B1
:106D9000040013000000001100001080000000102B
:106DA00000000000000601000081FFFF00020080DB
:106DB0000608FFFF01000C810100FFFF01000B81AD
:106DC0000008FFFF01000A810406FFFF010009819E
:106DD0000100FFFF040007814A00FFFF0000060FCB
:106DE0000000FFFF010000870100FFFF0400008793
:106DF0004A00FFFF0000030F0000FFFF01000389AE
:106E00000100FFFF000002890200200000000011C5
:106E100000002080000000100000000000060100BB
:106E20000081FFFF00020080E388FFFF0000038075
:106E3000E180FFFF000002800000308000000010B1
:106E4000090030000000001108004000000000119F
:106E500000000000000601000081FFFF000200802A
:106E60009288FFFF01010F81FCFEFFFF00051080EB
:106E7000FEFEFFFF05000E810400FFFF01000D83F1
:106E80000000FFFF0000060F0200FFFF0000060FDA
:106E90000400FFFF0000060F0600FFFF0000060FC2
:106EA0000800FFFF0000060F060050000000001160
:106EB0000100FFFF0000060F0300FFFF0000050FA9
:106EC0000500FFFF0000040F0700FFFF0000030F95
:106ED0000900FFFF0000020F0000508000000010BA
:106EE00006005000000000110400FFFF0100228393
:106EF0000202FFFF010021810A00FFFF0002210FB3
:106F00000C00FFFF0002210F0E00FFFF0002210F07
:106F10001000FFFF0002210F1200FFFF0002210FEF
:106F20001400FFFF0002210F1600FFFF0002210FD7
:106F30001800FFFF0002210F1A00FFFF0002210FBF
:106F40001C00FFFF0002210F1E00FFFF0002210FA7
:106F50002000FFFF0002210F2200FFFF0002210F8F
:106F60002400FFFF0002210F2600FFFF0002210F77
:106F70002800FFFF0002210F2A00FFFF0002210F5F
:106F80002C00FFFF0002210F2E00FFFF0002210F47
:106F90003000FFFF0002210F3200FFFF0002210F2F
:106FA0003400FFFF0002210F3600FFFF0002210F17
:106FB0003800FFFF0002210F3A00FFFF0002210FFF
:106FC0003C00FFFF0002210F3E00FFFF0002210FE7
:106FD0004000FFFF0002210F4200FFFF0002210FCF
:106FE0004400FFFF0002210F4600FFFF0002210FB7
:106FF0004800FFFF0002210F0000510000000010B8
:107000000B00FFFF0000220F0D00FFFF0000220F0A
:107010000F00FFFF0000220F1100FFFF00001E0FF6
:107020001300FFFF00001D0F1500FFFF00001C0FE5
:107030001700FFFF00001B0F1900FFFF00001A0FD1
:107040001B00FFFF0000190F1D00FFFF0000180FBD
:107050001F00FFFF0000170F2100FFFF0000160FA9
:107060002300FFFF0000150F2500FFFF0000140F95
:107070002700FFFF0000130F2900FFFF0000120F81
:107080002B00FFFF0000110F2D00FFFF0000100F6D
:107090002F00FFFF00000F0F3100FFFF00000E0F59
:1070A0003300FFFF00000D0F3500FFFF00000C0F45
:1070B0003700FFFF00000B0F3900FFFF00000A0F31
:1070C0003B00FFFF0000090F3D00FFFF0000080F1D
:1070D0003F00FFFF0000070F4100FFFF0000060F09
:1070E0004300FFFF0000050F4500FFFF0000040FF5
:1070F0004700FFFF0000030F4900FFFF0000020FE1
:1071000000005100000000100600510000000011B6
:10711000060051000000001106005104000000119B
:107120000600510800000011050060000000001179
:1071300000000000000601000081FFFF0002008047
:107140000008FFFF01001084FDFDFFFF00010B8020
:10715000AAAAFFFF01000E810803FFFF01000E81B4
:107160000600FFFF01001181FD01FFFF0000058007
:107170000001FFFF000005801001FFFF00000880F4
:10718000FB01FFFF00000D810900720000000011EB
:1071900006007000000000110A00710000000011DC
:1071A0000803FFFF010004810600FFFF01000381C7
:1071B0001001FFFF000002810A00740000000011AE
:1071C00000007080000000100003FFFF0100048138
:1071D0006380FFFF010003810008FFFF00000281C0
:1071E000090073000000001101007500000000118B
:1071F00000000000000601000081FFFF0002008087
:10720000F788FFFF00010F809288FFFF01011381C3
:1072100000FFFEFF00000B8040FFFCFF00000B8022
:107220002000FEFF000006808000FEFF00000580B9
:1072300020FFFEFF00000E8101000100000002801F
:107240001D008400000000111E00850000000011D8
:1072500001000100000002801D00810000000011FB
:107260001E008200000000110700800000000011D5
:107270001F00830000000011001000F000000581D5
:107280000002000E00000380000A000F00000280D0
:107290001E008600000000111F0086000000001183
:1072A00000008080000000100000000000000012BC
:1072B0000000F0800000001056312E303072310096
:1072C0002000000000000000102700000000000067
:1072D0000000000011000000220000000101000079
:1072E0001027000000000000000000001100000056
:1072F0002200000002020000102700000000000031
:10730000000000001100000022000000AC2B0974F6
:1073100084E50F10F4B30F10BC2B09749CE50F101B
:10732000F4B30F10CC2B0974B4E50F10F4B30F10A5
:107330000000FD0007000000311F061000000000E3
:1073400000000000DC2B0974F0E50F1044B40F10AE
:1073500074905010E9070000E82B0974C0930F10D7
:1073600008B40F100100000002000000011000002E
:107370000210000001200000022000000130000087
:107380000230000001000000000000006222000046
:1073900001000000010000000200000001000000E8
:1073A00001000000010000000000000000000000DB
:1073B00000000000000000000000000000000000CD
:1073C00000000000000000000000000000000000BD
:1073D000000000000A020000BAAA0000AB880810F2
:1073E0000100000000000000622200000100000017
:1073F0000100000002000000010000000100000088
:10740000020000000000000000000000000000007A
:10741000000000000000000000000000000000006C
:10742000000000000000000000000000000000005C
:107430000A020400BAAA0000AB880810010000008C
:1074400000000000622200000100000001000000B6
:107450000200000001000000010000000300000025
:10746000000000000000000000000000000000001C
:10747000000000000000000000000000000000000C
:107480000000000000000000000000000A020800E8
:10749000BAAA0000AB88081001000000000000003C
:1074A0006222000001000000010000000200000054
:1074B00001000000010000000400000000000000C6
:1074C00000000000000000000000000000000000BC
:1074D00000000000000000000000000000000000AC
:1074E00000000000000000000A020C00BAAA000020
:1074F000AB880810010000000000000062220000BC
:107500000100000001000000020000000100000076
:107510000100000005000000000000000000000065
:10752000000000000000000000000000000000005B
:10753000000000000000000000000000000000004B
:10754000000000000A021000BAAA0000AB88081070
:1075500001000000000000006222000001000000A5
:107560000100000002000000010000000100000016
:10757000060000000100000002000000FF00000003
:1075800000000000000000000000000000000000FB
:1075900000000000000000000000000000000000EB
:1075A0000C020400BAAA0000958A0810010000002D
:1075B0000000000062220000010000000100000045
:1075C00002000000010000000100000006000000B1
:1075D0000100000003000000FF00000000000000A8
:1075E000000000000000000000000000000000009B
:1075F0000000000000000000000000000C02080075
:10760000BAAA0000958A08100100000000000000DE
:1076100062220000010000000100000002000000E2
:107620000100000001000000060000000100000051
:1076300004000000FF000000000000000000000047
:10764000000000000000000000000000000000003A
:1076500000000000000000000C040C00BAAA0000AA
:10766000958A08100100000000000000622200005E
:107670000100000001000000020000000100000005
:1076800001000000070000000100000001000000F0
:10769000FF000000000000000000000000000000EB
:1076A00000000000000000000000000000000000DA
:1076B000000000000C040000BAAA00003B8D081076
:1076C0000100000000000000622200000100000034
:1076D00001000000020000000100000002000000A4
:1076E0000100000000000000000000000000000099
:1076F000000000000000000000000000000000008A
:107700000000000000000000000000000000000079
:107710000A430000AAAA0000979008100100000088
:1077200000000000622200000100000001000000D3
:107730000200000001000000020000000200000042
:107740000000000000000000000000000000000039
:107750000000000000000000000000000000000029
:107760000000000000000000000000000A420400C9
:10777000AAAA000097900810010000000000000075
:107780006222000001000000010000000200000071
:1077900001000000020000000300000000000000E3
:1077A00000000000000000000000000000000000D9
:1077B00000000000000000000000000000000000C9
:1077C00000000000000000000A420800AAAA000011
:1077D00097900810010000000000000062220000E5
:1077E0000100000001000000020000000100000094
:1077F0000200000004000000000000000000000083
:107800000000000000000000000000000000000078
:107810000000000000000000000000000000000068
:10782000000000000A420C00AAAA0000979008106D
:1078300001000000000000006222000001000000C2
:107840000100000002000000010000000200000032
:107850000500000000000000000000000000000023
:107860000000000000000000000000000000000018
:107870000000000000000000000000000000000008
:107880000A421000AAAA0000979008100100000008
:107890000000000062220000010000000100000062
:1078A00002000000010000000200000006000000CD
:1078B0000100000002000000FF00000000000000C6
:1078C00000000000000000000000000000000000B8
:1078D0000000000000000000000000000C41040057
:1078E000AAAA00003B91081001000000000000005F
:1078F0006222000001000000010000000200000000
:10790000010000000200000007000000010000006C
:1079100002000000FF000000000000000000000066
:107920000000000000000000000000000000000057
:1079300000000000000000000C410400AAAA0000A2
:10794000A592081001000000000000006222000063
:107950000100000001000000020000000100000022
:10796000020000000700000001000000030000000A
:10797000FF00000000000000000000000000000008
:1079800000000000000000000000000000000000F7
:10799000000000000C410800AAAA0000A5920810EF
:1079A0000100000000000000622200000100000051
:1079B00001000000020000000100000002000000C1
:1079C000070000000100000004000000FF000000AC
:1079D00000000000000000000000000000000000A7
:1079E0000000000000000000000000000000000097
:1079F0000C410C00AAAA0000A5920810010000008A
:107A000000000000622200000100000001000000F0
:107A1000020000000100000002000000070000005A
:107A20000100000005000000FF0000000000000051
:107A30000000000000000000000000000000000046
:107A40000000000000000000000000000C411000D9
:107A5000AAAA0000A5920810010000000000000082
:107A6000622200000100000001000000020000008E
:107A700001000000020000000700000001000000FB
:107A800006000000FF0000000000000000000000F1
:107A900000000000000000000000000000000000E6
:107AA00000000000000000000C411400AAAA000021
:107AB000A5920810010000000000000062220000F2
:107AC00001000000010000000200000001000000B1
:107AD0000200000007000000010000000700000095
:107AE000FF00000000000000000000000000000097
:107AF0000000000000000000000000000000000086
:107B0000000000000C421800AAAA0000A59208106C
:107B100001000000000000006222000001000000DF
:107B2000010000000200000001000000030000004E
:107B30000100000000000000000000000000000044
:107B40000000000000000000000000000000000035
:107B50000000000000000000000000000000000025
:107B60000A020000AAAA0000959408100100000073
:107B7000000000006222000001000000010000007F
:107B800002000000010000000300000002000000ED
:107B900000000000000000000000000000000000E5
:107BA00000000000000000000000000000000000D5
:107BB0000000000000000000000000000A040400B3
:107BC000AAAA00009594081001000000000000001F
:107BD000622200000100000001000000020000001D
:107BE000010000000300000003000000000000008E
:107BF0000000000000000000000000000000000085
:107C00000000000000000000000000000000000074
:107C100000000000000000000A040800AAAA0000FA
:107C2000959408100100000000000000622200008E
:107C3000010000000100000002000000010000003F
:107C4000030000000400000000000000000000002D
:107C50000000000000000000000000000000000024
:107C60000000000000000000000000000000000014
:107C7000000000000A040C00AAAA00009594081055
:107C8000010000000000000062220000010000006E
:107C900001000000020000000100000003000000DD
:107CA00005000000000000000000000000000000CF
:107CB00000000000000000000000000000000000C4
:107CC00000000000000000000000000000000000B4
:107CD0000A041000AAAA00009594081001000000F0
:107CE000000000006222000001000000010000000E
:107CF0000200000001000000030000000600000078
:107D00000000000000000000000000000000000073
:107D10000000000000000000000000000000000063
:107D20000000000000000000000000000A04140031
:107D3000AAAA0000959408100100000000000000AD
:107D400062220000010000000100000002000000AB
:107D50000100000003000000070000000100000017
:107D600002000000FF000000000000000000000012
:107D70000000000000000000000000000000000003
:107D800000000000000000000C020400AAAA00008D
:107D9000719608100100000000000000622200003F
:107DA00001000000010000000200000001000000CE
:107DB00003000000070000000100000003000000B5
:107DC000FF000000000000000000000000000000B4
:107DD00000000000000000000000000000000000A3
:107DE000000000000C040800AAAA00007196081008
:107DF00001000000000000006222000001000000FD
:107E0000010000000200000001000000030000006B
:107E1000070000000100000004000000FF00000057
:107E20000000000000000000000000000000000052
:107E30000000000000000000000000000000000042
:107E40000C040C00AAAA00007196081001000000A2
:107E5000000000006222000001000000010000009C
:107E60000200000001000000030000000800000004
:107E70000100000003000000FF00000000000000FF
:107E800000000000000000000000000000000000F2
:107E90000000000000000000000000000C020800CC
:107EA000AAAA000085980810010000000000000048
:107EB000622200000100000001000000020000003A
:107EC00001000000030000000800000001000000A5
:107ED00004000000FF00000000000000000000009F
:107EE0000000000000000000000000000000000092
:107EF00000000000000000000C020C00AAAA000014
:107F000085980810010000000000000062220000B7
:107F1000010000000100000002000000010000005C
:107F20000300000008000000010000000500000040
:107F3000FF00000000000000000000000000000042
:107F40000000000000000000000000000000000031
:107F5000000000000C021000AAAA0000859808107A
:107F6000010000000000000062220000010000008B
:107F700001000000020000000100000003000000FA
:107F8000080000000100000006000000FF000000E3
:107F900000000000000000000000000000000000E1
:107FA00000000000000000000000000000000000D1
:107FB0000C061400AAAA0000859808100100000011
:107FC000000000006222000001000000010000002B
:107FD0000200000001000000040000000100000099
:107FE0000100000004000000FF000000000000008D
:107FF0000000000000000000000000000000000081
:108000000000000000000000000000000C020C0056
:10801000AAAA0000299C081001000000000000002E
:1080200062220000010000000100000002000000C8
:108030000100000004000000010000000100000039
:1080400005000000FF00000000000000000000002C
:108050000000000000000000000000000000000020
:1080600000000000000000000C041000AAAA00009C
:10807000299C08100100000000000000622200009E
:1080800001000000010000000200000001000000EB
:1080900004000000010000000100000006000000D4
:1080A000FF000000000000000000000000000000D1
:1080B00000000000000000000000000000000000C0
:1080C000000000000C021400AAAA0000299C08105D
:1080D000010000000000000062220000010000001A
:1080E0000100000002000000010000000400000088
:1080F000010000000100000007000000FF00000078
:10810000000000000000000000000000000000006F
:10811000000000000000000000000000000000005F
:108120000C041800AAAA0000299C081001000000F5
:1081300000000000622200000100000001000000B9
:108140000200000001000000040000000100000027
:108150000100000008000000FF0000000000000017
:10816000000000000000000000000000000000000F
:108170000000000000000000000000000C041C00D3
:10818000AAAA0000299C08100100000000000000BD
:108190006222000001000000010000000200000057
:1081A00001000000040000000100000001000000C8
:1081B00009000000FF0000000000000000000000B7
:1081C00000000000000000000000000000000000AF
:1081D00000000000000000000C042000AAAA00001B
:1081E000299C08100100000000000000622200002D
:1081F000010000000100000002000000010000007A
:108200000400000001000000010000000A0000005E
:10821000FF0000000000000000000000000000005F
:10822000000000000000000000000000000000004E
:10823000000000000C042400AAAA0000299C0810D9
:1082400001000000000000006222000001000000A8
:108250000100000002000000010000000400000016
:1082600001000000010000000B000000FF00000002
:1082700000000000000000000000000000000000FE
:1082800000000000000000000000000000000000EE
:108290000C042800AAAA0000299C08100100000074
:1082A0000000000062220000010000000100000048
:1082B00002000000010000000400000001000000B6
:1082C000010000000C000000FF00000000000000A2
:1082D000000000000000000000000000000000009E
:1082E0000000000000000000000000000C042C0052
:1082F000AAAA0000299C081001000000000000004C
:1083000062220000010000000100000002000000E5
:108310000100000004000000020000000100000055
:1083200003000000FF00000000000000000000004B
:10833000000000000000000000000000000000003D
:1083400000000000000000000C020800AAAA0000C3
:10835000F1A00810010000000000000062220000EF
:108360000100000001000000020000000100000008
:1083700004000000020000000100000004000000F2
:10838000FF000000000000000000000000000000EE
:1083900000000000000000000000000000000000DD
:1083A000000000000C020C00AAAA0000F1A00810B6
:1083B0000100000000000000622200000100000037
:1083C00001000000020000000100000004000000A5
:1083D000020000000100000005000000FF00000096
:1083E000000000000000000000000000000000008D
:1083F000000000000000000000000000000000007D
:108400000C061000AAAA0000F1A00810010000004C
:1084100000000000622200000100000001000000D6
:108420000200000001000000040000000300000042
:108430000100000002000000FF000000000000003A
:10844000000000000000000000000000000000002C
:108450000000000000000000000000000C04040008
:10846000AAAA0000D9A40810010000000000000022
:108470006222000001000000010000000200000074
:1084800001000000040000000400000001000000E2
:1084900004000000FF0000000000000000000000D9
:1084A00000000000000000000000000000000000CC
:1084B00000000000000000000C040C00AAAA00004C
:1084C00005A7081001000000000000006222000063
:1084D0000100000001000000020000000100000097
:1084E00005000000CF0E00000100000001000000A8
:1084F000010000000100000001000000FF0000007A
:10850000000000000000000000000000000000006B
:10851000000000000F020000BAAA0000A5A9081080
:1085200001000000000000006222000001000000C5
:108530000100000002000000010000000500000032
:10854000CF0E00000100000001000000010000004B
:108550000100000002000000FF0000000000000019
:10856000000000000000000000000000000000000B
:108570000F020400BAAA0000A5A90810010000001B
:108580000000000062220000010000000100000065
:10859000020000000100000005000000CF0E0000F6
:1085A00001000000010000000100000001000000C7
:1085B00003000000FF0000000000000000000000B9
:1085C0000000000000000000000000000F02080092
:1085D000BAAA0000A5A908100100000000000000D0
:1085E0006222000001000000010000000200000003
:1085F0000100000005000000CF0E00000100000097
:108600000100000001000000010000000400000063
:10861000FF0000000000000000000000000000005B
:1086200000000000000000000F020C00BAAA0000C9
:10863000A5A908100100000000000000622200004F
:108640000100000001000000020000000100000025
:1086500005000000CF0E0000010000000100000036
:10866000010000000100000005000000FF00000004
:1086700000000000000000000000000000000000FA
:10868000000000000F021000BAAA0000A5A90810FF
:108690000100000000000000622200000100000054
:1086A00001000000020000000100000005000000C1
:1086B000CF0E0000010000000100000001000000DA
:1086C0000100000007000000FF00000000000000A3
:1086D000000000000000000000000000000000009A
:1086E0000F021800BAAA0000A5A908100100000096
:1086F00000000000622200000100000001000000F4
:10870000020000000100000005000000CF0E000084
:108710000100000002000000010000000100000054
:1087200001000000FF000000000000000000000049
:108730000000000000000000000000000F420000E8
:10874000AAAA00007DAC0810010000000000000093
:108750006222000001000000010000000200000091
:108760000100000005000000CF0E00000100000025
:1087700002000000010000000100000002000000F3
:10878000FF000000000000000000000000000000EA
:1087900000000000000000000F420400AAAA000030
:1087A0007DAC081001000000000000006222000003
:1087B00001000000010000000200000001000000B4
:1087C00005000000CF0E00000100000002000000C4
:1087D000010000000100000003000000FF00000095
:1087E0000000000000000000000000000000000089
:1087F000000000000F420800AAAA00007DAC08108B
:1088000001000000000000006222000001000000E2
:10881000010000000200000001000000050000004F
:10882000CF0E000001000000020000000100000067
:108830000100000004000000FF0000000000000034
:108840000000000000000000000000000000000028
:108850000F020C00AAAA00007DAC08100100000065
:108860000000000062220000010000000100000082
:10887000020000000100000005000000CF0E000013
:1088800001000000020000000100000001000000E3
:1088900005000000FF0000000000000000000000D4
:1088A0000000000000000000000000000F021000A7
:1088B000AAAA00007DAC0810010000000000000022
:1088C0006222000001000000010000000200000020
:1088D0000100000005000000CF0E000001000000B4
:1088E000020000000100000001000000060000007E
:1088F000FF00000000000000000000000000000079
:1089000000000000000000000F041400AAAA0000EC
:108910007DAC081001000000000000006222000091
:108920000100000001000000020000000100000042
:1089300005000000CF0E0000010000000200000052
:10894000010000000100000007000000FF0000001F
:108950000000000000000000000000000000000017
:10896000000000000F041800AAAA00007DAC081047
:108970000100000000000000622200000100000071
:1089800001000000020000000100000005000000DE
:10899000CF0E0000010000000200000001000000F6
:1089A0000100000008000000FF00000000000000BF
:1089B00000000000000000000000000000000000B7
:1089C0000F021C00AAAA00007DAC081001000000E4
:1089D0000000000062220000010000000100000011
:1089E000020000000100000005000000CF0E0000A2
:1089F0000100000002000000010000000100000072
:108A000009000000FF00000000000000000000005E
:108A10000000000000000000000000000F04200023
:108A2000AAAA00007DAC08100100000000000000B0
:108A300062220000010000000100000002000000AE
:108A40000100000005000000CF0E00000100000042
:108A50000200000001000000010000000A00000008
:108A6000FF00000000000000000000000000000007
:108A700000000000000000000F042400AAAA00006B
:108A80007DAC081001000000000000006222000020
:108A900001000000010000000200000001000000D1
:108AA00005000000CF0E00000100000002000000E1
:108AB00001000000010000000B000000FF000000AA
:108AC00000000000000000000000000000000000A6
:108AD000000000000F042800AAAA00007DAC0810C6
:108AE0000100000000000000622200000100000000
:108AF000010000000200000001000000050000006D
:108B0000CF0E000001000000020000000100000084
:108B1000010000000C000000FF0000000000000049
:108B20000000000000000000000000000000000045
:108B30000F022C00AAAA00007DAC08100100000062
:108B4000000000006222000001000000010000009F
:108B5000020000000100000005000000CF0E000030
:108B60000100000002000000010000000100000000
:108B70000D000000FF0000000000000000000000E9
:108B80000000000000000000000000000F42300064
:108B9000AAAA00007DAC081001000000000000003F
:108BA000622200000100000001000000020000003D
:108BB0000100000005000000CF0E000001000000D1
:108BC0000200000001000000010000000E00000093
:108BD000FF00000000000000000000000000000096
:108BE00000000000000000000F023400AAAA0000EC
:108BF0007DAC0810010000000000000062220000AF
:108C0000010000000100000002000000010000005F
:108C100005000000CF0E000001000000020000006F
:108C200001000000010000000F000000FF00000034
:108C30000000000000000000000000000000000034
:108C4000000000000F423800AAAA00007DAC081006
:108C5000010000000000000062220000010000008E
:108C600001000000020000000100000005000000FB
:108C7000CF0E000001000000020000000100000013
:108C80000100000010000000FF00000000000000D4
:108C900000000000000000000000000000000000D4
:108CA0000F023C00AAAA00007DAC081001000000E1
:108CB000000000006222000001000000010000002E
:108CC000020000000100000005000000CF0E0000BF
:108CD000010000000200000001000000010000008F
:108CE00011000000FF000000000000000000000074
:108CF0000000000000000000000000000F424000E3
:108D0000AAAA00007DAC08100100000000000000CD
:108D100062220000010000000100000002000000CB
:108D20000100000005000000CF0E0000010000005F
:108D3000020000000100000001000000120000001D
:108D4000FF00000000000000000000000000000024
:108D500000000000000000000F024400AAAA00006A
:108D60007DAC08100100000000000000622200003D
:108D700001000000010000000200000001000000EE
:108D800005000000CF0E00000100000002000000FE
:108D9000010000000100000013000000FF000000BF
:108DA00000000000000000000000000000000000C3
:108DB000000000000F424800AAAA00007DAC081085
:108DC000010000000000000062220000010000001D
:108DD000010000000200000001000000050000008A
:108DE000CF0E0000010000000200000001000000A2
:108DF0000100000014000000FF000000000000005F
:108E00000000000000000000000000000000000062
:108E10000F024C00AAAA00007DAC0810010000005F
:108E200000000000622200000100000001000000BC
:108E3000020000000100000005000000CF0E00004D
:108E4000010000000200000001000000010000001D
:108E500015000000FF0000000000000000000000FE
:108E60000000000000000000000000000F025000A1
:108E7000AAAA00007DAC081001000000000000005C
:108E8000622200000100000001000000020000005A
:108E90000100000005000000CF0E000001000000EE
:108EA00002000000010000000100000016000000A8
:108EB000FF000000000000000000000000000000B3
:108EC00000000000000000000F025400AAAA0000E9
:108ED0007DAC0810010000000000000062220000CC
:108EE000010000000100000002000000010000007D
:108EF00005000000CF0E000001000000020000008D
:108F0000010000000100000017000000FF00000049
:108F10000000000000000000000000000000000051
:108F2000000000000F025800AAAA00007DAC081043
:108F300001000000000000006222000001000000AB
:108F40000100000002000000010000000500000018
:108F5000CF0E000001000000020000000100000030
:108F60000100000018000000FF00000000000000E9
:108F700000000000000000000000000000000000F1
:108F80000F025C00AAAA00007DAC081001000000DE
:108F9000000000006222000001000000010000004B
:108FA000020000000100000005000000CF0E0000DC
:108FB00001000000020000000100000001000000AC
:108FC00019000000FF000000000000000000000089
:108FD0000000000000000000000000000F02600020
:108FE000AAAA00007DAC08100100000000000000EB
:108FF00062220000010000000100000002000000E9
:109000000100000005000000CF0E0000010000007C
:109010000200000001000000010000001B00000031
:10902000FF00000000000000000000000000000041
:1090300000000000000000000F426800AAAA000023
:109040007DAC08100100000000000000622200005A
:10905000010000000100000002000000010000000B
:1090600005000000CF0E000001000000020000001B
:1090700001000000010000001C000000FF000000D3
:1090800000000000000000000000000000000000E0
:10909000000000000F426C00AAAA00007DAC08107E
:1090A000010000000000000062220000010000003A
:1090B00001000000020000000100000005000000A7
:1090C000CF0E0000010000000200000001000000BF
:1090D0000100000025000000FF000000000000006B
:1090E0000000000000000000000000000000000080
:1090F0000F429000AAAA00007DAC081001000000F9
:1091000000000000622200000100000001000000D9
:10911000020000000100000005000000CF0E00006A
:109120000100000003000000010000000100000039
:1091300001000000FF00000000000000000000002F
:109140000000000000000000000000000F420000CE
:10915000AAAA000051B7081001000000000000009A
:109160006222000001000000010000000200000077
:109170000100000005000000CF0E0000010000000B
:1091800003000000010000000100000002000000D8
:10919000FF000000000000000000000000000000D0
:1091A00000000000000000000F420400AAAA000016
:1091B00051B708100100000000000000622200000A
:1091C000010000000100000002000000010000009A
:1091D00005000000CF0E00000100000003000000A9
:1091E000010000000100000003000000FF0000007B
:1091F000000000000000000000000000000000006F
:10920000000000000F420800AAAA000051B7081091
:1092100001000000000000006222000001000000C8
:109220000100000002000000010000000500000035
:10923000CF0E00000100000003000000010000004C
:109240000100000004000000FF000000000000001A
:10925000000000000000000000000000000000000E
:109260000F020C00AAAA000051B70810010000006C
:109270000000000062220000010000000100000068
:10928000020000000100000005000000CF0E0000F9
:1092900001000000030000000100000001000000C8
:1092A00005000000FF0000000000000000000000BA
:1092B0000000000000000000000000000F0210008D
:1092C000AAAA000051B70810010000000000000029
:1092D0006222000001000000010000000200000006
:1092E0000100000005000000CF0E0000010000009A
:1092F0000300000001000000010000000600000063
:10930000FF0000000000000000000000000000005E
:1093100000000000000000000F041400AAAA0000D2
:1093200051B7081001000000000000006222000098
:109330000100000001000000020000000100000028
:1093400005000000CF0E0000010000000300000037
:10935000010000000100000007000000FF00000005
:1093600000000000000000000000000000000000FD
:10937000000000000F041800AAAA000051B708104E
:109380000100000000000000622200000100000057
:1093900001000000020000000100000005000000C4
:1093A000CF0E0000010000000300000001000000DB
:1093B0000100000008000000FF00000000000000A5
:1093C000000000000000000000000000000000009D
:1093D0000F021C00AAAA000051B7081001000000EB
:1093E00000000000622200000100000001000000F7
:1093F000020000000100000005000000CF0E000088
:109400000100000003000000010000000100000056
:1094100009000000FF000000000000000000000044
:109420000000000000000000000000000F04200009
:10943000AAAA000051B708100100000000000000B7
:109440006222000001000000010000000200000094
:109450000100000005000000CF0E00000100000028
:109460000300000001000000010000000A000000ED
:10947000FF000000000000000000000000000000ED
:1094800000000000000000000F042400AAAA000051
:1094900051B7081001000000000000006222000027
:1094A00001000000010000000200000001000000B7
:1094B00005000000CF0E00000100000003000000C6
:1094C00001000000010000000B000000FF00000090
:1094D000000000000000000000000000000000008C
:1094E000000000000F042800AAAA000051B70810CD
:1094F00001000000000000006222000001000000E6
:109500000100000002000000010000000500000052
:10951000CF0E000001000000030000000100000069
:10952000010000000C000000FF000000000000002F
:10953000000000000000000000000000000000002B
:109540000F022C00AAAA000051B708100100000069
:109550000000000062220000010000000100000085
:10956000020000000100000005000000CF0E000016
:1095700001000000030000000100000001000000E5
:109580000D000000FF0000000000000000000000CF
:109590000000000000000000000000000F4230004A
:1095A000AAAA000051B70810010000000000000046
:1095B0006222000001000000010000000200000023
:1095C0000100000005000000CF0E000001000000B7
:1095D0000300000001000000010000000E00000078
:1095E000FF0000000000000000000000000000007C
:1095F00000000000000000000F023400AAAA0000D2
:1096000051B70810010000000000000062220000B5
:109610000100000001000000020000000100000045
:1096200005000000CF0E0000010000000300000054
:1096300001000000010000000F000000FF0000001A
:10964000000000000000000000000000000000001A
:10965000000000000F423800AAAA000051B708100D
:109660000100000000000000622200000100000074
:1096700001000000020000000100000005000000E1
:10968000CF0E0000010000000300000001000000F8
:109690000100000010000000FF00000000000000BA
:1096A00000000000000000000000000000000000BA
:1096B0000F023C00AAAA000051B7081001000000E8
:1096C0000000000062220000010000000100000014
:1096D000020000000100000005000000CF0E0000A5
:1096E0000100000003000000010000000100000074
:1096F00011000000FF00000000000000000000005A
:109700000000000000000000000000000F424000C8
:10971000AAAA000051B708100100000000000000D4
:1097200062220000010000000100000002000000B1
:109730000100000005000000CF0E00000100000045
:109740000300000001000000010000001200000002
:10975000FF0000000000000000000000000000000A
:1097600000000000000000000F024400AAAA000050
:1097700051B7081001000000000000006222000044
:1097800001000000010000000200000001000000D4
:1097900005000000CF0E00000100000003000000E3
:1097A000010000000100000013000000FF000000A5
:1097B00000000000000000000000000000000000A9
:1097C000000000000F424800AAAA000051B708108C
:1097D0000100000000000000622200000100000003
:1097E0000100000002000000010000000500000070
:1097F000CF0E000001000000030000000100000087
:109800000100000014000000FF0000000000000044
:109810000000000000000000000000000000000048
:109820000F024C00AAAA000051B708100100000066
:1098300000000000622200000100000001000000A2
:10984000020000000100000005000000CF0E000033
:109850000100000003000000010000000100000002
:1098600015000000FF0000000000000000000000E4
:109870000000000000000000000000000F02500087
:10988000AAAA000051B70810010000000000000063
:109890006222000001000000010000000200000040
:1098A0000100000005000000CF0E000001000000D4
:1098B000030000000100000001000000160000008D
:1098C000FF00000000000000000000000000000099
:1098D00000000000000000000F025400AAAA0000CF
:1098E00051B70810010000000000000062220000D3
:1098F0000100000001000000020000000100000063
:1099000005000000CF0E0000010000000300000071
:10991000010000000100000018000000FF0000002E
:109920000000000000000000000000000000000037
:10993000000000000F425C00AAAA000051B7081006
:109940000100000000000000622200000100000091
:1099500001000000020000000100000005000000FE
:10996000CF0E000001000000030000000100000015
:109970000100000019000000FF00000000000000CE
:1099800000000000000000000000000000000000D7
:109990000F426000AAAA000051B7081001000000A1
:1099A0000000000062220000010000000100000031
:1099B000020000000100000005000000CF0E0000C2
:1099C0000100000003000000010000000100000091
:1099D0001F000000FF000000000000000000000069
:1099E0000000000000000000000000000F427800AE
:1099F000AAAA000051B708100100000000000000F2
:109A000062220000010000000100000002000000CE
:109A100001000000050000000F120000010000001E
:109A20000100000001000000010000000100000032
:109A3000FF00000000000000000000000000000027
:109A400000000000000000000F040000BAAA00009F
:109A5000B5C40810010000000000000062220000F0
:109A600001000000010000000200000001000000F1
:109A7000050000000F1200000100000002000000BD
:109A8000010000000100000001000000FF000000D4
:109A900000000000000000000000000000000000C6
:109AA000000000000F020000AAAA0000C9C60810AA
:109AB0000100000000000000622200000100000020
:109AC000010000000200000001000000050000008D
:109AD0000F12000001000000020000000100000061
:109AE0000100000002000000FF0000000000000074
:109AF0000000000000000000000000000000000066
:109B00000F020400AAAA0000C9C608100100000044
:109B100000000000622200000100000001000000BF
:109B20000200000001000000050000000F1200000C
:109B30000100000002000000010000000100000020
:109B400003000000FF000000000000000000000013
:109B50000000000000000000000000000F040800EA
:109B6000AAAA0000C9C608100100000000000000F9
:109B7000622200000100000001000000020000005D
:109B800001000000050000000F12000001000000AD
:109B900002000000010000000100000004000000BD
:109BA000FF000000000000000000000000000000B6
:109BB00000000000000000000F020C00AAAA000034
:109BC000C9C6081001000000000000006222000069
:109BD0000100000001000000020000000100000080
:109BE000050000000F12000001000000020000004C
:109BF000020000000100000001000000FF00000062
:109C00000000000000000000000000000000000054
:109C1000000000000F020000AAAA000001C90810FD
:109C200001000000000000006222000001000000AE
:109C3000010000000200000001000000050000001B
:109C40000F120000010000000200000002000000EE
:109C50000100000002000000FF0000000000000002
:109C600000000000000000000000000000000000F4
:109C70000F020400AAAA000001C908100100000098
:109C8000000000006222000001000000010000004E
:109C90000200000001000000050000000F1200009B
:109CA00001000000020000000200000001000000AE
:109CB00003000000FF0000000000000000000000A2
:109CC0000000000000000000000000000F0208007B
:109CD000AAAA000001C9081001000000000000004D
:109CE00062220000010000000100000002000000EC
:109CF00001000000050000000F120000010000003C
:109D0000020000000200000001000000040000004A
:109D1000FF00000000000000000000000000000044
:109D200000000000000000000F020C00AAAA0000C2
:109D300001C90810010000000000000062220000BC
:109D4000010000000100000002000000010000000E
:109D5000050000000F1200000100000002000000DA
:109D6000020000000100000005000000FF000000EC
:109D700000000000000000000000000000000000E3
:109D8000000000000F021000AAAA000001C908107C
:109D9000010000000000000062220000010000003D
:109DA00001000000020000000100000005000000AA
:109DB0000F1200000100000002000000020000007D
:109DC0000100000006000000FF000000000000008D
:109DD0000000000000000000000000000000000083
:109DE0000F021400AAAA000001C908100100000017
:109DF00000000000622200000100000001000000DD
:109E00000200000001000000050000000F12000029
:109E1000010000000200000003000000010000003B
:109E200001000000FF000000000000000000000032
:109E30000000000000000000000000000F0400000F
:109E4000AAAA000035CB08100100000000000000A5
:109E5000622200000100000001000000020000007A
:109E600001000000050000000F12000001000000CA
:109E700002000000030000000100000002000000DA
:109E8000FF000000000000000000000000000000D3
:109E900000000000000000000F020400AAAA000059
:109EA00035CB081001000000000000006222000015
:109EB000010000000100000002000000010000009D
:109EC000050000000F120000010000000200000069
:109ED000040000000100000001000000FF0000007D
:109EE0000000000000000000000000000000000072
:109EF000000000000F020000AAAA0000F9CC081020
:109F000001000000000000006222000001000000CB
:109F10000100000002000000010000000500000038
:109F20000F1200000100000003000000010000000B
:109F30000100000001000000FF0000000000000020
:109F40000000000000000000000000000000000011
:109F50000F020000AAAA000081CE08100100000034
:109F6000000000006222000001000000010000006B
:109F70000200000001000000050000000F120000B8
:109F800001000000030000000100000001000000CB
:109F900002000000FF0000000000000000000000C0
:109FA0000000000000000000000000000F0204009C
:109FB000AAAA000081CE08100100000000000000E5
:109FC0006222000001000000010000000200000009
:109FD00001000000050000000F1200000100000059
:109FE0000300000001000000010000000300000069
:109FF000FF00000000000000000000000000000062
:10A0000000000000000000000F040800AAAA0000E1
:10A0100081CE081001000000000000006222000054
:10A02000010000000100000002000000010000002B
:10A03000050000000F1200000100000003000000F6
:10A04000010000000100000004000000FF0000000B
:10A050000000000000000000000000000000000000
:10A06000000000000F020C00AAAA000081CE081018
:10A07000010000000000000062220000010000005A
:10A0800001000000020000000100000005000000C7
:10A090000F12000001000000030000000200000099
:10A0A0000100000001000000FF00000000000000AF
:10A0B00000000000000000000000000000000000A0
:10A0C0000F020000AAAA0000FDD008100100000045
:10A0D00000000000622200000100000001000000FA
:10A0E0000200000001000000050000000F12000047
:10A0F0000100000003000000020000000100000059
:10A1000002000000FF00000000000000000000004E
:10A110000000000000000000000000000F0204002A
:10A12000AAAA0000FDD008100100000000000000F5
:10A130006222000001000000010000000200000097
:10A1400001000000050000000F12000001000000E7
:10A1500003000000020000000100000003000000F6
:10A16000FF000000000000000000000000000000F0
:10A1700000000000000000000F020800AAAA000072
:10A18000FDD0081001000000000000006222000065
:10A1900001000000010000000200000001000000BA
:10A1A000050000000F120000010000000300000085
:10A1B000020000000100000004000000FF00000099
:10A1C000000000000000000000000000000000008F
:10A1D000000000000F020C00AAAA0000FDD0081029
:10A1E00001000000000000006222000001000000E9
:10A1F0000100000002000000010000000500000056
:10A200000F12000001000000030000000200000027
:10A210000100000005000000FF0000000000000039
:10A22000000000000000000000000000000000002E
:10A230000F021000AAAA0000FDD0081001000000C3
:10A240000000000062220000010000000100000088
:10A250000200000001000000050000000F120000D5
:10A2600001000000030000000200000001000000E7
:10A2700006000000FF0000000000000000000000D9
:10A280000000000000000000000000000F021400A9
:10A29000AAAA0000FDD00810010000000000000084
:10A2A0006222000001000000010000000200000026
:10A2B00001000000050000000F1200000100000076
:10A2C0000300000003000000010000000100000086
:10A2D000FF0000000000000000000000000000007F
:10A2E00000000000000000000F040000AAAA000007
:10A2F000BDD3081001000000000000006222000031
:10A300000100000001000000020000000100000048
:10A31000050000000F120000010000000300000013
:10A32000030000000100000002000000FF00000028
:10A33000000000000000000000000000000000001D
:10A34000000000000F020400AAAA0000BDD30810FC
:10A350000100000000000000622200000100000077
:10A3600001000000020000000100000005000000E4
:10A370000F120000010000000300000004000000B4
:10A380000100000001000000FF00000000000000CC
:10A3900000000000000000000000000000000000BD
:10A3A0000F020000AAAA0000E5D508100100000075
:10A3B0000000000062220000010000000100000017
:10A3C000020000000100000005000000C280000043
:10A3D0000100000001000000010000000100000079
:10A3E00001000000FF00000000000000000000006D
:10A3F0000000000000000000000000000F0200004C
:10A40000BAAA0000E9D7081001000000000000000F
:10A4100062220000010000000100000002000000B4
:10A420000100000005000000C280000001000000E3
:10A430000100000002000000010000000100000017
:10A44000FF0000000000000000000000000000000D
:10A4500000000000000000000F020000BAAA000087
:10A46000E1D9081001000000000000006222000095
:10A4700001000000010000000200000001000000D7
:10A4800005000000C2800000010000000100000083
:10A49000030000000100000001000000FF000000B8
:10A4A00000000000000000000000000000000000AC
:10A4B000000000000F020000BAAA00007DDC0810B6
:10A4C0000100000000000000622200000100000006
:10A4D0000100000002000000010000000500000073
:10A4E000C280000001000000010000000400000024
:10A4F0000100000001000000FF000000000000005B
:10A50000000000000000000000000000000000004B
:10A510000F020000BAAA000009DF081001000000C5
:10A5200000000000622200000100000001000000A5
:10A53000020000000100000005000000C2800000D1
:10A540000100000002000000010000000100000006
:10A5500001000000FF0000000000000000000000FB
:10A560000000000000000000000000000F020000DA
:10A57000AAAA000041E1081001000000000000004C
:10A580006222000001000000010000000200000043
:10A590000100000005000000C28000000100000072
:10A5A00002000000020000000100000002000000A4
:10A5B000FF0000000000000000000000000000009C
:10A5C00000000000000000000F020400AAAA000022
:10A5D000C9E2081001000000000000006222000033
:10A5E0000100000001000000020000000100000066
:10A5F00005000000C2800000010000000200000011
:10A60000020000000100000003000000FF00000045
:10A61000000000000000000000000000000000003A
:10A62000000000000F020800AAAA0000C9E20810FA
:10A630000100000000000000622200000100000094
:10A640000100000002000000010000000500000001
:10A65000C2800000010000000200000003000000B2
:10A660000100000002000000FF00000000000000E8
:10A6700000000000000000000000000000000000DA
:10A680000F040400AAAA000055E50810010000000C
:10A690000000000062220000010000000100000034
:10A6A000020000000100000005000000C280000060
:10A6B0000100000002000000040000000100000092
:10A6C00002000000FF000000000000000000000089
:10A6D0000000000000000000000000000F04040063
:10A6E000AAAA0000C1E70810010000000000000055
:10A6F00062220000010000000100000002000000D2
:10A700000100000005000000C28000000100000000
:10A710000300000001000000010000000100000033
:10A72000FF0000000000000000000000000000002A
:10A7300000000000000000000F020000AAAA0000B4
:10A74000CDE90810010000000000000062220000B6
:10A7500001000000010000000200000001000000F4
:10A7600005000000C280000001000000030000009E
:10A77000020000000100000002000000FF000000D5
:10A7800000000000000000000000000000000000C9
:10A79000000000000F020400AAAA0000D9EB081074
:10A7A0000100000000000000622200000100000023
:10A7B0000100000002000000010000000500000090
:10A7C000C280000001000000030000000200000041
:10A7D0000100000003000000FF0000000000000076
:10A7E0000000000000000000000000000000000069
:10A7F0000F020800AAAA0000D9EB0810010000000F
:10A8000000000000622200000100000001000000C2
:10A81000020000000100000005000000C2800000EE
:10A820000100000003000000030000000100000020
:10A8300002000000FF000000000000000000000017
:10A840000000000000000000000000000F040400F1
:10A85000AAAA000049EE0810010000000000000054
:10A860006222000001000000010000000200000060
:10A870000100000005000000C2800000010000008F
:10A8800003000000040000000100000002000000BE
:10A89000FF000000000000000000000000000000B9
:10A8A00000000000000000000F040400AAAA00003D
:10A8B00011F10810706F72742D3235352D36353523
:10A8C0003335000001000000030000000600000016
:10A8D0000100000004000000010000006E600000A4
:10A8E00002000000789E0F1001000000809E0F10F3
:10A8F0000200000000000000000000000100000055
:10A9000000000000E7F3000001000000010000006B
:10A91000010000000100000002000000FF00000034
:10A920000000000000000000000000000000000027
:10A930000000000000000000000000000000000017
:10A9400000000000000000000000000009040400F6
:10A95000AAAA00001FF40810010000000000000077
:10A96000E7F300000100000001000000010000000A
:10A970000100000003000000FF00000000000000D4
:10A9800000000000000000000000000000000000C7
:10A9900000000000000000000000000000000000B7
:10A9A000000000000000000009040800AAAA00003E
:10A9B0001FF408100100000000000000E7F3000091
:10A9C0000100000001000000010000000100000083
:10A9D00004000000FF000000000000000000000074
:10A9E0000000000000000000000000000000000067
:10A9F0000000000000000000000000000000000057
:10AA00000000000009020C00BAAA00001FF40810A0
:10AA10000100000000000000E7F30000010000005A
:10AA2000010000000100000001000000050000001E
:10AA3000FF00000000000000000000000000000017
:10AA40000000000000000000000000000000000006
:10AA500000000000000000000000000000000000F6
:10AA600009021000AAAA00001FF40810010000004B
:10AA700000000000E7F300000100000001000000FA
:10AA8000010000000100000006000000FF000000BF
:10AA900000000000000000000000000000000000B6
:10AAA00000000000000000000000000000000000A6
:10AAB0000000000000000000000000000902140077
:10AAC000AAAA00001FF40810010000000000000006
:10AAD000E7F3000001000000010000000100000099
:10AAE0000100000007000000FF000000000000005F
:10AAF0000000000000000000000000000000000056
:10AB00000000000000000000000000000000000045
:10AB1000000000000000000009021800AAAA0000BE
:10AB20001FF408100100000000000000E7F300001F
:10AB30000100000001000000010000000100000011
:10AB400008000000FF0000000000000000000000FE
:10AB500000000000000000000000000000000000F5
:10AB600000000000000000000000000000000000E5
:10AB70000000000009021C00AAAA00001FF408102F
:10AB80000100000000000000E7F3000001000000E9
:10AB900001000000010000000100000009000000A9
:10ABA000FF000000000000000000000000000000A6
:10ABB0000000000000000000000000000000000095
:10ABC0000000000000000000000000000000000085
:10ABD00009022000AAAA00001FF4081001000000CA
:10ABE00000000000E7F30000010000000100000089
:10ABF00001000000010000000A000000FF0000004A
:10AC00000000000000000000000000000000000044
:10AC10000000000000000000000000000000000034
:10AC200000000000000000000000000009042400F3
:10AC3000AAAA00001FF40810010000000000000094
:10AC4000E7F3000001000000010000000100000027
:10AC5000010000000B000000FF00000000000000E9
:10AC600000000000000000000000000000000000E4
:10AC700000000000000000000000000000000000D4
:10AC8000000000000000000009042800AAAA00003B
:10AC90001FF408100100000000000000E7F30000AE
:10ACA00001000000010000000100000001000000A0
:10ACB0000C000000FF000000000000000000000089
:10ACC0000000000000000000000000000000000084
:10ACD0000000000000000000000000000000000074
:10ACE0000000000009022C00AAAA00001FF40810AE
:10ACF0000100000000000000E7F300000100000078
:10AD00000100000001000000010000000D00000033
:10AD1000FF00000000000000000000000000000034
:10AD20000000000000000000000000000000000023
:10AD30000000000000000000000000000000000013
:10AD400009423000AAAA00001FF408100100000008
:10AD500000000000E7F30000010000000100000017
:10AD600001000000010000000E000000FF000000D4
:10AD700000000000000000000000000000000000D3
:10AD800000000000000000000000000000000000C3
:10AD90000000000000000000000000000902340074
:10ADA000AAAA00001FF40810010000000000000023
:10ADB000E7F30000010000000100000001000000B6
:10ADC000010000000F000000FF0000000000000074
:10ADD0000000000000000000000000000000000073
:10ADE0000000000000000000000000000000000063
:10ADF000000000000000000009413800AAAA00007D
:10AE00001FF408100100000000000000E7F300003C
:10AE1000010000000100000001000000010000002E
:10AE200010000000FF000000000000000000000013
:10AE30000000000000000000000000000000000012
:10AE40000000000000000000000000000000000002
:10AE50000000000009433C00AAAA00001FF40810EB
:10AE60000100000000000000E7F300000100000006
:10AE700001000000010000000100000011000000BE
:10AE8000FF000000000000000000000000000000C3
:10AE900000000000000000000000000000000000B2
:10AEA00000000000000000000000000000000000A2
:10AEB00009424000AAAA00001FF408100100000087
:10AEC00000000000E7F300000100000001000000A6
:10AED000010000000100000012000000FF0000005F
:10AEE0000000000000000000000000000000000062
:10AEF0000000000000000000000000000000000052
:10AF000000000000000000000000000009424400B2
:10AF1000AAAA00001FF408100100000000000000B1
:10AF2000E7F3000001000000010000000100000044
:10AF30000100000013000000FF00000000000000FE
:10AF40000000000000000000000000000000000001
:10AF500000000000000000000000000000000000F1
:10AF6000000000000000000009024800BAAA00002A
:10AF70001FF408100100000000000000E7F30000CB
:10AF800001000000010000000100000001000000BD
:10AF900014000000FF00000000000000000000009E
:10AFA00000000000000000000000000000000000A1
:10AFB0000000000000000000000000000000000091
:10AFC0000000000009024C00AAAA00001FF40810AB
:10AFD0000F2700000000000000000000000000003B
:10AFE000000000000100000003000000010000005C
:10AFF00006007075626C69630000000000000000CC
:10B000000000000000000000000000000000000040
:10B01000000000000700707269766174650000002E
:10B020000000000000000000000000000000000020
:10B030000000000000000000D00700000100000038
:10B040001F0000000300000001000000C702030011
:10B0500052534B20525A4E32206261736564205025
:10B060004E494F20646576696365202020202020AA
:10B0700020202020202020202020202020202020D0
:10B080002020202020202020202020202000000020
:10B0900052534B2D525A4E322D504E494F2D585827
:10B0A0005858202020202020202020202020202030
:10B0B0002020202020202020202020202020202090
:10B0C00020202020202020202020202020200000C0
:10B0D00031323334353637383930202020202000C3
:10B0E00001005605020000000F02001401000000DC
:10B0F0000100000100000004000000320000000414
:10B100000F02001401000000010000030000000411
:10B1100000000032000000040000000000000000F9
:10B12000010000000100000001000000000000001C
:10B13000000000000500000000000000000080008A
:10B1400000010000000200000000000000000000FC
:10B15000000100000000000000000180000001006C
:10B1600000000300000000000000000000000100DB
:10B170000000000000000002800000010000000349
:10B1800000000000000000000000000100000000BE
:10B19000010000000100000030000000010000007C
:10B1A000400000000000000001000000000200005C
:10B1B000000100000031000000010000000000005C
:10B1C000004000000001000000000000000000003E
:10B1D00001000000C70252534B2D525A4E322D50DF
:10B1E0004E494F2D585858580000313233343536B7
:10B1F0003738393020202020200064005605020016
:10B2000000000000050001013E00000000000000F9
:10B21000000000800000C70252534B2D525A4E329C
:10B220002D504E494F2D5858585800003132333464
:10B23000353637383930202020202000640056056C
:10B24000020000000000050001013E0000000000B7
:10B250000000000001800000C70252534B2D525ADB
:10B260004E322D504E494F2D58585858000031320B
:10B270003334353637383930202020202000640020
:10B280005605020000000000050001013E0000001C
:10B2900000000000000002800000C70252534B2D46
:10B2A000525A4E322D504E494F2D58585858000082
:10B2B00031323334353637383930202020202000E1
:10B2C00064005605020000000000050001013E0078
:10B2D000000000000100000001000000C7025253FE
:10B2E0004B2D525A4E322D504E494F2D58585858CA
:10B2F00000003132333435363738393020202020C1
:10B300002000640056050200000000000300010157
:10B310001E00000000000200000001000000C70243
:10B3200052534B2D525A4E322D504E494F2D585894
:10B330005858000031323334353637383930202010
:10B3400020202000640056050200000000000300D9
:10B3500001011E0050726F6365737320416C61724E
:10B360006D20536C6F7420312C20537562736C6F99
:10B37000742031200000000061626364000000005E
:10B3800001000000FFFFFFFFFFFFFFFF04000101BE
:10B39000FF0000000000000000000002332E302EED
:10B3A000300000004275696C74207769746820521F
:10B3B0005A2F4E20466C657869626C6520536F6623
:10B3C0007477617265205061636B61676520766593
:0DB3D0007273696F6E20332E302E30000036
:00000001FF