:020000040000FA
:10000000FE02FE02FE02FE02FE02FE02FE02FE02F0
:10001000FE02FE02FE02FE02FE02FE02FE02FE02E0
:10002000FE02FE02FE02FE02FE02FE02FE02FE02D0
:10003000FE02FE02FE02FE02FE02FE02FE02FE02C0
:10004000FE02FE02FE02FE02FE02FE02FE02FE02B0
:10005000FE02FE02FE02FE02FE02FE02FE02FE02A0
:10006000FE02FE02FE02FE02FE02FE02FE02FE0290
:10007000FE02FE02FE02FE02FE02FE02FE02FE0280
:10008000FE02FE02FE02FE02FE02FE02FE02FE0270
:10009000FE02FE02FE02FE02FE02FE02FE02FE0260
:1000A000FE02FE02FE02FE02FE02FE02FE02FE0250
:1000B000FE02FE02FE02FE02FE02FE02FE02FE0240
:1000C000FE02FE02FE02FE02FE02FE02FE02FE0230
:1000D000FE02FE02FE02FE02FE02FE02FE02FE0220
:1000E000FE02FE02FE02FE02FE02FE02FE02FE0210
:1000F000FE02FE02FE02FE02FE02FE02FE02FE0200
:10010000FE02FE02FE02FE02FE02FE02FE02FE02EF
:10011000FE02FE02FE02FE02FE02FE02FE02FE02DF
:10012000FE02FE02FE02FE02FE02FE02FE02FE02CF
:10013000FE02FE02FE02FE02FE02FE02FE02FE02BF
:10014000FE02FE02FE02FE02FE02FE02FE02FE02AF
:10015000FE02FE02FE02FE02FE02FE02FE02FE029F
:10016000FE02FE02FE02FE02FE02FE02FE02FE028F
:10017000FE02FE02FE02FE02FE02FE02FE02FE027F
:10018000FE02FE02FE02FE02FE02FE02FE02FE026F
:10019000FE02FE02FE02FE02FE02FE02FE02FE025F
:1001A000FE02FE02FE02FE02FE02FE02FE02FE024F
:1001B000FE02FE02FE02FE02FE02FE02FE02FE023F
:1001C000FE02FE02FE02FE02FE02FE02FE02FE022F
:1001D000FE02FE02FE02FE02FE02FE02FE02FE021F
:1001E000FE02FE02FE02FE02FE02FE02FE02FE020F
:1001F000FE02FE02FE02FE02FE02FE02FE02FE02FF
:10020000FE02FE02FE02FE02FE02FE02FE02FE02EE
:10021000FE02FE02FE02FE02FE02FE02FE02FE02DE
:10022000FE02FE02FE02FE02FE02FE02FE02FE02CE
:10023000FE02FE02FE02FE02FE02FE02FE02FE02BE
:10024000FE02FE02FE02FE02FE02FE02FE02FE02AE
:10025000FE02FE02FE02FE02FE02FE02FE02FE029E
:10026000FE02FE02FE02FE02FE02FE02FE02FE028E
:10027000FE02FE02FE02FE02FE02FE02FE02FE027E
:10028000FE02FE02FE02FE02FE02FE02FE02FE026E
:10029000FE02FE02FE02FE02FE02FE02FE02FE025E
:1002A000FE02FE02FE02FE02FE02FE02FE02FE024E
:1002B000FE02FE02FE02FE02FE02FE02FE02FE023E
:1002C000FE02FE02FE02FE02FE02FE02FE02FE022E
:1002D000FE02FE02FE02FE02FE02FE02FE02FE021E
:1002E000FE02FE02FE02FE02FE02FE02FE02FE020E
:1002F000FE02FE02FE02FE02FE02FE02FE02FE02FE
:10030000FE02FE02FE02FE02FE02FE02FE02FE02ED
:10031000FE02FE02FE02FE02FE02FE02FE02FE02DD
:10032000FE02FE02FE02FE02FE02FE02FE02FE02CD
:10033000FE02FE02FE02FE02FE02FE02FE02FE02BD
:10034000FE02FE02FE02FE02FE02FE02FE02FE02AD
:10035000FE02FE02FE02FE02FE02FE02FE02FE029D
:10036000FE02FE02FE02FE02FE02FE02FE02FE028D
:10037000FE02FE02FE02FE02FE02FE02FE02FE027D
:10038000FE02FE02FE02FE02FE02FE02FE02FE026D
:10039000FE02FE02FE02FE02FE02FE02FE02FE025D
:1003A000FE02FE02FE02FE02FE02FE02FE02FE024D
:1003B000FE02FE02FE02FE02FE02FE02FE02FE023D
:1003C000FE02FE02FE02FE02FE02FE02FE02FE022D
:1003D000FE02FE02FE02FE02FE02FE02FE02FE021D
:1003E000FE02FE02FE02FE02FE02FE02FE02FE020D
:1003F000FE02FE02FE02FE02FE02FE02FE02FE02FD
:10040000FE02FE02FE02FE02FE02FE02FE02FE02EC
:10041000FE02FE02FE02FE02FE02FE02FE02FE02DC
:10042000FE02FE02FE02FE02FE02FE02FE02FE02CC
:10043000FE02FE02FE02FE02FE02FE02FE02FE02BC
:10044000FE02FE02FE02FE02FE02FE02FE02FE02AC
:10045000FE02FE02FE02FE02FE02FE02FE02FE029C
:10046000FE02FE02FE02FE02FE02FE02FE02FE028C
:10047000FE02FE02FE02FE02FE02FE02FE02FE027C
:10048000FE02FE02FE02FE02FE02FE02FE02FE026C
:10049000FE02FE02FE02FE02FE02FE02FE02FE025C
:1004A000FE02FE02FE02FE02FE02FE02FE02FE024C
:1004B000FE02FE02FE02FE02FE02FE02FE02FE023C
:1004C000FE02FE02FE02FE02FE02FE02FE02FE022C
:1004D000FE02FE02FE02FE02FE02FE02FE02FE021C
:1004E000FE02FE02FE02FE02FE02FE02FE02FE020C
:1004F000FE02FE02FE02FE02FE02FE02FE02FE02FC
:10050000FE02FE02FE02FE02FE02FE02FE02FE02EB
:10051000FE02FE02FE02FE02FE02FE02FE02FE02DB
:10052000FE02FE02FE02FE02FE02FE02FE02FE02CB
:10053000FE02FE02FE02FE02FE02FE02FE02FE02BB
:10054000FE02FE02FE02FE02FE02FE02FE02FE02AB
:10055000FE02FE02FE02FE02FE02FE02FE02FE029B
:10056000FE02FE02FE02FE02FE02FE02FE02FE028B
:10057000FE02FE02FE02FE02FE02FE02FE02FE027B
:10058000FE02FE02FE02FE02FE02FE02FE02FE026B
:10059000FE02FE02FE02FE02FE02FE02FE02FE025B
:1005A000FE02FE02FE02FE02FE02FE02FE02FE024B
:1005B000FE02FE02FE02FE02FE02FE02FE02FE023B
:1005C000FE02FE02FE02FE02FE02FE02FE02FE022B
:1005D000FE02FE02FE02FE02FE02FE02FE02FE021B
:1005E000FE02FE02FE02FE02FE02FE02FE02FE020B
:1005F000FE02FE02FE02FE02FE02FE02FE02FE02FB
:10060000FE02FE02FE02FE02FE02FE02FE02FE02EA
:10061000FE02FE02FE02FE02FE02FE02FE02FE02DA
:10062000FE02FE02FE02FE02FE02FE02FE02FE02CA
:10063000FE02FE02FE02FE02FE02FE02FE02FE02BA
:10064000FE02FE02FE02FE02FE02FE02FE02FE02AA
:10065000FE02FE02FE02FE02FE02FE02FE02FE029A
:10066000FE02FE02FE02FE02FE02FE02FE02FE028A
:10067000FE02FE02FE02FE02FE02FE02FE02FE027A
:10068000FE02FE02FE02FE02FE02FE02FE02FE026A
:10069000FE02FE02FE02FE02FE02FE02FE02FE025A
:1006A000FE02FE02FE02FE02FE02FE02FE02FE024A
:1006B000FE02FE02FE02FE02FE02FE02FE02FE023A
:1006C000FE02FE02FE02FE02FE02FE02FE02FE022A
:1006D000FE02FE02FE02FE02FE02FE02FE02FE021A
:1006E000FE02FE02FE02FE02FE02FE02FE02FE020A
:1006F000FE02FE02FE02FE02FE02FE02FE02FE02FA
:10070000FE02FE02FE02FE02FE02FE02FE02FE02E9
:10071000FE02FE02FE02FE02FE02FE02FE02FE02D9
:10072000FE02FE02FE02FE02FE02FE02FE02FE02C9
:10073000FE02FE02FE02FE02FE02FE02FE02FE02B9
:10074000FE02FE02FE02FE02FE02FE02FE02FE02A9
:10075000FE02FE02FE02FE02FE02FE02FE02FE0299
:10076000FE02FE02FE02FE02FE02FE02FE02FE0289
:10077000FE02FE02FE02FE02FE02FE02FE02FE0279
:10078000FE02FE02FE02FE02FE02FE02FE02FE0269
:10079000FE02FE02FE02FE02FE02FE02FE02FE0259
:1007A000FE02FE02FE02FE02FE02FE02FE02FE0249
:1007B000FE02FE02FE02FE02FE02FE02FE02FE0239
:1007C000FE02FE02FE02FE02FE02FE02FE02FE0229
:1007D000FE02FE02FE02FE02FE02FE02FE02FE0219
:1007E000FE02FE02FE02FE02FE02FE02FE02FE0209
:1007F000FE02FE02FE02FE02FE02FE02FE02FE02F9
:10080000FE02FE02FE02FE02FE02FE02FE02FE02E8
:10081000FE02FE02FE02FE02FE02FE02FE02FE02D8
:10082000FE02FE02FE02FE02FE02FE02FE02FE02C8
:10083000FE02FE02FE02FE02FE02FE02FE02FE02B8
:10084000FE02FE02FE02FE02FE02FE02FE02FE02A8
:10085000FE02FE02FE02FE02FE02FE02FE02FE0298
:10086000FE02FE02FE02FE02FE02FE02FE02FE0288
:10087000FE02FE02FE02FE02FE02FE02FE02FE0278
:10088000FE02FE02FE02FE02FE02FE02FE02FE0268
:10089000FE02FE02FE02FE02FE02FE02FE02FE0258
:1008A000FE02FE02FE02FE02FE02FE02FE02FE0248
:1008B000FE02FE02FE02FE02FE02FE02FE02FE0238
:1008C000FE02FE02FE02FE02FE02FE02FE02FE0228
:1008D000FE02FE02FE02FE02FE02FE02FE02FE0218
:1008E000FE02FE02FE02FE02FE02FE02FE02FE0208
:1008F000FE02FE02FE02FE02FE02FE02FE02FE02F8
:10090000FE02FE02FE02FE02FE02FE02FE02FE02E7
:10091000FE02FE02FE02FE02FE02FE02FE02FE02D7
:10092000FE02FE02FE02FE02FE02FE02FE02FE02C7
:10093000FE02FE02FE02FE02FE02FE02FE02FE02B7
:10094000FE02FE02FE02FE02FE02FE02FE02FE02A7
:10095000FE02FE02FE02FE02FE02FE02FE02FE0297
:10096000FE02FE02FE02FE02FE02FE02FE02FE0287
:10097000FE02FE02FE02FE02FE02FE02FE02FE0277
:10098000FE02FE02FE02FE02FE02FE02FE02FE0267
:10099000FE02FE02FE02FE02FE02FE02FE02FE0257
:1009A000FE02FE02FE02FE02FE02FE02FE02FE0247
:1009B000FE02FE02FE02FE02FE02FE02FE02FE0237
:1009C000FE02FE02FE02FE02FE02FE02FE02FE0227
:1009D000FE02FE02FE02FE02FE02FE02FE02FE0217
:1009E000FE02FE02FE02FE02FE02FE02FE02FE0207
:1009F000FE02FE02FE02FE02FE02FE02FE02FE02F7
:100A0000FE02FE02FE02FE02FE02FE02FE02FE02E6
:100A1000FE02FE02FE02FE02FE02FE02FE02FE02D6
:100A2000FE02FE02FE02FE02FE02FE02FE02FE02C6
:100A3000FE02FE02FE02FE02FE02FE02FE02FE02B6
:100A4000FE02FE02FE02FE02FE02FE02FE02FE02A6
:100A5000FE02FE02FE02FE02FE02FE02FE02FE0296
:100A6000FE02FE02FE02FE02FE02FE02FE02FE0286
:100A7000FE02FE02FE02FE02FE02FE02FE02FE0276
:100A8000FE02FE02FE02FE02FE02FE02FE02FE0266
:100A9000FE02FE02FE02FE02FE02FE02FE02FE0256
:100AA000FE02FE02FE02FE02FE02FE02FE02FE0246
:100AB000FE02FE02FE02FE02FE02FE02FE02FE0236
:100AC000FE02FE02FE02FE02FE02FE02FE02FE0226
:100AD000FE02FE02FE02FE02FE02FE02FE02FE0216
:100AE000FE02FE02FE02FE02FE02FE02FE02FE0206
:100AF000FE02FE02FE02FE02FE02FE02FE02FE02F6
:100B0000FE02FE02FE02FE02FE02FE02FE02FE02E5
:100B1000FE02FE02FE02FE02FE02FE02FE02FE02D5
:100B2000FE02FE02FE02FE02FE02FE02FE02FE02C5
:100B3000FE02FE02FE02FE02FE02FE02FE02FE02B5
:100B4000FE02FE02FE02FE02FE02FE02FE02FE02A5
:100B5000FE02FE02FE02FE02FE02FE02FE02FE0295
:100B6000FE02FE02FE02FE02FE02FE02FE02FE0285
:100B7000FE02FE02FE02FE02FE02FE02FE02FE0275
:100B8000FE02FE02FE02FE02FE02FE02FE02FE0265
:100B9000FE02FE02FE02FE02FE02FE02FE02FE0255
:100BA000FE02FE02FE02FE02FE02FE02FE02FE0245
:100BB000FE02FE02FE02FE02FE02FE02FE02FE0235
:100BC000FE02FE02FE02FE02FE02FE02FE02FE0225
:100BD000FE02FE02FE02FE02FE02FE02FE02FE0215
:100BE000FE02FE02FE02FE02FE02FE02FE02FE0205
:100BF000FE02FE02FE02FE02FE02FE02FE02FE02F5
:100C0000FE02FE02FE02FE02FE02FE02FE02FE02E4
:100C1000FE02FE02FE02FE02FE02FE02FE02FE02D4
:100C2000FE02FE02FE02FE02FE02FE02FE02FE02C4
:100C3000FE02FE02FE02FE02FE02FE02FE02FE02B4
:100C4000FE02FE02FE02FE02FE02FE02FE02FE02A4
:100C5000FE02FE02FE02FE02FE02FE02FE02FE0294
:100C6000FE02FE02FE02FE02FE02FE02FE02FE0284
:100C7000FE02FE02FE02FE02FE02FE02FE02FE0274
:100C8000FE02FE02FE02FE02FE02FE02FE02FE0264
:100C9000FE02FE02FE02FE02FE02FE02FE02FE0254
:100CA000FE02FE02FE02FE02FE02FE02FE02FE0244
:100CB000FE02FE02FE02FE02FE02FE02FE02FE0234
:100CC000FE02FE02FE02FE02FE02FE02FE02FE0224
:100CD000FE02FE02FE02FE02FE02FE02FE02FE0214
:100CE000FE02FE02FE02FE02FE02FE02FE02FE0204
:100CF000FE02FE02FE02FE02FE02FE02FE02FE02F4
:100D0000FE02FE02FE02FE02FE02FE02FE02FE02E3
:100D1000FE02FE02FE02FE02FE02FE02FE02FE02D3
:100D2000FE02FE02FE02FE02FE02FE02FE02FE02C3
:100D3000FE02FE02FE02FE02FE02FE02FE02FE02B3
:100D4000FE02FE02FE02FE02FE02FE02FE02FE02A3
:100D5000FE02FE02FE02FE02FE02FE02FE02FE0293
:100D6000FE02FE02FE02FE02FE02FE02FE02FE0283
:100D7000FE02FE02FE02FE02FE02FE02FE02FE0273
:100D8000FE02FE02FE02FE02FE02FE02FE02FE0263
:100D9000FE02FE02FE02FE02FE02FE02FE02FE0253
:100DA000FE02FE02FE02FE02FE02FE02FE02FE0243
:100DB000FE02FE02FE02FE02FE02FE02FE02FE0233
:100DC000FE02FE02FE02FE02FE02FE02FE02FE0223
:100DD000FE02FE02FE02FE02FE02FE02FE02FE0213
:100DE000FE02FE02FE02FE02FE02FE02FE02FE0203
:100DF000FE02FE02FE02FE02FE02FE02FE02FE02F3
:100E0000FE02FE02FE02FE02FE02FE02FE02FE02E2
:100E1000FE02FE02FE02FE02FE02FE02FE02FE02D2
:100E2000FE02FE02FE02FE02FE02FE02FE02FE02C2
:100E3000FE02FE02FE02FE02FE02FE02FE02FE02B2
:100E4000FE02FE02FE02FE02FE02FE02FE02FE02A2
:100E5000FE02FE02FE02FE02FE02FE02FE02FE0292
:100E6000FE02FE02FE02FE02FE02FE02FE02FE0282
:100E7000FE02FE02FE02FE02FE02FE02FE02FE0272
:100E8000FE02FE02FE02FE02FE02FE02FE02FE0262
:100E9000FE02FE02FE02FE02FE02FE02FE02FE0252
:100EA000FE02FE02FE02FE02FE02FE02FE02FE0242
:100EB000FE02FE02FE02FE02FE02FE02FE02FE0232
:100EC000FE02FE02FE02FE02FE02FE02FE02FE0222
:100ED000FE02FE02FE02FE02FE02FE02FE02FE0212
:100EE000FE02FE02FE02FE02FE02FE02FE02FE0202
:100EF000FE02FE02FE02FE02FE02FE02FE02FE02F2
:100F0000FE02FE02FE02FE02FE02FE02FE02FE02E1
:100F1000FE02FE02FE02FE02FE02FE02FE02FE02D1
:100F2000FE02FE02FE02FE02FE02FE02FE02FE02C1
:100F3000FE02FE02FE02FE02FE02FE02FE02FE02B1
:100F4000FE02FE02FE02FE02FE02FE02FE02FE02A1
:100F5000FE02FE02FE02FE02FE02FE02FE02FE0291
:100F6000FE02FE02FE02FE02FE02FE02FE02FE0281
:100F7000FE02FE02FE02FE02FE02FE02FE02FE0271
:100F8000FE02FE02FE02FE02FE02FE02FE02FE0261
:100F9000FE02FE02FE02FE02FE02FE02FE02FE0251
:100FA000FE02FE02FE02FE02FE02FE02FE02FE0241
:100FB000FE02FE02FE02FE02FE02FE02FE02FE0231
:100FC000FE02FE02FE02FE02FE02FE02FE02FE0221
:100FD000FE02FE02FE02FE02FE02FE02FE02FE0211
:100FE000FE02FE02FE02FE02FE02FE02FE02FE0201
:100FF000FE02FE02FE02FE02FE02FE02FE02FE02F1
:10100000FE02FE02FE02FE02FE02FE02FE02FE02E0
:10101000FE02FE02FE02FE02FE02FE02FE02FE02D0
:10102000FE02FE02FE02FE02FE02FE02FE02FE02C0
:10103000FE02FE02FE02FE02FE02FE02FE02FE02B0
:10104000FE02FE02FE02FE02FE02FE02FE02FE02A0
:10105000FE02FE02FE02FE02FE02FE02FE02FE0290
:10106000FE02FE02FE02FE02FE02FE02FE02FE0280
:10107000FE02FE02FE02FE02FE02FE02FE02FE0270
:10108000FE02FE02FE02FE02FE02FE02FE02FE0260
:10109000FE02FE02FE02FE02FE02FE02FE02FE0250
:1010A000FE02FE02FE02FE02FE02FE02FE02FE0240
:1010B000FE02FE02FE02FE02FE02FE02FE02FE0230
:1010C000FE02FE02FE02FE02FE02FE02FE02FE0220
:1010D000FE02FE02FE02FE02FE02FE02FE02FE0210
:1010E000FE02FE02FE02FE02FE02FE02FE02FE0200
:1010F000FE02FE02FE02FE02FE02FE02FE02FE02F0
:10110000FE02FE02FE02FE02FE02FE02FE02FE02DF
:10111000FE02FE02FE02FE02FE02FE02FE02FE02CF
:10112000FE02FE02FE02FE02FE02FE02FE02FE02BF
:10113000FE02FE02FE02FE02FE02FE02FE02FE02AF
:10114000FE02FE02FE02FE02FE02FE02FE02FE029F
:10115000FE02FE02FE02FE02FE02FE02FE02FE028F
:10116000FE02FE02FE02FE02FE02FE02FE02FE027F
:10117000FE02FE02FE02FE02FE02FE02FE02FE026F
:10118000FE02FE02FE02FE02FE02FE02FE02FE025F
:10119000FE02FE02FE02FE02FE02FE02FE02FE024F
:1011A000FE02FE02FE02FE02FE02FE02FE02FE023F
:1011B000FE02FE02FE02FE02FE02FE02FE02FE022F
:1011C000FE02FE02FE02FE02FE02FE02FE02FE021F
:1011D000FE02FE02FE02FE02FE02FE02FE02FE020F
:1011E000FE02FE02FE02FE02FE02FE02FE02FE02FF
:1011F000FE02FE02FE02FE02FE02FE02FE02FE02EF
:10120000FE02FE02FE02FE02FE02FE02FE02FE02DE
:10121000FE02FE02FE02FE02FE02FE02FE02FE02CE
:10122000FE02FE02FE02FE02FE02FE02FE02FE02BE
:10123000FE02FE02FE02FE02FE02FE02FE02FE02AE
:10124000FE02FE02FE02FE02FE02FE02FE02FE029E
:10125000FE02FE02FE02FE02FE02FE02FE02FE028E
:10126000FE02FE02FE02FE02FE02FE02FE02FE027E
:10127000FE02FE02FE02FE02FE02FE02FE02FE026E
:10128000FE02FE02FE02FE02FE02FE02FE02FE025E
:10129000FE02FE02FE02FE02FE02FE02FE02FE024E
:1012A000FE02FE02FE02FE02FE02FE02FE02FE023E
:1012B000FE02FE02FE02FE02FE02FE02FE02FE022E
:1012C000FE02FE02FE02FE02FE02FE02FE02FE021E
:1012D000FE02FE02FE02FE02FE02FE02FE02FE020E
:1012E000FE02FE02FE02FE02FE02FE02FE02FE02FE
:1012F000FE02FE02FE02FE02FE02FE02FE02FE02EE
:10130000FE02FE02FE02FE02FE02FE02FE02FE02DD
:10131000FE02FE02FE02FE02FE02FE02FE02FE02CD
:10132000FE02FE02FE02FE02FE02FE02FE02FE02BD
:10133000FE02FE02FE02FE02FE02FE02FE02FE02AD
:10134000FE02FE02FE02FE02FE02FE02FE02FE029D
:10135000FE02FE02FE02FE02FE02FE02FE02FE028D
:10136000FE02FE02FE02FE02FE02FE02FE02FE027D
:10137000FE02FE02FE02FE02FE02FE02FE02FE026D
:10138000FE02FE02FE02FE02FE02FE02FE02FE025D
:10139000FE02FE02FE02FE02FE02FE02FE02FE024D
:1013A000FE02FE02FE02FE02FE02FE02FE02FE023D
:1013B000FE02FE02FE02FE02FE02FE02FE02FE022D
:1013C000FE02FE02FE02FE02FE02FE02FE02FE021D
:1013D000FE02FE02FE02FE02FE02FE02FE02FE020D
:1013E000FE02FE02FE02FE02FE02FE02FE02FE02FD
:1013F000FE02FE02FE02FE02FE02FE02FE02FE02ED
:10140000FE02FE02FE02FE02FE02FE02FE02FE02DC
:10141000FE02FE02FE02FE02FE02FE02FE02FE02CC
:10142000FE02FE02FE02FE02FE02FE02FE02FE02BC
:10143000FE02FE02FE02FE02FE02FE02FE02FE02AC
:10144000FE02FE02FE02FE02FE02FE02FE02FE029C
:10145000FE02FE02FE02FE02FE02FE02FE02FE028C
:10146000FE02FE02FE02FE02FE02FE02FE02FE027C
:10147000FE02FE02FE02FE02FE02FE02FE02FE026C
:10148000FE02FE02FE02FE02FE02FE02FE02FE025C
:10149000FE02FE02FE02FE02FE02FE02FE02FE024C
:1014A000FE02FE02FE02FE02FE02FE02FE02FE023C
:1014B000FE02FE02FE02FE02FE02FE02FE02FE022C
:1014C000FE02FE02FE02FE02FE02FE02FE02FE021C
:1014D000FE02FE02FE02FE02FE02FE02FE02FE020C
:1014E000FE02FE02FE02FE02FE02FE02FE02FE02FC
:1014F000FE02FE02FE02FE02FE02FE02FE02FE02EC
:10150000FE02FE02FE02FE02FE02FE02FE02FE02DB
:10151000FE02FE02FE02FE02FE02FE02FE02FE02CB
:10152000FE02FE02FE02FE02FE02FE02FE02FE02BB
:10153000FE02FE02FE02FE02FE02FE02FE02FE02AB
:10154000FE02FE02FE02FE02FE02FE02FE02FE029B
:10155000FE02FE02FE02FE02FE02FE02FE02FE028B
:10156000FE02FE02FE02FE02FE02FE02FE02FE027B
:10157000FE02FE02FE02FE02FE02FE02FE02FE026B
:10158000FE02FE02FE02FE02FE02FE02FE02FE025B
:10159000FE02FE02FE02FE02FE02FE02FE02FE024B
:1015A000FE02FE02FE02FE02FE02FE02FE02FE023B
:1015B000FE02FE02FE02FE02FE02FE02FE02FE022B
:1015C000FE02FE02FE02FE02FE02FE02FE02FE021B
:1015D000FE02FE02FE02FE02FE02FE02FE02FE020B
:1015E000FE02FE02FE02FE02FE02FE02FE02FE02FB
:1015F000FE02FE02FE02FE02FE02FE02FE02FE02EB
:10160000FE02FE02FE02FE02FE02FE02FE02FE02DA
:10161000FE02FE02FE02FE02FE02FE02FE02FE02CA
:10162000FE02FE02FE02FE02FE02FE02FE02FE02BA
:10163000FE02FE02FE02FE02FE02FE02FE02FE02AA
:10164000FE02FE02FE02FE02FE02FE02FE02FE029A
:10165000FE02FE02FE02FE02FE02FE02FE02FE028A
:10166000FE02FE02FE02FE02FE02FE02FE02FE027A
:10167000FE02FE02FE02FE02FE02FE02FE02FE026A
:10168000FE02FE02FE02FE02FE02FE02FE02FE025A
:10169000FE02FE02FE02FE02FE02FE02FE02FE024A
:1016A000FE02FE02FE02FE02FE02FE02FE02FE023A
:1016B000FE02FE02FE02FE02FE02FE02FE02FE022A
:1016C000FE02FE02FE02FE02FE02FE02FE02FE021A
:1016D000FE02FE02FE02FE02FE02FE02FE02FE020A
:1016E000FE02FE02FE02FE02FE02FE02FE02FE02FA
:1016F000FE02FE02FE02FE02FE02FE02FE02FE02EA
:10170000FE02FE02FE02FE02FE02FE02FE02FE02D9
:10171000FE02FE02FE02FE02FE02FE02FE02FE02C9
:10172000FE02FE02FE02FE02FE02FE02FE02FE02B9
:10173000FE02FE02FE02FE02FE02FE02FE02FE02A9
:10174000FE02FE02FE02FE02FE02FE02FE02FE0299
:10175000FE02FE02FE02FE02FE02FE02FE02FE0289
:10176000FE02FE02FE02FE02FE02FE02FE02FE0279
:10177000FE02FE02FE02FE02FE02FE02FE02FE0269
:10178000FE02FE02FE02FE02FE02FE02FE02FE0259
:10179000FE02FE02FE02FE02FE02FE02FE02FE0249
:1017A000FE02FE02FE02FE02FE02FE02FE02FE0239
:1017B000FE02FE02FE02FE02FE02FE02FE02FE0229
:1017C000FE02FE02FE02FE02FE02FE02FE02FE0219
:1017D000FE02FE02FE02FE02FE02FE02FE02FE0209
:1017E000FE02FE02FE02FE02FE02FE02FE02FE02F9
:1017F000FE02FE02FE02FE02FE02FE02FE02FE02E9
:10180000FE02FE02FE02FE02FE02FE02FE02FE02D8
:10181000FE02FE02FE02FE02FE02FE02FE02FE02C8
:10182000FE02FE02FE02FE02FE02FE02FE02FE02B8
:10183000FE02FE02FE02FE02FE02FE02FE02FE02A8
:10184000FE02FE02FE02FE02FE02FE02FE02FE0298
:10185000FE02FE02FE02FE02FE02FE02FE02FE0288
:10186000FE02FE02FE02FE02FE02FE02FE02FE0278
:10187000FE02FE02FE02FE02FE02FE02FE02FE0268
:10188000FE02FE02FE02FE02FE02FE02FE02FE0258
:10189000FE02FE02FE02FE02FE02FE02FE02FE0248
:1018A000FE02FE02FE02FE02FE02FE02FE02FE0238
:1018B000FE02FE02FE02FE02FE02FE02FE02FE0228
:1018C000FE02FE02FE02FE02FE02FE02FE02FE0218
:1018D000FE02FE02FE02FE02FE02FE02FE02FE0208
:1018E000FE02FE02FE02FE02FE02FE02FE02FE02F8
:1018F000FE02FE02FE02FE02FE02FE02FE02FE02E8
:10190000FE02FE02FE02FE02FE02FE02FE02FE02D7
:10191000FE02FE02FE02FE02FE02FE02FE02FE02C7
:10192000FE02FE02FE02FE02FE02FE02FE02FE02B7
:10193000FE02FE02FE02FE02FE02FE02FE02FE02A7
:10194000FE02FE02FE02FE02FE02FE02FE02FE0297
:10195000FE02FE02FE02FE02FE02FE02FE02FE0287
:10196000FE02FE02FE02FE02FE02FE02FE02FE0277
:10197000FE02FE02FE02FE02FE02FE02FE02FE0267
:10198000FE02FE02FE02FE02FE02FE02FE02FE0257
:10199000FE02FE02FE02FE02FE02FE02FE02FE0247
:1019A000FE02FE02FE02FE02FE02FE02FE02FE0237
:1019B000FE02FE02FE02FE02FE02FE02FE02FE0227
:1019C000FE02FE02FE02FE02FE02FE02FE02FE0217
:1019D000FE02FE02FE02FE02FE02FE02FE02FE0207
:1019E000FE02FE02FE02FE02FE02FE02FE02FE02F7
:1019F000FE02FE02FE02FE02FE02FE02FE02FE02E7
:101A0000FE02FE02FE02FE02FE02FE02FE02FE02D6
:101A1000FE02FE02FE02FE02FE02FE02FE02FE02C6
:101A2000FE02FE02FE02FE02FE02FE02FE02FE02B6
:101A3000FE02FE02FE02FE02FE02FE02FE02FE02A6
:101A4000FE02FE02FE02FE02FE02FE02FE02FE0296
:101A5000FE02FE02FE02FE02FE02FE02FE02FE0286
:101A6000FE02FE02FE02FE02FE02FE02FE02FE0276
:101A7000FE02FE02FE02FE02FE02FE02FE02FE0266
:101A8000FE02FE02FE02FE02FE02FE02FE02FE0256
:101A9000FE02FE02FE02FE02FE02FE02FE02FE0246
:101AA000FE02FE02FE02FE02FE02FE02FE02FE0236
:101AB000FE02FE02FE02FE02FE02FE02FE02FE0226
:101AC000FE02FE02FE02FE02FE02FE02FE02FE0216
:101AD000FE02FE02FE02FE02FE02FE02FE02FE0206
:101AE000FE02FE02FE02FE02FE02FE02FE02FE02F6
:101AF000FE02FE02FE02FE02FE02FE02FE02FE02E6
:101B0000FE02FE02FE02FE02FE02FE02FE02FE02D5
:101B1000FE02FE02FE02FE02FE02FE02FE02FE02C5
:101B2000FE02FE02FE02FE02FE02FE02FE02FE02B5
:101B3000FE02FE02FE02FE02FE02FE02FE02FE02A5
:101B4000FE02FE02FE02FE02FE02FE02FE02FE0295
:101B5000FE02FE02FE02FE02FE02FE02FE02FE0285
:101B6000FE02FE02FE02FE02FE02FE02FE02FE0275
:101B7000FE02FE02FE02FE02FE02FE02FE02FE0265
:101B8000FE02FE02FE02FE02FE02FE02FE02FE0255
:101B9000FE02FE02FE02FE02FE02FE02FE02FE0245
:101BA000FE02FE02FE02FE02FE02FE02FE02FE0235
:101BB000FE02FE02FE02FE02FE02FE02FE02FE0225
:101BC000FE02FE02FE02FE02FE02FE02FE02FE0215
:101BD000FE02FE02FE02FE02FE02FE02FE02FE0205
:101BE000FE02FE02FE02FE02FE02FE02FE02FE02F5
:101BF000FE02FE02FE02FE02FE02FE02FE02FE02E5
:101C0000FE02FE02FE02FE02FE02FE02FE02FE02D4
:101C1000FE02FE02FE02FE02FE02FE02FE02FE02C4
:101C2000FE02FE02FE02FE02FE02FE02FE02FE02B4
:101C3000FE02FE02FE02FE02FE02FE02FE02FE02A4
:101C4000FE02FE02FE02FE02FE02FE02FE02FE0294
:101C5000FE02FE02FE02FE02FE02FE02FE02FE0284
:101C6000FE02FE02FE02FE02FE02FE02FE02FE0274
:101C7000FE02FE02FE02FE02FE02FE02FE02FE0264
:101C8000FE02FE02FE02FE02FE02FE02FE02FE0254
:101C9000FE02FE02FE02FE02FE02FE02FE02FE0244
:101CA000FE02FE02FE02FE02FE02FE02FE02FE0234
:101CB000FE02FE02FE02FE02FE02FE02FE02FE0224
:101CC000FE02FE02FE02FE02FE02FE02FE02FE0214
:101CD000FE02FE02FE02FE02FE02FE02FE02FE0204
:101CE000FE02FE02FE02FE02FE02FE02FE02FE02F4
:101CF000FE02FE02FE02FE02FE02FE02FE02FE02E4
:101D0000FE02FE02FE02FE02FE02FE02FE02FE02D3
:101D1000FE02FE02FE02FE02FE02FE02FE02FE02C3
:101D2000FE02FE02FE02FE02FE02FE02FE02FE02B3
:101D3000FE02FE02FE02FE02FE02FE02FE02FE02A3
:101D4000FE02FE02FE02FE02FE02FE02FE02FE0293
:101D5000FE02FE02FE02FE02FE02FE02FE02FE0283
:101D6000FE02FE02FE02FE02FE02FE02FE02FE0273
:101D7000FE02FE02FE02FE02FE02FE02FE02FE0263
:101D8000FE02FE02FE02FE02FE02FE02FE02FE0253
:101D9000FE02FE02FE02FE02FE02FE02FE02FE0243
:101DA000FE02FE02FE02FE02FE02FE02FE02FE0233
:101DB000FE02FE02FE02FE02FE02FE02FE02FE0223
:101DC000FE02FE02FE02FE02FE02FE02FE02FE0213
:101DD000FE02FE02FE02FE02FE02FE02FE02FE0203
:101DE000FE02FE02FE02FE02FE02FE02FE02FE02F3
:101DF000FE02FE02FE02FE02FE02FE02FE02FE02E3
:101E0000FE02FE02FE02FE02FE02FE02FE02FE02D2
:101E1000FE02FE02FE02FE02FE02FE02FE02FE02C2
:101E2000FE02FE02FE02FE02FE02FE02FE02FE02B2
:101E3000FE02FE02FE02FE02FE02FE02FE02FE02A2
:101E4000FE02FE02FE02FE02FE02FE02FE02FE0292
:101E5000FE02FE02FE02FE02FE02FE02FE02FE0282
:101E6000FE02FE02FE02FE02FE02FE02FE02FE0272
:101E7000FE02FE02FE02FE02FE02FE02FE02FE0262
:101E8000FE02FE02FE02FE02FE02FE02FE02FE0252
:101E9000FE02FE02FE02FE02FE02FE02FE02FE0242
:101EA000FE02FE02FE02FE02FE02FE02FE02FE0232
:101EB000FE02FE02FE02FE02FE02FE02FE02FE0222
:101EC000FE02FE02FE02FE02FE02FE02FE02FE0212
:101ED000FE02FE02FE02FE02FE02FE02FE02FE0202
:101EE000FE02FE02FE02FE02FE02FE02FE02FE02F2
:101EF000FE02FE02FE02FE02FE02FE02FE02FE02E2
:101F0000FE02FE02FE02FE02FE02FE02FE02FE02D1
:101F1000FE02FE02FE02FE02FE02FE02FE02FE02C1
:101F2000FE02FE02FE02FE02FE02FE02FE02FE02B1
:101F3000FE02FE02FE02FE02FE02FE02FE02FE02A1
:101F4000FE02FE02FE02FE02FE02FE02FE02FE0291
:101F5000FE02FE02FE02FE02FE02FE02FE02FE0281
:101F6000FE02FE02FE02FE02FE02FE02FE02FE0271
:101F7000FE02FE02FE02FE02FE02FE02FE02FE0261
:101F8000FE02FE02FE02FE02FE02FE02FE02FE0251
:101F9000FE02FE02FE02FE02FE02FE02FE02FE0241
:101FA000FE02FE02FE02FE02FE02FE02FE02FE0231
:101FB000FE02FE02FE02FE02FE02FE02FE02FE0221
:101FC000FE02FE02FE02FE02FE02FE02FE02FE0211
:101FD000FE02FE02FE02FE02FE02FE02FE02FE0201
:101FE000FE02FE02FE02FE02FE02FE02FE02FE02F1
:101FF000FE02FE02FE02FE02FE02FE02FE02FE02E1
:10200000FE02FE02FE02FE02FE02FE02FE02FE02D0
:10201000FE02FE02FE02FE02FE02FE02FE02FE02C0
:10202000FE02FE02FE02FE02FE02FE02FE02FE02B0
:10203000FE02FE02FE02FE02FE02FE02FE02FE02A0
:10204000FE02FE02FE02FE02FE02FE02FE02FE0290
:10205000FE02FE02FE02FE02FE02FE02FE02FE0280
:10206000FE02FE02FE02FE02FE02FE02FE02FE0270
:10207000FE02FE02FE02FE02FE02FE02FE02FE0260
:10208000FE02FE02FE02FE02FE02FE02FE02FE0250
:10209000FE02FE02FE02FE02FE02FE02FE02FE0240
:1020A000FE02FE02FE02FE02FE02FE02FE02FE0230
:1020B000FE02FE02FE02FE02FE02FE02FE02FE0220
:1020C000FE02FE02FE02FE02FE02FE02FE02FE0210
:1020D000FE02FE02FE02FE02FE02FE02FE02FE0200
:1020E000FE02FE02FE02FE02FE02FE02FE02FE02F0
:1020F000FE02FE02FE02FE02FE02FE02FE02FE02E0
:10210000FE02FE02FE02FE02FE02FE02FE02FE02CF
:10211000FE02FE02FE02FE02FE02FE02FE02FE02BF
:10212000FE02FE02FE02FE02FE02FE02FE02FE02AF
:10213000FE02FE02FE02FE02FE02FE02FE02FE029F
:10214000FE02FE02FE02FE02FE02FE02FE02FE028F
:10215000FE02FE02FE02FE02FE02FE02FE02FE027F
:10216000FE02FE02FE02FE02FE02FE02FE02FE026F
:10217000FE02FE02FE02FE02FE02FE02FE02FE025F
:10218000FE02FE02FE02FE02FE02FE02FE02FE024F
:10219000FE02FE02FE02FE02FE02FE02FE02FE023F
:1021A000FE02FE02FE02FE02FE02FE02FE02FE022F
:1021B000FE02FE02FE02FE02FE02FE02FE02FE021F
:1021C000FE02FE02FE02FE02FE02FE02FE02FE020F
:1021D000FE02FE02FE02FE02FE02FE02FE02FE02FF
:1021E000FE02FE02FE02FE02FE02FE02FE02FE02EF
:1021F000FE02FE02FE02FE02FE02FE02FE02FE02DF
:10220000FE02FE02FE02FE02FE02FE02FE02FE02CE
:10221000FE02FE02FE02FE02FE02FE02FE02FE02BE
:10222000FE02FE02FE02FE02FE02FE02FE02FE02AE
:10223000FE02FE02FE02FE02FE02FE02FE02FE029E
:10224000FE02FE02FE02FE02FE02FE02FE02FE028E
:10225000FE02FE02FE02FE02FE02FE02FE02FE027E
:10226000FE02FE02FE02FE02FE02FE02FE02FE026E
:10227000FE02FE02FE02FE02FE02FE02FE02FE025E
:10228000FE02FE02FE02FE02FE02FE02FE02FE024E
:10229000FE02FE02FE02FE02FE02FE02FE02FE023E
:1022A000FE02FE02FE02FE02FE02FE02FE02FE022E
:1022B000FE02FE02FE02FE02FE02FE02FE02FE021E
:1022C000FE02FE02FE02FE02FE02FE02FE02FE020E
:1022D000FE02FE02FE02FE02FE02FE02FE02FE02FE
:1022E000FE02FE02FE02FE02FE02FE02FE02FE02EE
:1022F000FE02FE02FE02FE02FE02FE02FE02FE02DE
:10230000FE02FE02FE02FE02FE02FE02FE02FE02CD
:10231000FE02FE02FE02FE02FE02FE02FE02FE02BD
:10232000FE02FE02FE02FE02FE02FE02FE02FE02AD
:10233000FE02FE02FE02FE02FE02FE02FE02FE029D
:10234000FE02FE02FE02FE02FE02FE02FE02FE028D
:10235000FE02FE02FE02FE02FE02FE02FE02FE027D
:10236000FE02FE02FE02FE02FE02FE02FE02FE026D
:10237000FE02FE02FE02FE02FE02FE02FE02FE025D
:10238000FE02FE02FE02FE02FE02FE02FE02FE024D
:10239000FE02FE02FE02FE02FE02FE02FE02FE023D
:1023A000FE02FE02FE02FE02FE02FE02FE02FE022D
:1023B000FE02FE02FE02FE02FE02FE02FE02FE021D
:1023C000FE02FE02FE02FE02FE02FE02FE02FE020D
:1023D000FE02FE02FE02FE02FE02FE02FE02FE02FD
:1023E000FE02FE02FE02FE02FE02FE02FE02FE02ED
:1023F000FE02FE02FE02FE02FE02FE02FE02FE02DD
:10240000FE02FE02FE02FE02FE02FE02FE02FE02CC
:10241000FE02FE02FE02FE02FE02FE02FE02FE02BC
:10242000FE02FE02FE02FE02FE02FE02FE02FE02AC
:10243000FE02FE02FE02FE02FE02FE02FE02FE029C
:10244000FE02FE02FE02FE02FE02FE02FE02FE028C
:10245000FE02FE02FE02FE02FE02FE02FE02FE027C
:10246000FE02FE02FE02FE02FE02FE02FE02FE026C
:10247000FE02FE02FE02FE02FE02FE02FE02FE025C
:10248000FE02FE02FE02FE02FE02FE02FE02FE024C
:10249000FE02FE02FE02FE02FE02FE02FE02FE023C
:1024A000FE02FE02FE02FE02FE02FE02FE02FE022C
:1024B000FE02FE02FE02FE02FE02FE02FE02FE021C
:1024C000FE02FE02FE02FE02FE02FE02FE02FE020C
:1024D000FE02FE02FE02FE02FE02FE02FE02FE02FC
:1024E000FE02FE02FE02FE02FE02FE02FE02FE02EC
:1024F000FE02FE02FE02FE02FE02FE02FE02FE02DC
:10250000FE02FE02FE02FE02FE02FE02FE02FE02CB
:10251000FE02FE02FE02FE02FE02FE02FE02FE02BB
:10252000FE02FE02FE02FE02FE02FE02FE02FE02AB
:10253000FE02FE02FE02FE02FE02FE02FE02FE029B
:10254000FE02FE02FE02FE02FE02FE02FE02FE028B
:10255000FE02FE02FE02FE02FE02FE02FE02FE027B
:10256000FE02FE02FE02FE02FE02FE02FE02FE026B
:10257000FE02FE02FE02FE02FE02FE02FE02FE025B
:10258000FE02FE02FE02FE02FE02FE02FE02FE024B
:10259000FE02FE02FE02FE02FE02FE02FE02FE023B
:1025A000FE02FE02FE02FE02FE02FE02FE02FE022B
:1025B000FE02FE02FE02FE02FE02FE02FE02FE021B
:1025C000FE02FE02FE02FE02FE02FE02FE02FE020B
:1025D000FE02FE02FE02FE02FE02FE02FE02FE02FB
:1025E000FE02FE02FE02FE02FE02FE02FE02FE02EB
:1025F000FE02FE02FE02FE02FE02FE02FE02FE02DB
:10260000FE02FE02FE02FE02FE02FE02FE02FE02CA
:10261000FE02FE02FE02FE02FE02FE02FE02FE02BA
:10262000FE02FE02FE02FE02FE02FE02FE02FE02AA
:10263000FE02FE02FE02FE02FE02FE02FE02FE029A
:10264000FE02FE02FE02FE02FE02FE02FE02FE028A
:10265000FE02FE02FE02FE02FE02FE02FE02FE027A
:10266000FE02FE02FE02FE02FE02FE02FE02FE026A
:10267000FE02FE02FE02FE02FE02FE02FE02FE025A
:10268000FE02FE02FE02FE02FE02FE02FE02FE024A
:10269000FE02FE02FE02FE02FE02FE02FE02FE023A
:1026A000FE02FE02FE02FE02FE02FE02FE02FE022A
:1026B000FE02FE02FE02FE02FE02FE02FE02FE021A
:1026C000FE02FE02FE02FE02FE02FE02FE02FE020A
:1026D000FE02FE02FE02FE02FE02FE02FE02FE02FA
:1026E000FE02FE02FE02FE02FE02FE02FE02FE02EA
:1026F000FE02FE02FE02FE02FE02FE02FE02FE02DA
:10270000FE02FE02FE02FE02FE02FE02FE02FE02C9
:10271000FE02FE02FE02FE02FE02FE02FE02FE02B9
:10272000FE02FE02FE02FE02FE02FE02FE02FE02A9
:10273000FE02FE02FE02FE02FE02FE02FE02FE0299
:10274000FE02FE02FE02FE02FE02FE02FE02FE0289
:10275000FE02FE02FE02FE02FE02FE02FE02FE0279
:10276000FE02FE02FE02FE02FE02FE02FE02FE0269
:10277000FE02FE02FE02FE02FE02FE02FE02FE0259
:10278000FE02FE02FE02FE02FE02FE02FE02FE0249
:10279000FE02FE02FE02FE02FE02FE02FE02FE0239
:1027A000FE02FE02FE02FE02FE02FE02FE02FE0229
:1027B000FE02FE02FE02FE02FE02FE02FE02FE0219
:1027C000FE02FE02FE02FE02FE02FE02FE02FE0209
:1027D000FE02FE02FE02FE02FE02FE02FE02FE02F9
:1027E000FE02FE02FE02FE02FE02FE02FE02FE02E9
:1027F000FE02FE02FE02FE02FE02FE02FE02FE02D9
:10280000FE02FE02FE02FE02FE02FE02FE02FE02C8
:10281000FE02FE02FE02FE02FE02FE02FE02FE02B8
:10282000FE02FE02FE02FE02FE02FE02FE02FE02A8
:10283000FE02FE02FE02FE02FE02FE02FE02FE0298
:10284000FE02FE02FE02FE02FE02FE02FE02FE0288
:10285000FE02FE02FE02FE02FE02FE02FE02FE0278
:10286000FE02FE02FE02FE02FE02FE02FE02FE0268
:10287000FE02FE02FE02FE02FE02FE02FE02FE0258
:10288000FE02FE02FE02FE02FE02FE02FE02FE0248
:10289000FE02FE02FE02FE02FE02FE02FE02FE0238
:1028A000FE02FE02FE02FE02FE02FE02FE02FE0228
:1028B000FE02FE02FE02FE02FE02FE02FE02FE0218
:1028C000FE02FE02FE02FE02FE02FE02FE02FE0208
:1028D000FE02FE02FE02FE02FE02FE02FE02FE02F8
:1028E000FE02FE02FE02FE02FE02FE02FE02FE02E8
:1028F000FE02FE02FE02FE02FE02FE02FE02FE02D8
:10290000FE02FE02FE02FE02FE02FE02FE02FE02C7
:10291000FE02FE02FE02FE02FE02FE02FE02FE02B7
:10292000FE02FE02FE02FE02FE02FE02FE02FE02A7
:10293000FE02FE02FE02FE02FE02FE02FE02FE0297
:10294000FE02FE02FE02FE02FE02FE02FE02FE0287
:10295000FE02FE02FE02FE02FE02FE02FE02FE0277
:10296000FE02FE02FE02FE02FE02FE02FE02FE0267
:10297000FE02FE02FE02FE02FE02FE02FE02FE0257
:10298000FE02FE02FE02FE02FE02FE02FE02FE0247
:10299000FE02FE02FE02FE02FE02FE02FE02FE0237
:1029A000FE02FE02FE02FE02FE02FE02FE02FE0227
:1029B000FE02FE02FE02FE02FE02FE02FE02FE0217
:1029C000FE02FE02FE02FE02FE02FE02FE02FE0207
:1029D000FE02FE02FE02FE02FE02FE02FE02FE02F7
:1029E000FE02FE02FE02FE02FE02FE02FE02FE02E7
:1029F000FE02FE02FE02FE02FE02FE02FE02FE02D7
:102A0000FE02FE02FE02FE02FE02FE02FE02FE02C6
:102A1000FE02FE02FE02FE02FE02FE02FE02FE02B6
:102A2000FE02FE02FE02FE02FE02FE02FE02FE02A6
:102A3000FE02FE02FE02FE02FE02FE02FE02FE0296
:102A4000FE02FE02FE02FE02FE02FE02FE02FE0286
:102A5000FE02FE02FE02FE02FE02FE02FE02FE0276
:102A6000FE02FE02FE02FE02FE02FE02FE02FE0266
:102A7000FE02FE02FE02FE02FE02FE02FE02FE0256
:102A8000FE02FE02FE02FE02FE02FE02FE02FE0246
:102A9000FE02FE02FE02FE02FE02FE02FE02FE0236
:102AA000FE02FE02FE02FE02FE02FE02FE02FE0226
:102AB000FE02FE02FE02FE02FE02FE02FE02FE0216
:102AC000FE02FE02FE02FE02FE02FE02FE02FE0206
:102AD000FE02FE02FE02FE02FE02FE02FE02FE02F6
:102AE000FE02FE02FE02FE02FE02FE02FE02FE02E6
:102AF000FE02FE02FE02FE02FE02FE02FE02FE02D6
:102B0000FE02FE02FE02FE02FE02FE02FE02FE02C5
:102B1000FE02FE02FE02FE02FE02FE02FE02FE02B5
:102B2000FE02FE02FE02FE02FE02FE02FE02FE02A5
:102B3000FE02FE02FE02FE02FE02FE02FE02FE0295
:102B4000FE02FE02FE02FE02FE02FE02FE02FE0285
:102B5000FE02FE02FE02FE02FE02FE02FE02FE0275
:102B6000FE02FE02FE02FE02FE02FE02FE02FE0265
:102B7000FE02FE02FE02FE02FE02FE02FE02FE0255
:102B8000FE02FE02FE02FE02FE02FE02FE02FE0245
:102B9000FE02FE02FE02FE02FE02FE02FE02FE0235
:102BA000FE02FE02FE02FE02FE02FE02FE02FE0225
:102BB000FE02FE02FE02FE02FE02FE02FE02FE0215
:102BC000FE02FE02FE02FE02FE02FE02FE02FE0205
:102BD000FE02FE02FE02FE02FE02FE02FE02FE02F5
:102BE000FE02FE02FE02FE02FE02FE02FE02FE02E5
:102BF000FE02FE02FE02FE02FE02FE02FE02FE02D5
:102C0000FE02FE02FE02FE02FE02FE02FE02FE02C4
:102C1000FE02FE02FE02FE02FE02FE02FE02FE02B4
:102C2000FE02FE02FE02FE02FE02FE02FE02FE02A4
:102C3000FE02FE02FE02FE02FE02FE02FE02FE0294
:102C4000FE02FE02FE02FE02FE02FE02FE02FE0284
:102C5000FE02FE02FE02FE02FE02FE02FE02FE0274
:102C6000FE02FE02FE02FE02FE02FE02FE02FE0264
:102C7000FE02FE02FE02FE02FE02FE02FE02FE0254
:102C8000FE02FE02FE02FE02FE02FE02FE02FE0244
:102C9000FE02FE02FE02FE02FE02FE02FE02FE0234
:102CA000FE02FE02FE02FE02FE02FE02FE02FE0224
:102CB000FE02FE02FE02FE02FE02FE02FE02FE0214
:102CC000FE02FE02FE02FE02FE02FE02FE02FE0204
:102CD000FE02FE02FE02FE02FE02FE02FE02FE02F4
:102CE000FE02FE02FE02FE02FE02FE02FE02FE02E4
:102CF000FE02FE02FE02FE02FE02FE02FE02FE02D4
:102D0000FE02FE02FE02FE02FE02FE02FE02FE02C3
:102D1000FE02FE02FE02FE02FE02FE02FE02FE02B3
:102D2000FE02FE02FE02FE02FE02FE02FE02FE02A3
:102D3000FE02FE02FE02FE02FE02FE02FE02FE0293
:102D4000FE02FE02FE02FE02FE02FE02FE02FE0283
:102D5000FE02FE02FE02FE02FE02FE02FE02FE0273
:102D6000FE02FE02FE02FE02FE02FE02FE02FE0263
:102D7000FE02FE02FE02FE02FE02FE02FE02FE0253
:102D8000FE02FE02FE02FE02FE02FE02FE02FE0243
:102D9000FE02FE02FE02FE02FE02FE02FE02FE0233
:102DA000FE02FE02FE02FE02FE02FE02FE02FE0223
:102DB000FE02FE02FE02FE02FE02FE02FE02FE0213
:102DC000FE02FE02FE02FE02FE02FE02FE02FE0203
:102DD000FE02FE02FE02FE02FE02FE02FE02FE02F3
:102DE000FE02FE02FE02FE02FE02FE02FE02FE02E3
:102DF000FE02FE02FE02FE02FE02FE02FE02FE02D3
:102E0000FE02FE02FE02FE02FE02FE02FE02FE02C2
:102E1000FE02FE02FE02FE02FE02FE02FE02FE02B2
:102E2000FE02FE02FE02FE02FE02FE02FE02FE02A2
:102E3000FE02FE02FE02FE02FE02FE02FE02FE0292
:102E4000FE02FE02FE02FE02FE02FE02FE02FE0282
:102E5000FE02FE02FE02FE02FE02FE02FE02FE0272
:102E6000FE02FE02FE02FE02FE02FE02FE02FE0262
:102E7000FE02FE02FE02FE02FE02FE02FE02FE0252
:102E8000FE02FE02FE02FE02FE02FE02FE02FE0242
:102E9000FE02FE02FE02FE02FE02FE02FE02FE0232
:102EA000FE02FE02FE02FE02FE02FE02FE02FE0222
:102EB000FE02FE02FE02FE02FE02FE02FE02FE0212
:102EC000FE02FE02FE02FE02FE02FE02FE02FE0202
:102ED000FE02FE02FE02FE02FE02FE02FE02FE02F2
:102EE000FE02FE02FE02FE02FE02FE02FE02FE02E2
:102EF000FE02FE02FE02FE02FE02FE02FE02FE02D2
:102F0000FE02FE02FE02FE02FE02FE02FE02FE02C1
:102F1000FE02FE02FE02FE02FE02FE02FE02FE02B1
:102F2000FE02FE02FE02FE02FE02FE02FE02FE02A1
:102F3000FE02FE02FE02FE02FE02FE02FE02FE0291
:102F4000FE02FE02FE02FE02FE02FE02FE02FE0281
:102F5000FE02FE02FE02FE02FE02FE02FE02FE0271
:102F6000FE02FE02FE02FE02FE02FE02FE02FE0261
:102F7000FE02FE02FE02FE02FE02FE02FE02FE0251
:102F8000FE02FE02FE02FE02FE02FE02FE02FE0241
:102F9000FE02FE02FE02FE02FE02FE02FE02FE0231
:102FA000FE02FE02FE02FE02FE02FE02FE02FE0221
:102FB000FE02FE02FE02FE02FE02FE02FE02FE0211
:102FC000FE02FE02FE02FE02FE02FE02FE02FE0201
:102FD000FE02FE02FE02FE02FE02FE02FE02FE02F1
:102FE000FE02FE02FE02FE02FE02FE02FE02FE02E1
:102FF000FE02FE02FE02FE02FE02FE02FE02FE02D1
:10300000FE02FE02FE02FE02FE02FE02FE02FE02C0
:10301000FE02FE02FE02FE02FE02FE02FE02FE02B0
:10302000FE02FE02FE02FE02FE02FE02FE02FE02A0
:10303000FE02FE02FE02FE02FE02FE02FE02FE0290
:10304000FE02FE02FE02FE02FE02FE02FE02FE0280
:10305000FE02FE02FE02FE02FE02FE02FE02FE0270
:10306000FE02FE02FE02FE02FE02FE02FE02FE0260
:10307000FE02FE02FE02FE02FE02FE02FE02FE0250
:10308000FE02FE02FE02FE02FE02FE02FE02FE0240
:10309000FE02FE02FE02FE02FE02FE02FE02FE0230
:1030A000FE02FE02FE02FE02FE02FE02FE02FE0220
:1030B000FE02FE02FE02FE02FE02FE02FE02FE0210
:1030C000FE02FE02FE02FE02FE02FE02FE02FE0200
:1030D000FE02FE02FE02FE02FE02FE02FE02FE02F0
:1030E000FE02FE02FE02FE02FE02FE02FE02FE02E0
:1030F000FE02FE02FE02FE02FE02FE02FE02FE02D0
:10310000FE02FE02FE02FE02FE02FE02FE02FE02BF
:10311000FE02FE02FE02FE02FE02FE02FE02FE02AF
:10312000FE02FE02FE02FE02FE02FE02FE02FE029F
:10313000FE02FE02FE02FE02FE02FE02FE02FE028F
:10314000FE02FE02FE02FE02FE02FE02FE02FE027F
:10315000FE02FE02FE02FE02FE02FE02FE02FE026F
:10316000FE02FE02FE02FE02FE02FE02FE02FE025F
:10317000FE02FE02FE02FE02FE02FE02FE02FE024F
:10318000FE02FE02FE02FE02FE02FE02FE02FE023F
:10319000FE02FE02FE02FE02FE02FE02FE02FE022F
:1031A000FE02FE02FE02FE02FE02FE02FE02FE021F
:1031B000FE02FE02FE02FE02FE02FE02FE02FE020F
:1031C000FE02FE02FE02FE02FE02FE02FE02FE02FF
:1031D000FE02FE02FE02FE02FE02FE02FE02FE02EF
:1031E000FE02FE02FE02FE02FE02FE02FE02FE02DF
:1031F000FE02FE02FE02FE02FE02FE02FE02FE02CF
:10320000FE02FE02FE02FE02FE02FE02FE02FE02BE
:10321000FE02FE02FE02FE02FE02FE02FE02FE02AE
:10322000FE02FE02FE02FE02FE02FE02FE02FE029E
:10323000FE02FE02FE02FE02FE02FE02FE02FE028E
:10324000FE02FE02FE02FE02FE02FE02FE02FE027E
:10325000FE02FE02FE02FE02FE02FE02FE02FE026E
:10326000FE02FE02FE02FE02FE02FE02FE02FE025E
:10327000FE02FE02FE02FE02FE02FE02FE02FE024E
:10328000FE02FE02FE02FE02FE02FE02FE02FE023E
:10329000FE02FE02FE02FE02FE02FE02FE02FE022E
:1032A000FE02FE02FE02FE02FE02FE02FE02FE021E
:1032B000FE02FE02FE02FE02FE02FE02FE02FE020E
:1032C000FE02FE02FE02FE02FE02FE02FE02FE02FE
:1032D000FE02FE02FE02FE02FE02FE02FE02FE02EE
:1032E000FE02FE02FE02FE02FE02FE02FE02FE02DE
:1032F000FE02FE02FE02FE02FE02FE02FE02FE02CE
:10330000FE02FE02FE02FE02FE02FE02FE02FE02BD
:10331000FE02FE02FE02FE02FE02FE02FE02FE02AD
:10332000FE02FE02FE02FE02FE02FE02FE02FE029D
:10333000FE02FE02FE02FE02FE02FE02FE02FE028D
:10334000FE02FE02FE02FE02FE02FE02FE02FE027D
:10335000FE02FE02FE02FE02FE02FE02FE02FE026D
:10336000FE02FE02FE02FE02FE02FE02FE02FE025D
:10337000FE02FE02FE02FE02FE02FE02FE02FE024D
:10338000FE02FE02FE02FE02FE02FE02FE02FE023D
:10339000FE02FE02FE02FE02FE02FE02FE02FE022D
:1033A000FE02FE02FE02FE02FE02FE02FE02FE021D
:1033B000FE02FE02FE02FE02FE02FE02FE02FE020D
:1033C000FE02FE02FE02FE02FE02FE02FE02FE02FD
:1033D000FE02FE02FE02FE02FE02FE02FE02FE02ED
:1033E000FE02FE02FE02FE02FE02FE02FE02FE02DD
:1033F000FE02FE02FE02FE02FE02FE02FE02FE02CD
:10340000FE02FE02FE02FE02FE02FE02FE02FE02BC
:10341000FE02FE02FE02FE02FE02FE02FE02FE02AC
:10342000FE02FE02FE02FE02FE02FE02FE02FE029C
:10343000FE02FE02FE02FE02FE02FE02FE02FE028C
:10344000FE02FE02FE02FE02FE02FE02FE02FE027C
:10345000FE02FE02FE02FE02FE02FE02FE02FE026C
:10346000FE02FE02FE02FE02FE02FE02FE02FE025C
:10347000FE02FE02FE02FE02FE02FE02FE02FE024C
:10348000FE02FE02FE02FE02FE02FE02FE02FE023C
:10349000FE02FE02FE02FE02FE02FE02FE02FE022C
:1034A000FE02FE02FE02FE02FE02FE02FE02FE021C
:1034B000FE02FE02FE02FE02FE02FE02FE02FE020C
:1034C000FE02FE02FE02FE02FE02FE02FE02FE02FC
:1034D000FE02FE02FE02FE02FE02FE02FE02FE02EC
:1034E000FE02FE02FE02FE02FE02FE02FE02FE02DC
:1034F000FE02FE02FE02FE02FE02FE02FE02FE02CC
:10350000FE02FE02FE02FE02FE02FE02FE02FE02BB
:10351000FE02FE02FE02FE02FE02FE02FE02FE02AB
:10352000FE02FE02FE02FE02FE02FE02FE02FE029B
:10353000FE02FE02FE02FE02FE02FE02FE02FE028B
:10354000FE02FE02FE02FE02FE02FE02FE02FE027B
:10355000FE02FE02FE02FE02FE02FE02FE02FE026B
:10356000FE02FE02FE02FE02FE02FE02FE02FE025B
:10357000FE02FE02FE02FE02FE02FE02FE02FE024B
:10358000FE02FE02FE02FE02FE02FE02FE02FE023B
:10359000FE02FE02FE02FE02FE02FE02FE02FE022B
:1035A000FE02FE02FE02FE02FE02FE02FE02FE021B
:1035B000FE02FE02FE02FE02FE02FE02FE02FE020B
:1035C000FE02FE02FE02FE02FE02FE02FE02FE02FB
:1035D000FE02FE02FE02FE02FE02FE02FE02FE02EB
:1035E000FE02FE02FE02FE02FE02FE02FE02FE02DB
:1035F000FE02FE02FE02FE02FE02FE02FE02FE02CB
:10360000FE02FE02FE02FE02FE02FE02FE02FE02BA
:10361000FE02FE02FE02FE02FE02FE02FE02FE02AA
:10362000FE02FE02FE02FE02FE02FE02FE02FE029A
:10363000FE02FE02FE02FE02FE02FE02FE02FE028A
:10364000FE02FE02FE02FE02FE02FE02FE02FE027A
:10365000FE02FE02FE02FE02FE02FE02FE02FE026A
:10366000FE02FE02FE02FE02FE02FE02FE02FE025A
:10367000FE02FE02FE02FE02FE02FE02FE02FE024A
:10368000FE02FE02FE02FE02FE02FE02FE02FE023A
:10369000FE02FE02FE02FE02FE02FE02FE02FE022A
:1036A000FE02FE02FE02FE02FE02FE02FE02FE021A
:1036B000FE02FE02FE02FE02FE02FE02FE02FE020A
:1036C000FE02FE02FE02FE02FE02FE02FE02FE02FA
:1036D000FE02FE02FE02FE02FE02FE02FE02FE02EA
:1036E000FE02FE02FE02FE02FE02FE02FE02FE02DA
:1036F000FE02FE02FE02FE02FE02FE02FE02FE02CA
:10370000FE02FE02FE02FE02FE02FE02FE02FE02B9
:10371000FE02FE02FE02FE02FE02FE02FE02FE02A9
:10372000FE02FE02FE02FE02FE02FE02FE02FE0299
:10373000FE02FE02FE02FE02FE02FE02FE02FE0289
:10374000FE02FE02FE02FE02FE02FE02FE02FE0279
:10375000FE02FE02FE02FE02FE02FE02FE02FE0269
:10376000FE02FE02FE02FE02FE02FE02FE02FE0259
:10377000FE02FE02FE02FE02FE02FE02FE02FE0249
:10378000FE02FE02FE02FE02FE02FE02FE02FE0239
:10379000FE02FE02FE02FE02FE02FE02FE02FE0229
:1037A000FE02FE02FE02FE02FE02FE02FE02FE0219
:1037B000FE02FE02FE02FE02FE02FE02FE02FE0209
:1037C000FE02FE02FE02FE02FE02FE02FE02FE02F9
:1037D000FE02FE02FE02FE02FE02FE02FE02FE02E9
:1037E000FE02FE02FE02FE02FE02FE02FE02FE02D9
:1037F000FE02FE02FE02FE02FE02FE02FE02FE02C9
:10380000FE02FE02FE02FE02FE02FE02FE02FE02B8
:10381000FE02FE02FE02FE02FE02FE02FE02FE02A8
:10382000FE02FE02FE02FE02FE02FE02FE02FE0298
:10383000FE02FE02FE02FE02FE02FE02FE02FE0288
:10384000FE02FE02FE02FE02FE02FE02FE02FE0278
:10385000FE02FE02FE02FE02FE02FE02FE02FE0268
:10386000FE02FE02FE02FE02FE02FE02FE02FE0258
:10387000FE02FE02FE02FE02FE02FE02FE02FE0248
:10388000FE02FE02FE02FE02FE02FE02FE02FE0238
:10389000FE02FE02FE02FE02FE02FE02FE02FE0228
:1038A000FE02FE02FE02FE02FE02FE02FE02FE0218
:1038B000FE02FE02FE02FE02FE02FE02FE02FE0208
:1038C000FE02FE02FE02FE02FE02FE02FE02FE02F8
:1038D000FE02FE02FE02FE02FE02FE02FE02FE02E8
:1038E000FE02FE02FE02FE02FE02FE02FE02FE02D8
:1038F000FE02FE02FE02FE02FE02FE02FE02FE02C8
:10390000FE02FE02FE02FE02FE02FE02FE02FE02B7
:10391000FE02FE02FE02FE02FE02FE02FE02FE02A7
:10392000FE02FE02FE02FE02FE02FE02FE02FE0297
:10393000FE02FE02FE02FE02FE02FE02FE02FE0287
:10394000FE02FE02FE02FE02FE02FE02FE02FE0277
:10395000FE02FE02FE02FE02FE02FE02FE02FE0267
:10396000FE02FE02FE02FE02FE02FE02FE02FE0257
:10397000FE02FE02FE02FE02FE02FE02FE02FE0247
:10398000FE02FE02FE02FE02FE02FE02FE02FE0237
:10399000FE02FE02FE02FE02FE02FE02FE02FE0227
:1039A000FE02FE02FE02FE02FE02FE02FE02FE0217
:1039B000FE02FE02FE02FE02FE02FE02FE02FE0207
:1039C000FE02FE02FE02FE02FE02FE02FE02FE02F7
:1039D000FE02FE02FE02FE02FE02FE02FE02FE02E7
:1039E000FE02FE02FE02FE02FE02FE02FE02FE02D7
:1039F000FE02FE02FE02FE02FE02FE02FE02FE02C7
:103A0000FE02FE02FE02FE02FE02FE02FE02FE02B6
:103A1000FE02FE02FE02FE02FE02FE02FE02FE02A6
:103A2000FE02FE02FE02FE02FE02FE02FE02FE0296
:103A3000FE02FE02FE02FE02FE02FE02FE02FE0286
:103A4000FE02FE02FE02FE02FE02FE02FE02FE0276
:103A5000FE02FE02FE02FE02FE02FE02FE02FE0266
:103A6000FE02FE02FE02FE02FE02FE02FE02FE0256
:103A7000FE02FE02FE02FE02FE02FE02FE02FE0246
:103A8000FE02FE02FE02FE02FE02FE02FE02FE0236
:103A9000FE02FE02FE02FE02FE02FE02FE02FE0226
:103AA000FE02FE02FE02FE02FE02FE02FE02FE0216
:103AB000FE02FE02FE02FE02FE02FE02FE02FE0206
:103AC000FE02FE02FE02FE02FE02FE02FE02FE02F6
:103AD000FE02FE02FE02FE02FE02FE02FE02FE02E6
:103AE000FE02FE02FE02FE02FE02FE02FE02FE02D6
:103AF000FE02FE02FE02FE02FE02FE02FE02FE02C6
:103B0000FE02FE02FE02FE02FE02FE02FE02FE02B5
:103B1000FE02FE02FE02FE02FE02FE02FE02FE02A5
:103B2000FE02FE02FE02FE02FE02FE02FE02FE0295
:103B3000FE02FE02FE02FE02FE02FE02FE02FE0285
:103B4000FE02FE02FE02FE02FE02FE02FE02FE0275
:103B5000FE02FE02FE02FE02FE02FE02FE02FE0265
:103B6000FE02FE02FE02FE02FE02FE02FE02FE0255
:103B7000FE02FE02FE02FE02FE02FE02FE02FE0245
:103B8000FE02FE02FE02FE02FE02FE02FE02FE0235
:103B9000FE02FE02FE02FE02FE02FE02FE02FE0225
:103BA000FE02FE02FE02FE02FE02FE02FE02FE0215
:103BB000FE02FE02FE02FE02FE02FE02FE02FE0205
:103BC000FE02FE02FE02FE02FE02FE02FE02FE02F5
:103BD000FE02FE02FE02FE02FE02FE02FE02FE02E5
:103BE000FE02FE02FE02FE02FE02FE02FE02FE02D5
:103BF000FE02FE02FE02FE02FE02FE02FE02FE02C5
:103C0000FE02FE02FE02FE02FE02FE02FE02FE02B4
:103C1000FE02FE02FE02FE02FE02FE02FE02FE02A4
:103C2000FE02FE02FE02FE02FE02FE02FE02FE0294
:103C3000FE02FE02FE02FE02FE02FE02FE02FE0284
:103C4000FE02FE02FE02FE02FE02FE02FE02FE0274
:103C5000FE02FE02FE02FE02FE02FE02FE02FE0264
:103C6000FE02FE02FE02FE02FE02FE02FE02FE0254
:103C7000FE02FE02FE02FE02FE02FE02FE02FE0244
:103C8000FE02FE02FE02FE02FE02FE02FE02FE0234
:103C9000FE02FE02FE02FE02FE02FE02FE02FE0224
:103CA000FE02FE02FE02FE02FE02FE02FE02FE0214
:103CB000FE02FE02FE02FE02FE02FE02FE02FE0204
:103CC000FE02FE02FE02FE02FE02FE02FE02FE02F4
:103CD000FE02FE02FE02FE02FE02FE02FE02FE02E4
:103CE000FE02FE02FE02FE02FE02FE02FE02FE02D4
:103CF000FE02FE02FE02FE02FE02FE02FE02FE02C4
:103D0000FE02FE02FE02FE02FE02FE02FE02FE02B3
:103D1000FE02FE02FE02FE02FE02FE02FE02FE02A3
:103D2000FE02FE02FE02FE02FE02FE02FE02FE0293
:103D3000FE02FE02FE02FE02FE02FE02FE02FE0283
:103D4000FE02FE02FE02FE02FE02FE02FE02FE0273
:103D5000FE02FE02FE02FE02FE02FE02FE02FE0263
:103D6000FE02FE02FE02FE02FE02FE02FE02FE0253
:103D7000FE02FE02FE02FE02FE02FE02FE02FE0243
:103D8000FE02FE02FE02FE02FE02FE02FE02FE0233
:103D9000FE02FE02FE02FE02FE02FE02FE02FE0223
:103DA000FE02FE02FE02FE02FE02FE02FE02FE0213
:103DB000FE02FE02FE02FE02FE02FE02FE02FE0203
:103DC000FE02FE02FE02FE02FE02FE02FE02FE02F3
:103DD000FE02FE02FE02FE02FE02FE02FE02FE02E3
:103DE000FE02FE02FE02FE02FE02FE02FE02FE02D3
:103DF000FE02FE02FE02FE02FE02FE02FE02FE02C3
:103E0000FE02FE02FE02FE02FE02FE02FE02FE02B2
:103E1000FE02FE02FE02FE02FE02FE02FE02FE02A2
:103E2000FE02FE02FE02FE02FE02FE02FE02FE0292
:103E3000FE02FE02FE02FE02FE02FE02FE02FE0282
:103E4000FE02FE02FE02FE02FE02FE02FE02FE0272
:103E5000FE02FE02FE02FE02FE02FE02FE02FE0262
:103E6000FE02FE02FE02FE02FE02FE02FE02FE0252
:103E7000FE02FE02FE02FE02FE02FE02FE02FE0242
:103E8000FE02FE02FE02FE02FE02FE02FE02FE0232
:103E9000FE02FE02FE02FE02FE02FE02FE02FE0222
:103EA000FE02FE02FE02FE02FE02FE02FE02FE0212
:103EB000FE02FE02FE02FE02FE02FE02FE02FE0202
:103EC000FE02FE02FE02FE02FE02FE02FE02FE02F2
:103ED000FE02FE02FE02FE02FE02FE02FE02FE02E2
:103EE000FE02FE02FE02FE02FE02FE02FE02FE02D2
:103EF000FE02FE02FE02FE02FE02FE02FE02FE02C2
:103F0000FE02FE02FE02FE02FE02FE02FE02FE02B1
:103F1000FE02FE02FE02FE02FE02FE02FE02FE02A1
:103F2000FE02FE02FE02FE02FE02FE02FE02FE0291
:103F3000FE02FE02FE02FE02FE02FE02FE02FE0281
:103F4000FE02FE02FE02FE02FE02FE02FE02FE0271
:103F5000FE02FE02FE02FE02FE02FE02FE02FE0261
:103F6000FE02FE02FE02FE02FE02FE02FE02FE0251
:103F7000FE02FE02FE02FE02FE02FE02FE02FE0241
:103F8000FE02FE02FE02FE02FE02FE02FE02FE0231
:103F9000FE02FE02FE02FE02FE02FE02FE02FE0221
:103FA000FE02FE02FE02FE02FE02FE02FE02FE0211
:103FB000FE02FE02FE02FE02FE02FE02FE02FE0201
:103FC000FE02FE02FE02FE02FE02FE02FE02FE02F1
:103FD000FE02FE02FE02FE02FE02FE02FE02FE02E1
:103FE000FE02FE02FE02FE02FE02FE02FE02FE02D1
:103FF000FE02FE02FE02FE02FE02FE02FE02FE02C1
:10400000FE02FE02FE02FE02FE02FE02FE02FE02B0
:10401000FE02FE02FE02FE02FE02FE02FE02FE02A0
:10402000FE02FE02FE02FE02FE02FE02FE02FE0290
:10403000FE02FE02FE02FE02FE02FE02FE02FE0280
:10404000FE02FE02FE02FE02FE02FE02FE02FE0270
:10405000FE02FE02FE02FE02FE02FE02FE02FE0260
:10406000FE02FE02FE02FE02FE02FE02FE02FE0250
:10407000FE02FE02FE02FE02FE02FE02FE02FE0240
:10408000FE02FE02FE02FE02FE02FE02FE02FE0230
:10409000FE02FE02FE02FE02FE02FE02FE02FE0220
:1040A000FE02FE02FE02FE02FE02FE02FE02FE0210
:1040B000FE02FE02FE02FE02FE02FE02FE02FE0200
:1040C000FE02FE02FE02FE02FE02FE02FE02FE02F0
:1040D000FE02FE02FE02FE02FE02FE02FE02FE02E0
:1040E000FE02FE02FE02FE02FE02FE02FE02FE02D0
:1040F000FE02FE02FE02FE02FE02FE02FE02FE02C0
:10410000FE02FE02FE02FE02FE02FE02FE02FE02AF
:10411000FE02FE02FE02FE02FE02FE02FE02FE029F
:10412000FE02FE02FE02FE02FE02FE02FE02FE028F
:10413000FE02FE02FE02FE02FE02FE02FE02FE027F
:10414000FE02FE02FE02FE02FE02FE02FE02FE026F
:10415000FE02FE02FE02FE02FE02FE02FE02FE025F
:10416000FE02FE02FE02FE02FE02FE02FE02FE024F
:10417000FE02FE02FE02FE02FE02FE02FE02FE023F
:10418000FE02FE02FE02FE02FE02FE02FE02FE022F
:10419000FE02FE02FE02FE02FE02FE02FE02FE021F
:1041A000FE02FE02FE02FE02FE02FE02FE02FE020F
:1041B000FE02FE02FE02FE02FE02FE02FE02FE02FF
:1041C000FE02FE02FE02FE02FE02FE02FE02FE02EF
:1041D000FE02FE02FE02FE02FE02FE02FE02FE02DF
:1041E000FE02FE02FE02FE02FE02FE02FE02FE02CF
:1041F000FE02FE02FE02FE02FE02FE02FE02FE02BF
:10420000FE02FE02FE02FE02FE02FE02FE02FE02AE
:10421000FE02FE02FE02FE02FE02FE02FE02FE029E
:10422000FE02FE02FE02FE02FE02FE02FE02FE028E
:10423000FE02FE02FE02FE02FE02FE02FE02FE027E
:10424000FE02FE02FE02FE02FE02FE02FE02FE026E
:10425000FE02FE02FE02FE02FE02FE02FE02FE025E
:10426000FE02FE02FE02FE02FE02FE02FE02FE024E
:10427000FE02FE02FE02FE02FE02FE02FE02FE023E
:10428000FE02FE02FE02FE02FE02FE02FE02FE022E
:10429000FE02FE02FE02FE02FE02FE02FE02FE021E
:1042A000FE02FE02FE02FE02FE02FE02FE02FE020E
:1042B000FE02FE02FE02FE02FE02FE02FE02FE02FE
:1042C000FE02FE02FE02FE02FE02FE02FE02FE02EE
:1042D000FE02FE02FE02FE02FE02FE02FE02FE02DE
:1042E000FE02FE02FE02FE02FE02FE02FE02FE02CE
:1042F000FE02FE02FE02FE02FE02FE02FE02FE02BE
:10430000FE02FE02FE02FE02FE02FE02FE02FE02AD
:10431000FE02FE02FE02FE02FE02FE02FE02FE029D
:10432000FE02FE02FE02FE02FE02FE02FE02FE028D
:10433000FE02FE02FE02FE02FE02FE02FE02FE027D
:10434000FE02FE02FE02FE02FE02FE02FE02FE026D
:10435000FE02FE02FE02FE02FE02FE02FE02FE025D
:10436000FE02FE02FE02FE02FE02FE02FE02FE024D
:10437000FE02FE02FE02FE02FE02FE02FE02FE023D
:10438000FE02FE02FE02FE02FE02FE02FE02FE022D
:10439000FE02FE02FE02FE02FE02FE02FE02FE021D
:1043A000FE02FE02FE02FE02FE02FE02FE02FE020D
:1043B000FE02FE02FE02FE02FE02FE02FE02FE02FD
:1043C000FE02FE02FE02FE02FE02FE02FE02FE02ED
:1043D000FE02FE02FE02FE02FE02FE02FE02FE02DD
:1043E000FE02FE02FE02FE02FE02FE02FE02FE02CD
:1043F000FE02FE02FE02FE02FE02FE02FE02FE02BD
:10440000FE02FE02FE02FE02FE02FE02FE02FE02AC
:10441000FE02FE02FE02FE02FE02FE02FE02FE029C
:10442000FE02FE02FE02FE02FE02FE02FE02FE028C
:10443000FE02FE02FE02FE02FE02FE02FE02FE027C
:10444000FE02FE02FE02FE02FE02FE02FE02FE026C
:10445000FE02FE02FE02FE02FE02FE02FE02FE025C
:10446000FE02FE02FE02FE02FE02FE02FE02FE024C
:10447000FE02FE02FE02FE02FE02FE02FE02FE023C
:10448000FE02FE02FE02FE02FE02FE02FE02FE022C
:10449000FE02FE02FE02FE02FE02FE02FE02FE021C
:1044A000FE02FE02FE02FE02FE02FE02FE02FE020C
:1044B000FE02FE02FE02FE02FE02FE02FE02FE02FC
:1044C000FE02FE02FE02FE02FE02FE02FE02FE02EC
:1044D000FE02FE02FE02FE02FE02FE02FE02FE02DC
:1044E000FE02FE02FE02FE02FE02FE02FE02FE02CC
:1044F000FE02FE02FE02FE02FE02FE02FE02FE02BC
:10450000FE02FE02FE02FE02FE02FE02FE02FE02AB
:10451000FE02FE02FE02FE02FE02FE02FE02FE029B
:10452000FE02FE02FE02FE02FE02FE02FE02FE028B
:10453000FE02FE02FE02FE02FE02FE02FE02FE027B
:10454000FE02FE02FE02FE02FE02FE02FE02FE026B
:10455000FE02FE02FE02FE02FE02FE02FE02FE025B
:10456000FE02FE02FE02FE02FE02FE02FE02FE024B
:10457000FE02FE02FE02FE02FE02FE02FE02FE023B
:10458000FE02FE02FE02FE02FE02FE02FE02FE022B
:10459000FE02FE02FE02FE02FE02FE02FE02FE021B
:1045A000FE02FE02FE02FE02FE02FE02FE02FE020B
:1045B000FE02FE02FE02FE02FE02FE02FE02FE02FB
:1045C000FE02FE02FE02FE02FE02FE02FE02FE02EB
:1045D000FE02FE02FE02FE02FE02FE02FE02FE02DB
:1045E000FE02FE02FE02FE02FE02FE02FE02FE02CB
:1045F000FE02FE02FE02FE02FE02FE02FE02FE02BB
:10460000FE02FE02FE02FE02FE02FE02FE02FE02AA
:10461000FE02FE02FE02FE02FE02FE02FE02FE029A
:10462000FE02FE02FE02FE02FE02FE02FE02FE028A
:10463000FE02FE02FE02FE02FE02FE02FE02FE027A
:10464000FE02FE02FE02FE02FE02FE02FE02FE026A
:10465000FE02FE02FE02FE02FE02FE02FE02FE025A
:10466000FE02FE02FE02FE02FE02FE02FE02FE024A
:10467000FE02FE02FE02FE02FE02FE02FE02FE023A
:10468000FE02FE02FE02FE02FE02FE02FE02FE022A
:10469000FE02FE02FE02FE02FE02FE02FE02FE021A
:1046A000FE02FE02FE02FE02FE02FE02FE02FE020A
:1046B000FE02FE02FE02FE02FE02FE02FE02FE02FA
:1046C000FE02FE02FE02FE02FE02FE02FE02FE02EA
:1046D000FE02FE02FE02FE02FE02FE02FE02FE02DA
:1046E000FE02FE02FE02FE02FE02FE02FE02FE02CA
:1046F000FE02FE02FE02FE02FE02FE02FE02FE02BA
:10470000FE02FE02FE02FE02FE02FE02FE02FE02A9
:10471000FE02FE02FE02FE02FE02FE02FE02FE0299
:10472000FE02FE02FE02FE02FE02FE02FE02FE0289
:10473000FE02FE02FE02FE02FE02FE02FE02FE0279
:10474000FE02FE02FE02FE02FE02FE02FE02FE0269
:10475000FE02FE02FE02FE02FE02FE02FE02FE0259
:10476000FE02FE02FE02FE02FE02FE02FE02FE0249
:10477000FE02FE02FE02FE02FE02FE02FE02FE0239
:10478000FE02FE02FE02FE02FE02FE02FE02FE0229
:10479000FE02FE02FE02FE02FE02FE02FE02FE0219
:1047A000FE02FE02FE02FE02FE02FE02FE02FE0209
:1047B000FE02FE02FE02FE02FE02FE02FE02FE02F9
:1047C000FE02FE02FE02FE02FE02FE02FE02FE02E9
:1047D000FE02FE02FE02FE02FE02FE02FE02FE02D9
:1047E000FE02FE02FE02FE02FE02FE02FE02FE02C9
:1047F000FE02FE02FE02FE02FE02FE02FE02FE02B9
:10480000FE02FE02FE02FE02FE02FE02FE02FE02A8
:10481000FE02FE02FE02FE02FE02FE02FE02FE0298
:10482000FE02FE02FE02FE02FE02FE02FE02FE0288
:10483000FE02FE02FE02FE02FE02FE02FE02FE0278
:10484000FE02FE02FE02FE02FE02FE02FE02FE0268
:10485000FE02FE02FE02FE02FE02FE02FE02FE0258
:10486000FE02FE02FE02FE02FE02FE02FE02FE0248
:10487000FE02FE02FE02FE02FE02FE02FE02FE0238
:10488000FE02FE02FE02FE02FE02FE02FE02FE0228
:10489000FE02FE02FE02FE02FE02FE02FE02FE0218
:1048A000FE02FE02FE02FE02FE02FE02FE02FE0208
:1048B000FE02FE02FE02FE02FE02FE02FE02FE02F8
:1048C000FE02FE02FE02FE02FE02FE02FE02FE02E8
:1048D000FE02FE02FE02FE02FE02FE02FE02FE02D8
:1048E000FE02FE02FE02FE02FE02FE02FE02FE02C8
:1048F000FE02FE02FE02FE02FE02FE02FE02FE02B8
:10490000FE02FE02FE02FE02FE02FE02FE02FE02A7
:10491000FE02FE02FE02FE02FE02FE02FE02FE0297
:10492000FE02FE02FE02FE02FE02FE02FE02FE0287
:10493000FE02FE02FE02FE02FE02FE02FE02FE0277
:10494000FE02FE02FE02FE02FE02FE02FE02FE0267
:10495000FE02FE02FE02FE02FE02FE02FE02FE0257
:10496000FE02FE02FE02FE02FE02FE02FE02FE0247
:10497000FE02FE02FE02FE02FE02FE02FE02FE0237
:10498000FE02FE02FE02FE02FE02FE02FE02FE0227
:10499000FE02FE02FE02FE02FE02FE02FE02FE0217
:1049A000FE02FE02FE02FE02FE02FE02FE02FE0207
:1049B000FE02FE02FE02FE02FE02FE02FE02FE02F7
:1049C000FE02FE02FE02FE02FE02FE02FE02FE02E7
:1049D000FE02FE02FE02FE02FE02FE02FE02FE02D7
:1049E000FE02FE02FE02FE02FE02FE02FE02FE02C7
:1049F000FE02FE02FE02FE02FE02FE02FE02FE02B7
:104A0000FE02FE02FE02FE02FE02FE02FE02FE02A6
:104A1000FE02FE02FE02FE02FE02FE02FE02FE0296
:104A2000FE02FE02FE02FE02FE02FE02FE02FE0286
:104A3000FE02FE02FE02FE02FE02FE02FE02FE0276
:104A4000FE02FE02FE02FE02FE02FE02FE02FE0266
:104A5000FE02FE02FE02FE02FE02FE02FE02FE0256
:104A6000FE02FE02FE02FE02FE02FE02FE02FE0246
:104A7000FE02FE02FE02FE02FE02FE02FE02FE0236
:104A8000FE02FE02FE02FE02FE02FE02FE02FE0226
:104A9000FE02FE02FE02FE02FE02FE02FE02FE0216
:104AA000FE02FE02FE02FE02FE02FE02FE02FE0206
:104AB000FE02FE02FE02FE02FE02FE02FE02FE02F6
:104AC000FE02FE02FE02FE02FE02FE02FE02FE02E6
:104AD000FE02FE02FE02FE02FE02FE02FE02FE02D6
:104AE000FE02FE02FE02FE02FE02FE02FE02FE02C6
:104AF000FE02FE02FE02FE02FE02FE02FE02FE02B6
:104B0000FE02FE02FE02FE02FE02FE02FE02FE02A5
:104B1000FE02FE02FE02FE02FE02FE02FE02FE0295
:104B2000FE02FE02FE02FE02FE02FE02FE02FE0285
:104B3000FE02FE02FE02FE02FE02FE02FE02FE0275
:104B4000FE02FE02FE02FE02FE02FE02FE02FE0265
:104B5000FE02FE02FE02FE02FE02FE02FE02FE0255
:104B6000FE02FE02FE02FE02FE02FE02FE02FE0245
:104B7000FE02FE02FE02FE02FE02FE02FE02FE0235
:104B8000FE02FE02FE02FE02FE02FE02FE02FE0225
:104B9000FE02FE02FE02FE02FE02FE02FE02FE0215
:104BA000FE02FE02FE02FE02FE02FE02FE02FE0205
:104BB000FE02FE02FE02FE02FE02FE02FE02FE02F5
:104BC000FE02FE02FE02FE02FE02FE02FE02FE02E5
:104BD000FE02FE02FE02FE02FE02FE02FE02FE02D5
:104BE000FE02FE02FE02FE02FE02FE02FE02FE02C5
:104BF000FE02FE02FE02FE02FE02FE02FE02FE02B5
:104C0000FE02FE02FE02FE02FE02FE02FE02FE02A4
:104C1000FE02FE02FE02FE02FE02FE02FE02FE0294
:104C2000FE02FE02FE02FE02FE02FE02FE02FE0284
:104C3000FE02FE02FE02FE02FE02FE02FE02FE0274
:104C4000FE02FE02FE02FE02FE02FE02FE02FE0264
:104C5000FE02FE02FE02FE02FE02FE02FE02FE0254
:104C6000FE02FE02FE02FE02FE02FE02FE02FE0244
:104C7000FE02FE02FE02FE02FE02FE02FE02FE0234
:104C8000FE02FE02FE02FE02FE02FE02FE02FE0224
:104C9000FE02FE02FE02FE02FE02FE02FE02FE0214
:104CA000FE02FE02FE02FE02FE02FE02FE02FE0204
:104CB000FE02FE02FE02FE02FE02FE02FE02FE02F4
:104CC000FE02FE02FE02FE02FE02FE02FE02FE02E4
:104CD000FE02FE02FE02FE02FE02FE02FE02FE02D4
:104CE000FE02FE02FE02FE02FE02FE02FE02FE02C4
:104CF000FE02FE02FE02FE02FE02FE02FE02FE02B4
:104D0000FE02FE02FE02FE02FE02FE02FE02FE02A3
:104D1000FE02FE02FE02FE02FE02FE02FE02FE0293
:104D2000FE02FE02FE02FE02FE02FE02FE02FE0283
:104D3000FE02FE02FE02FE02FE02FE02FE02FE0273
:104D4000FE02FE02FE02FE02FE02FE02FE02FE0263
:104D5000FE02FE02FE02FE02FE02FE02FE02FE0253
:104D6000FE02FE02FE02FE02FE02FE02FE02FE0243
:104D7000FE02FE02FE02FE02FE02FE02FE02FE0233
:104D8000FE02FE02FE02FE02FE02FE02FE02FE0223
:104D9000FE02FE02FE02FE02FE02FE02FE02FE0213
:104DA000FE02FE02FE02FE02FE02FE02FE02FE0203
:104DB000FE02FE02FE02FE02FE02FE02FE02FE02F3
:104DC000FE02FE02FE02FE02FE02FE02FE02FE02E3
:104DD000FE02FE02FE02FE02FE02FE02FE02FE02D3
:104DE000FE02FE02FE02FE02FE02FE02FE02FE02C3
:104DF000FE02FE02FE02FE02FE02FE02FE02FE02B3
:104E0000FE02FE02FE02FE02FE02FE02FE02FE02A2
:104E1000FE02FE02FE02FE02FE02FE02FE02FE0292
:104E2000FE02FE02FE02FE02FE02FE02FE02FE0282
:104E3000FE02FE02FE02FE02FE02FE02FE02FE0272
:104E4000FE02FE02FE02FE02FE02FE02FE02FE0262
:104E5000FE02FE02FE02FE02FE02FE02FE02FE0252
:104E6000FE02FE02FE02FE02FE02FE02FE02FE0242
:104E7000FE02FE02FE02FE02FE02FE02FE02FE0232
:104E8000FE02FE02FE02FE02FE02FE02FE02FE0222
:104E9000FE02FE02FE02FE02FE02FE02FE02FE0212
:104EA000FE02FE02FE02FE02FE02FE02FE02FE0202
:104EB000FE02FE02FE02FE02FE02FE02FE02FE02F2
:104EC000FE02FE02FE02FE02FE02FE02FE02FE02E2
:104ED000FE02FE02FE02FE02FE02FE02FE02FE02D2
:104EE000FE02FE02FE02FE02FE02FE02FE02FE02C2
:104EF000FE02FE02FE02FE02FE02FE02FE02FE02B2
:104F0000FE02FE02FE02FE02FE02FE02FE02FE02A1
:104F1000FE02FE02FE02FE02FE02FE02FE02FE0291
:104F2000FE02FE02FE02FE02FE02FE02FE02FE0281
:104F3000FE02FE02FE02FE02FE02FE02FE02FE0271
:104F4000FE02FE02FE02FE02FE02FE02FE02FE0261
:104F5000FE02FE02FE02FE02FE02FE02FE02FE0251
:104F6000FE02FE02FE02FE02FE02FE02FE02FE0241
:104F7000FE02FE02FE02FE02FE02FE02FE02FE0231
:104F8000FE02FE02FE02FE02FE02FE02FE02FE0221
:104F9000FE02FE02FE02FE02FE02FE02FE02FE0211
:104FA000FE02FE02FE02FE02FE02FE02FE02FE0201
:104FB000FE02FE02FE02FE02FE02FE02FE02FE02F1
:104FC000FE02FE02FE02FE02FE02FE02FE02FE02E1
:104FD000FE02FE02FE02FE02FE02FE02FE02FE02D1
:104FE000FE02FE02FE02FE02FE02FE02FE02FE02C1
:104FF000FE02FE02FE02FE02FE02FE02FE02FE02B1
:10500000FE02FE02FE02FE02FE02FE02FE02FE02A0
:10501000FE02FE02FE02FE02FE02FE02FE02FE0290
:10502000FE02FE02FE02FE02FE02FE02FE02FE0280
:10503000FE02FE02FE02FE02FE02FE02FE02FE0270
:10504000FE02FE02FE02FE02FE02FE02FE02FE0260
:10505000FE02FE02FE02FE02FE02FE02FE02FE0250
:10506000FE02FE02FE02FE02FE02FE02FE02FE0240
:10507000FE02FE02FE02FE02FE02FE02FE02FE0230
:10508000FE02FE02FE02FE02FE02FE02FE02FE0220
:10509000FE02FE02FE02FE02FE02FE02FE02FE0210
:1050A000FE02FE02FE02FE02FE02FE02FE02FE0200
:1050B000FE02FE02FE02FE02FE02FE02FE02FE02F0
:1050C000FE02FE02FE02FE02FE02FE02FE02FE02E0
:1050D000FE02FE02FE02FE02FE02FE02FE02FE02D0
:1050E000FE02FE02FE02FE02FE02FE02FE02FE02C0
:1050F000FE02FE02FE02FE02FE02FE02FE02FE02B0
:10510000FE02FE02FE02FE02FE02FE02FE02FE029F
:10511000FE02FE02FE02FE02FE02FE02FE02FE028F
:10512000FE02FE02FE02FE02FE02FE02FE02FE027F
:10513000FE02FE02FE02FE02FE02FE02FE02FE026F
:10514000FE02FE02FE02FE02FE02FE02FE02FE025F
:10515000FE02FE02FE02FE02FE02FE02FE02FE024F
:10516000FE02FE02FE02FE02FE02FE02FE02FE023F
:10517000FE02FE02FE02FE02FE02FE02FE02FE022F
:10518000FE02FE02FE02FE02FE02FE02FE02FE021F
:10519000FE02FE02FE02FE02FE02FE02FE02FE020F
:1051A000FE02FE02FE02FE02FE02FE02FE02FE02FF
:1051B000FE02FE02FE02FE02FE02FE02FE02FE02EF
:1051C000FE02FE02FE02FE02FE02FE02FE02FE02DF
:1051D000FE02FE02FE02FE02FE02FE02FE02FE02CF
:1051E000FE02FE02FE02FE02FE02FE02FE02FE02BF
:1051F000FE02FE02FE02FE02FE02FE02FE02FE02AF
:10520000FE02FE02FE02FE02FE02FE02FE02FE029E
:10521000FE02FE02FE02FE02FE02FE02FE02FE028E
:10522000FE02FE02FE02FE02FE02FE02FE02FE027E
:10523000FE02FE02FE02FE02FE02FE02FE02FE026E
:10524000FE02FE02FE02FE02FE02FE02FE02FE025E
:10525000FE02FE02FE02FE02FE02FE02FE02FE024E
:10526000FE02FE02FE02FE02FE02FE02FE02FE023E
:10527000FE02FE02FE02FE02FE02FE02FE02FE022E
:10528000FE02FE02FE02FE02FE02FE02FE02FE021E
:10529000FE02FE02FE02FE02FE02FE02FE02FE020E
:1052A000FE02FE02FE02FE02FE02FE02FE02FE02FE
:1052B000FE02FE02FE02FE02FE02FE02FE02FE02EE
:1052C000FE02FE02FE02FE02FE02FE02FE02FE02DE
:1052D000FE02FE02FE02FE02FE02FE02FE02FE02CE
:1052E000FE02FE02FE02FE02FE02FE02FE02FE02BE
:1052F000FE02FE02FE02FE02FE02FE02FE02FE02AE
:10530000FE02FE02FE02FE02FE02FE02FE02FE029D
:10531000FE02FE02FE02FE02FE02FE02FE02FE028D
:10532000FE02FE02FE02FE02FE02FE02FE02FE027D
:10533000FE02FE02FE02FE02FE02FE02FE02FE026D
:10534000FE02FE02FE02FE02FE02FE02FE02FE025D
:10535000FE02FE02FE02FE02FE02FE02FE02FE024D
:10536000FE02FE02FE02FE02FE02FE02FE02FE023D
:10537000FE02FE02FE02FE02FE02FE02FE02FE022D
:10538000FE02FE02FE02FE02FE02FE02FE02FE021D
:10539000FE02FE02FE02FE02FE02FE02FE02FE020D
:1053A000FE02FE02FE02FE02FE02FE02FE02FE02FD
:1053B000FE02FE02FE02FE02FE02FE02FE02FE02ED
:1053C000FE02FE02FE02FE02FE02FE02FE02FE02DD
:1053D000FE02FE02FE02FE02FE02FE02FE02FE02CD
:1053E000FE02FE02FE02FE02FE02FE02FE02FE02BD
:1053F000FE02FE02FE02FE02FE02FE02FE02FE02AD
:10540000FE02FE02FE02FE02FE02FE02FE02FE029C
:10541000FE02FE02FE02FE02FE02FE02FE02FE028C
:10542000FE02FE02FE02FE02FE02FE02FE02FE027C
:10543000FE02FE02FE02FE02FE02FE02FE02FE026C
:10544000FE02FE02FE02FE02FE02FE02FE02FE025C
:10545000FE02FE02FE02FE02FE02FE02FE02FE024C
:10546000FE02FE02FE02FE02FE02FE02FE02FE023C
:10547000FE02FE02FE02FE02FE02FE02FE02FE022C
:10548000FE02FE02FE02FE02FE02FE02FE02FE021C
:10549000FE02FE02FE02FE02FE02FE02FE02FE020C
:1054A000FE02FE02FE02FE02FE02FE02FE02FE02FC
:1054B000FE02FE02FE02FE02FE02FE02FE02FE02EC
:1054C000FE02FE02FE02FE02FE02FE02FE02FE02DC
:1054D000FE02FE02FE02FE02FE02FE02FE02FE02CC
:1054E000FE02FE02FE02FE02FE02FE02FE02FE02BC
:1054F000FE02FE02FE02FE02FE02FE02FE02FE02AC
:10550000FE02FE02FE02FE02FE02FE02FE02FE029B
:10551000FE02FE02FE02FE02FE02FE02FE02FE028B
:10552000FE02FE02FE02FE02FE02FE02FE02FE027B
:10553000FE02FE02FE02FE02FE02FE02FE02FE026B
:10554000FE02FE02FE02FE02FE02FE02FE02FE025B
:10555000FE02FE02FE02FE02FE02FE02FE02FE024B
:10556000FE02FE02FE02FE02FE02FE02FE02FE023B
:10557000FE02FE02FE02FE02FE02FE02FE02FE022B
:10558000FE02FE02FE02FE02FE02FE02FE02FE021B
:10559000FE02FE02FE02FE02FE02FE02FE02FE020B
:1055A000FE02FE02FE02FE02FE02FE02FE02FE02FB
:1055B000FE02FE02FE02FE02FE02FE02FE02FE02EB
:1055C000FE02FE02FE02FE02FE02FE02FE02FE02DB
:1055D000FE02FE02FE02FE02FE02FE02FE02FE02CB
:1055E000FE02FE02FE02FE02FE02FE02FE02FE02BB
:1055F000FE02FE02FE02FE02FE02FE02FE02FE02AB
:10560000FE02FE02FE02FE02FE02FE02FE02FE029A
:10561000FE02FE02FE02FE02FE02FE02FE02FE028A
:10562000FE02FE02FE02FE02FE02FE02FE02FE027A
:10563000FE02FE02FE02FE02FE02FE02FE02FE026A
:10564000FE02FE02FE02FE02FE02FE02FE02FE025A
:10565000FE02FE02FE02FE02FE02FE02FE02FE024A
:10566000FE02FE02FE02FE02FE02FE02FE02FE023A
:10567000FE02FE02FE02FE02FE02FE02FE02FE022A
:10568000FE02FE02FE02FE02FE02FE02FE02FE021A
:10569000FE02FE02FE02FE02FE02FE02FE02FE020A
:1056A000FE02FE02FE02FE02FE02FE02FE02FE02FA
:1056B000FE02FE02FE02FE02FE02FE02FE02FE02EA
:1056C000FE02FE02FE02FE02FE02FE02FE02FE02DA
:1056D000FE02FE02FE02FE02FE02FE02FE02FE02CA
:1056E000FE02FE02FE02FE02FE02FE02FE02FE02BA
:1056F000FE02FE02FE02FE02FE02FE02FE02FE02AA
:10570000FE02FE02FE02FE02FE02FE02FE02FE0299
:10571000FE02FE02FE02FE02FE02FE02FE02FE0289
:10572000FE02FE02FE02FE02FE02FE02FE02FE0279
:10573000FE02FE02FE02FE02FE02FE02FE02FE0269
:10574000FE02FE02FE02FE02FE02FE02FE02FE0259
:10575000FE02FE02FE02FE02FE02FE02FE02FE0249
:10576000FE02FE02FE02FE02FE02FE02FE02FE0239
:10577000FE02FE02FE02FE02FE02FE02FE02FE0229
:10578000FE02FE02FE02FE02FE02FE02FE02FE0219
:10579000FE02FE02FE02FE02FE02FE02FE02FE0209
:1057A000FE02FE02FE02FE02FE02FE02FE02FE02F9
:1057B000FE02FE02FE02FE02FE02FE02FE02FE02E9
:1057C000FE02FE02FE02FE02FE02FE02FE02FE02D9
:1057D000FE02FE02FE02FE02FE02FE02FE02FE02C9
:1057E000FE02FE02FE02FE02FE02FE02FE02FE02B9
:1057F000FE02FE02FE02FE02FE02FE02FE02FE02A9
:10580000FE02FE02FE02FE02FE02FE02FE02FE0298
:10581000FE02FE02FE02FE02FE02FE02FE02FE0288
:10582000FE02FE02FE02FE02FE02FE02FE02FE0278
:10583000FE02FE02FE02FE02FE02FE02FE02FE0268
:10584000FE02FE02FE02FE02FE02FE02FE02FE0258
:10585000FE02FE02FE02FE02FE02FE02FE02FE0248
:10586000FE02FE02FE02FE02FE02FE02FE02FE0238
:10587000FE02FE02FE02FE02FE02FE02FE02FE0228
:10588000FE02FE02FE02FE02FE02FE02FE02FE0218
:10589000FE02FE02FE02FE02FE02FE02FE02FE0208
:1058A000FE02FE02FE02FE02FE02FE02FE02FE02F8
:1058B000FE02FE02FE02FE02FE02FE02FE02FE02E8
:1058C000FE02FE02FE02FE02FE02FE02FE02FE02D8
:1058D000FE02FE02FE02FE02FE02FE02FE02FE02C8
:1058E000FE02FE02FE02FE02FE02FE02FE02FE02B8
:1058F000FE02FE02FE02FE02FE02FE02FE02FE02A8
:10590000FE02FE02FE02FE02FE02FE02FE02FE0297
:10591000FE02FE02FE02FE02FE02FE02FE02FE0287
:10592000FE02FE02FE02FE02FE02FE02FE02FE0277
:10593000FE02FE02FE02FE02FE02FE02FE02FE0267
:10594000FE02FE02FE02FE02FE02FE02FE02FE0257
:10595000FE02FE02FE02FE02FE02FE02FE02FE0247
:10596000FE02FE02FE02FE02FE02FE02FE02FE0237
:10597000FE02FE02FE02FE02FE02FE02FE02FE0227
:10598000FE02FE02FE02FE02FE02FE02FE02FE0217
:10599000FE02FE02FE02FE02FE02FE02FE02FE0207
:1059A000FE02FE02FE02FE02FE02FE02FE02FE02F7
:1059B000FE02FE02FE02FE02FE02FE02FE02FE02E7
:1059C000FE02FE02FE02FE02FE02FE02FE02FE02D7
:1059D000FE02FE02FE02FE02FE02FE02FE02FE02C7
:1059E000FE02FE02FE02FE02FE02FE02FE02FE02B7
:1059F000FE02FE02FE02FE02FE02FE02FE02FE02A7
:105A0000FE02FE02FE02FE02FE02FE02FE02FE0296
:105A1000FE02FE02FE02FE02FE02FE02FE02FE0286
:105A2000FE02FE02FE02FE02FE02FE02FE02FE0276
:105A3000FE02FE02FE02FE02FE02FE02FE02FE0266
:105A4000FE02FE02FE02FE02FE02FE02FE02FE0256
:105A5000FE02FE02FE02FE02FE02FE02FE02FE0246
:105A6000FE02FE02FE02FE02FE02FE02FE02FE0236
:105A7000FE02FE02FE02FE02FE02FE02FE02FE0226
:105A8000FE02FE02FE02FE02FE02FE02FE02FE0216
:105A9000FE02FE02FE02FE02FE02FE02FE02FE0206
:105AA000FE02FE02FE02FE02FE02FE02FE02FE02F6
:105AB000FE02FE02FE02FE02FE02FE02FE02FE02E6
:105AC000FE02FE02FE02FE02FE02FE02FE02FE02D6
:105AD000FE02FE02FE02FE02FE02FE02FE02FE02C6
:105AE000FE02FE02FE02FE02FE02FE02FE02FE02B6
:105AF000FE02FE02FE02FE02FE02FE02FE02FE02A6
:105B0000FE02FE02FE02FE02FE02FE02FE02FE0295
:105B1000FE02FE02FE02FE02FE02FE02FE02FE0285
:105B2000FE02FE02FE02FE02FE02FE02FE02FE0275
:105B3000FE02FE02FE02FE02FE02FE02FE02FE0265
:105B4000FE02FE02FE02FE02FE02FE02FE02FE0255
:105B5000FE02FE02FE02FE02FE02FE02FE02FE0245
:105B6000FE02FE02FE02FE02FE02FE02FE02FE0235
:105B7000FE02FE02FE02FE02FE02FE02FE02FE0225
:105B8000FE02FE02FE02FE02FE02FE02FE02FE0215
:105B9000FE02FE02FE02FE02FE02FE02FE02FE0205
:105BA000FE02FE02FE02FE02FE02FE02FE02FE02F5
:105BB000FE02FE02FE02FE02FE02FE02FE02FE02E5
:105BC000FE02FE02FE02FE02FE02FE02FE02FE02D5
:105BD000FE02FE02FE02FE02FE02FE02FE02FE02C5
:105BE000FE02FE02FE02FE02FE02FE02FE02FE02B5
:105BF000FE02FE02FE02FE02FE02FE02FE02FE02A5
:105C0000FE02FE02FE02FE02FE02FE02FE02FE0294
:105C1000FE02FE02FE02FE02FE02FE02FE02FE0284
:105C2000FE02FE02FE02FE02FE02FE02FE02FE0274
:105C3000FE02FE02FE02FE02FE02FE02FE02FE0264
:105C4000FE02FE02FE02FE02FE02FE02FE02FE0254
:105C5000FE02FE02FE02FE02FE02FE02FE02FE0244
:105C6000FE02FE02FE02FE02FE02FE02FE02FE0234
:105C7000FE02FE02FE02FE02FE02FE02FE02FE0224
:105C8000FE02FE02FE02FE02FE02FE02FE02FE0214
:105C9000FE02FE02FE02FE02FE02FE02FE02FE0204
:105CA000FE02FE02FE02FE02FE02FE02FE02FE02F4
:105CB000FE02FE02FE02FE02FE02FE02FE02FE02E4
:105CC000FE02FE02FE02FE02FE02FE02FE02FE02D4
:105CD000FE02FE02FE02FE02FE02FE02FE02FE02C4
:105CE000FE02FE02FE02FE02FE02FE02FE02FE02B4
:105CF000FE02FE02FE02FE02FE02FE02FE02FE02A4
:105D0000FE02FE02FE02FE02FE02FE02FE02FE0293
:105D1000FE02FE02FE02FE02FE02FE02FE02FE0283
:105D2000FE02FE02FE02FE02FE02FE02FE02FE0273
:105D3000FE02FE02FE02FE02FE02FE02FE02FE0263
:105D4000FE02FE02FE02FE02FE02FE02FE02FE0253
:105D5000FE02FE02FE02FE02FE02FE02FE02FE0243
:105D6000FE02FE02FE02FE02FE02FE02FE02FE0233
:105D7000FE02FE02FE02FE02FE02FE02FE02FE0223
:105D8000FE02FE02FE02FE02FE02FE02FE02FE0213
:105D9000FE02FE02FE02FE02FE02FE02FE02FE0203
:105DA000FE02FE02FE02FE02FE02FE02FE02FE02F3
:105DB000FE02FE02FE02FE02FE02FE02FE02FE02E3
:105DC000FE02FE02FE02FE02FE02FE02FE02FE02D3
:105DD000FE02FE02FE02FE02FE02FE02FE02FE02C3
:105DE000FE02FE02FE02FE02FE02FE02FE02FE02B3
:105DF000FE02FE02FE02FE02FE02FE02FE02FE02A3
:105E0000FE02FE02FE02FE02FE02FE02FE02FE0292
:105E1000FE02FE02FE02FE02FE02FE02FE02FE0282
:105E2000FE02FE02FE02FE02FE02FE02FE02FE0272
:105E3000FE02FE02FE02FE02FE02FE02FE02FE0262
:105E4000FE02FE02FE02FE02FE02FE02FE02FE0252
:105E5000FE02FE02FE02FE02FE02FE02FE02FE0242
:105E6000FE02FE02FE02FE02FE02FE02FE02FE0232
:105E7000FE02FE02FE02FE02FE02FE02FE02FE0222
:105E8000FE02FE02FE02FE02FE02FE02FE02FE0212
:105E9000FE02FE02FE02FE02FE02FE02FE02FE0202
:105EA000FE02FE02FE02FE02FE02FE02FE02FE02F2
:105EB000FE02FE02FE02FE02FE02FE02FE02FE02E2
:105EC000FE02FE02FE02FE02FE02FE02FE02FE02D2
:105ED000FE02FE02FE02FE02FE02FE02FE02FE02C2
:105EE000FE02FE02FE02FE02FE02FE02FE02FE02B2
:105EF000FE02FE02FE02FE02FE02FE02FE02FE02A2
:105F0000FE02FE02FE02FE02FE02FE02FE02FE0291
:105F1000FE02FE02FE02FE02FE02FE02FE02FE0281
:105F2000FE02FE02FE02FE02FE02FE02FE02FE0271
:105F3000FE02FE02FE02FE02FE02FE02FE02FE0261
:105F4000FE02FE02FE02FE02FE02FE02FE02FE0251
:105F5000FE02FE02FE02FE02FE02FE02FE02FE0241
:105F6000FE02FE02FE02FE02FE02FE02FE02FE0231
:105F7000FE02FE02FE02FE02FE02FE02FE02FE0221
:105F8000FE02FE02FE02FE02FE02FE02FE02FE0211
:105F9000FE02FE02FE02FE02FE02FE02FE02FE0201
:105FA000FE02FE02FE02FE02FE02FE02FE02FE02F1
:105FB000FE02FE02FE02FE02FE02FE02FE02FE02E1
:105FC000FE02FE02FE02FE02FE02FE02FE02FE02D1
:105FD000FE02FE02FE02FE02FE02FE02FE02FE02C1
:105FE000FE02FE02FE02FE02FE02FE02FE02FE02B1
:105FF000FE02FE02FE02FE02FE02FE02FE02FE02A1
:10600000FE02FE02FE02FE02FE02FE02FE02FE0290
:10601000FE02FE02FE02FE02FE02FE02FE02FE0280
:10602000FE02FE02FE02FE02FE02FE02FE02FE0270
:10603000FE02FE02FE02FE02FE02FE02FE02FE0260
:10604000FE02FE02FE02FE02FE02FE02FE02FE0250
:10605000FE02FE02FE02FE02FE02FE02FE02FE0240
:10606000FE02FE02FE02FE02FE02FE02FE02FE0230
:10607000FE02FE02FE02FE02FE02FE02FE02FE0220
:10608000FE02FE02FE02FE02FE02FE02FE02FE0210
:10609000FE02FE02FE02FE02FE02FE02FE02FE0200
:1060A000FE02FE02FE02FE02FE02FE02FE02FE02F0
:1060B000FE02FE02FE02FE02FE02FE02FE02FE02E0
:1060C000FE02FE02FE02FE02FE02FE02FE02FE02D0
:1060D000FE02FE02FE02FE02FE02FE02FE02FE02C0
:1060E000FE02FE02FE02FE02FE02FE02FE02FE02B0
:1060F000FE02FE02FE02FE02FE02FE02FE02FE02A0
:10610000FE02FE02FE02FE02FE02FE02FE02FE028F
:10611000FE02FE02FE02FE02FE02FE02FE02FE027F
:10612000FE02FE02FE02FE02FE02FE02FE02FE026F
:10613000FE02FE02FE02FE02FE02FE02FE02FE025F
:10614000FE02FE02FE02FE02FE02FE02FE02FE024F
:10615000FE02FE02FE02FE02FE02FE02FE02FE023F
:10616000FE02FE02FE02FE02FE02FE02FE02FE022F
:10617000FE02FE02FE02FE02FE02FE02FE02FE021F
:10618000FE02FE02FE02FE02FE02FE02FE02FE020F
:10619000FE02FE02FE02FE02FE02FE02FE02FE02FF
:1061A000FE02FE02FE02FE02FE02FE02FE02FE02EF
:1061B000FE02FE02FE02FE02FE02FE02FE02FE02DF
:1061C000FE02FE02FE02FE02FE02FE02FE02FE02CF
:1061D000FE02FE02FE02FE02FE02FE02FE02FE02BF
:1061E000FE02FE02FE02FE02FE02FE02FE02FE02AF
:1061F000FE02FE02FE02FE02FE02FE02FE02FE029F
:10620000FE02FE02FE02FE02FE02FE02FE02FE028E
:10621000FE02FE02FE02FE02FE02FE02FE02FE027E
:10622000FE02FE02FE02FE02FE02FE02FE02FE026E
:10623000FE02FE02FE02FE02FE02FE02FE02FE025E
:10624000FE02FE02FE02FE02FE02FE02FE02FE024E
:10625000FE02FE02FE02FE02FE02FE02FE02FE023E
:10626000FE02FE02FE02FE02FE02FE02FE02FE022E
:10627000FE02FE02FE02FE02FE02FE02FE02FE021E
:10628000FE02FE02FE02FE02FE02FE02FE02FE020E
:10629000FE02FE02FE02FE02FE02FE02FE02FE02FE
:1062A000FE02FE02FE02FE02FE02FE02FE02FE02EE
:1062B000FE02FE02FE02FE02FE02FE02FE02FE02DE
:1062C000FE02FE02FE02FE02FE02FE02FE02FE02CE
:1062D000FE02FE02FE02FE02FE02FE02FE02FE02BE
:1062E000FE02FE02FE02FE02FE02FE02FE02FE02AE
:1062F000FE02FE02FE02FE02FE02FE02FE02FE029E
:10630000FE02FE02FE02FE02FE02FE02FE02FE028D
:10631000FE02FE02FE02FE02FE02FE02FE02FE027D
:10632000FE02FE02FE02FE02FE02FE02FE02FE026D
:10633000FE02FE02FE02FE02FE02FE02FE02FE025D
:10634000FE02FE02FE02FE02FE02FE02FE02FE024D
:10635000FE02FE02FE02FE02FE02FE02FE02FE023D
:10636000FE02FE02FE02FE02FE02FE02FE02FE022D
:10637000FE02FE02FE02FE02FE02FE02FE02FE021D
:10638000FE02FE02FE02FE02FE02FE02FE02FE020D
:10639000FE02FE02FE02FE02FE02FE02FE02FE02FD
:1063A000FE02FE02FE02FE02FE02FE02FE02FE02ED
:1063B000FE02FE02FE02FE02FE02FE02FE02FE02DD
:1063C000FE02FE02FE02FE02FE02FE02FE02FE02CD
:1063D000FE02FE02FE02FE02FE02FE02FE02FE02BD
:1063E000FE02FE02FE02FE02FE02FE02FE02FE02AD
:1063F000FE02FE02FE02FE02FE02FE02FE02FE029D
:10640000FE02FE02FE02FE02FE02FE02FE02FE028C
:10641000FE02FE02FE02FE02FE02FE02FE02FE027C
:10642000FE02FE02FE02FE02FE02FE02FE02FE026C
:10643000FE02FE02FE02FE02FE02FE02FE02FE025C
:10644000FE02FE02FE02FE02FE02FE02FE02FE024C
:10645000FE02FE02FE02FE02FE02FE02FE02FE023C
:10646000FE02FE02FE02FE02FE02FE02FE02FE022C
:10647000FE02FE02FE02FE02FE02FE02FE02FE021C
:10648000FE02FE02FE02FE02FE02FE02FE02FE020C
:10649000FE02FE02FE02FE02FE02FE02FE02FE02FC
:1064A000FE02FE02FE02FE02FE02FE02FE02FE02EC
:1064B000FE02FE02FE02FE02FE02FE02FE02FE02DC
:1064C000FE02FE02FE02FE02FE02FE02FE02FE02CC
:1064D000FE02FE02FE02FE02FE02FE02FE02FE02BC
:1064E000FE02FE02FE02FE02FE02FE02FE02FE02AC
:1064F000FE02FE02FE02FE02FE02FE02FE02FE029C
:10650000FE02FE02FE02FE02FE02FE02FE02FE028B
:10651000FE02FE02FE02FE02FE02FE02FE02FE027B
:10652000FE02FE02FE02FE02FE02FE02FE02FE026B
:10653000FE02FE02FE02FE02FE02FE02FE02FE025B
:10654000FE02FE02FE02FE02FE02FE02FE02FE024B
:10655000FE02FE02FE02FE02FE02FE02FE02FE023B
:10656000FE02FE02FE02FE02FE02FE02FE02FE022B
:10657000FE02FE02FE02FE02FE02FE02FE02FE021B
:10658000FE02FE02FE02FE02FE02FE02FE02FE020B
:10659000FE02FE02FE02FE02FE02FE02FE02FE02FB
:1065A000FE02FE02FE02FE02FE02FE02FE02FE02EB
:1065B000FE02FE02FE02FE02FE02FE02FE02FE02DB
:1065C000FE02FE02FE02FE02FE02FE02FE02FE02CB
:1065D000FE02FE02FE02FE02FE02FE02FE02FE02BB
:1065E000FE02FE02FE02FE02FE02FE02FE02FE02AB
:1065F000FE02FE02FE02FE02FE02FE02FE02FE029B
:10660000FE02FE02FE02FE02FE02FE02FE02FE028A
:10661000FE02FE02FE02FE02FE02FE02FE02FE027A
:10662000FE02FE02FE02FE02FE02FE02FE02FE026A
:10663000FE02FE02FE02FE02FE02FE02FE02FE025A
:10664000FE02FE02FE02FE02FE02FE02FE02FE024A
:10665000FE02FE02FE02FE02FE02FE02FE02FE023A
:10666000FE02FE02FE02FE02FE02FE02FE02FE022A
:10667000FE02FE02FE02FE02FE02FE02FE02FE021A
:10668000FE02FE02FE02FE02FE02FE02FE02FE020A
:10669000FE02FE02FE02FE02FE02FE02FE02FE02FA
:1066A000FE02FE02FE02FE02FE02FE02FE02FE02EA
:1066B000FE02FE02FE02FE02FE02FE02FE02FE02DA
:1066C000FE02FE02FE02FE02FE02FE02FE02FE02CA
:1066D000FE02FE02FE02FE02FE02FE02FE02FE02BA
:1066E000FE02FE02FE02FE02FE02FE02FE02FE02AA
:1066F000FE02FE02FE02FE02FE02FE02FE02FE029A
:10670000FE02FE02FE02FE02FE02FE02FE02FE0289
:10671000FE02FE02FE02FE02FE02FE02FE02FE0279
:10672000FE02FE02FE02FE02FE02FE02FE02FE0269
:10673000FE02FE02FE02FE02FE02FE02FE02FE0259
:10674000FE02FE02FE02FE02FE02FE02FE02FE0249
:10675000FE02FE02FE02FE02FE02FE02FE02FE0239
:10676000FE02FE02FE02FE02FE02FE02FE02FE0229
:10677000FE02FE02FE02FE02FE02FE02FE02FE0219
:10678000FE02FE02FE02FE02FE02FE02FE02FE0209
:10679000FE02FE02FE02FE02FE02FE02FE02FE02F9
:1067A000FE02FE02FE02FE02FE02FE02FE02FE02E9
:1067B000FE02FE02FE02FE02FE02FE02FE02FE02D9
:1067C000FE02FE02FE02FE02FE02FE02FE02FE02C9
:1067D000FE02FE02FE02FE02FE02FE02FE02FE02B9
:1067E000FE02FE02FE02FE02FE02FE02FE02FE02A9
:1067F000FE02FE02FE02FE02FE02FE02FE02FE0299
:10680000FE02FE02FE02FE02FE02FE02FE02FE0288
:10681000FE02FE02FE02FE02FE02FE02FE02FE0278
:10682000FE02FE02FE02FE02FE02FE02FE02FE0268
:10683000FE02FE02FE02FE02FE02FE02FE02FE0258
:10684000FE02FE02FE02FE02FE02FE02FE02FE0248
:10685000FE02FE02FE02FE02FE02FE02FE02FE0238
:10686000FE02FE02FE02FE02FE02FE02FE02FE0228
:10687000FE02FE02FE02FE02FE02FE02FE02FE0218
:10688000FE02FE02FE02FE02FE02FE02FE02FE0208
:10689000FE02FE02FE02FE02FE02FE02FE02FE02F8
:1068A000FE02FE02FE02FE02FE02FE02FE02FE02E8
:1068B000FE02FE02FE02FE02FE02FE02FE02FE02D8
:1068C000FE02FE02FE02FE02FE02FE02FE02FE02C8
:1068D000FE02FE02FE02FE02FE02FE02FE02FE02B8
:1068E000FE02FE02FE02FE02FE02FE02FE02FE02A8
:1068F000FE02FE02FE02FE02FE02FE02FE02FE0298
:10690000FE02FE02FE02FE02FE02FE02FE02FE0287
:10691000FE02FE02FE02FE02FE02FE02FE02FE0277
:10692000FE02FE02FE02FE02FE02FE02FE02FE0267
:10693000FE02FE02FE02FE02FE02FE02FE02FE0257
:10694000FE02FE02FE02FE02FE02FE02FE02FE0247
:10695000FE02FE02FE02FE02FE02FE02FE02FE0237
:10696000FE02FE02FE02FE02FE02FE02FE02FE0227
:10697000FE02FE02FE02FE02FE02FE02FE02FE0217
:10698000FE02FE02FE02FE02FE02FE02FE02FE0207
:10699000FE02FE02FE02FE02FE02FE02FE02FE02F7
:1069A000FE02FE02FE02FE02FE02FE02FE02FE02E7
:1069B000FE02FE02FE02FE02FE02FE02FE02FE02D7
:1069C000FE02FE02FE02FE02FE02FE02FE02FE02C7
:1069D000FE02FE02FE02FE02FE02FE02FE02FE02B7
:1069E000FE02FE02FE02FE02FE02FE02FE02FE02A7
:1069F000FE02FE02FE02FE02FE02FE02FE02FE0297
:106A0000FE02FE02FE02FE02FE02FE02FE02FE0286
:106A1000FE02FE02FE02FE02FE02FE02FE02FE0276
:106A2000FE02FE02FE02FE02FE02FE02FE02FE0266
:106A3000FE02FE02FE02FE02FE02FE02FE02FE0256
:106A4000FE02FE02FE02FE02FE02FE02FE02FE0246
:106A5000FE02FE02FE02FE02FE02FE02FE02FE0236
:106A6000FE02FE02FE02FE02FE02FE02FE02FE0226
:106A7000FE02FE02FE02FE02FE02FE02FE02FE0216
:106A8000FE02FE02FE02FE02FE02FE02FE02FE0206
:106A9000FE02FE02FE02FE02FE02FE02FE02FE02F6
:106AA000FE02FE02FE02FE02FE02FE02FE02FE02E6
:106AB000FE02FE02FE02FE02FE02FE02FE02FE02D6
:106AC000FE02FE02FE02FE02FE02FE02FE02FE02C6
:106AD000FE02FE02FE02FE02FE02FE02FE02FE02B6
:106AE000FE02FE02FE02FE02FE02FE02FE02FE02A6
:106AF000FE02FE02FE02FE02FE02FE02FE02FE0296
:106B0000FE02FE02FE02FE02FE02FE02FE02FE0285
:106B1000FE02FE02FE02FE02FE02FE02FE02FE0275
:106B2000FE02FE02FE02FE02FE02FE02FE02FE0265
:106B3000FE02FE02FE02FE02FE02FE02FE02FE0255
:106B4000FE02FE02FE02FE02FE02FE02FE02FE0245
:106B5000FE02FE02FE02FE02FE02FE02FE02FE0235
:106B6000FE02FE02FE02FE02FE02FE02FE02FE0225
:106B7000FE02FE02FE02FE02FE02FE02FE02FE0215
:106B8000FE02FE02FE02FE02FE02FE02FE02FE0205
:106B9000FE02FE02FE02FE02FE02FE02FE02FE02F5
:106BA000FE02FE02FE02FE02FE02FE02FE02FE02E5
:106BB000FE02FE02FE02FE02FE02FE02FE02FE02D5
:106BC000FE02FE02FE02FE02FE02FE02FE02FE02C5
:106BD000FE02FE02FE02FE02FE02FE02FE02FE02B5
:106BE000FE02FE02FE02FE02FE02FE02FE02FE02A5
:106BF000FE02FE02FE02FE02FE02FE02FE02FE0295
:106C0000FE02FE02FE02FE02FE02FE02FE02FE0284
:106C1000FE02FE02FE02FE02FE02FE02FE02FE0274
:106C2000FE02FE02FE02FE02FE02FE02FE02FE0264
:106C3000FE02FE02FE02FE02FE02FE02FE02FE0254
:106C4000FE02FE02FE02FE02FE02FE02FE02FE0244
:106C5000FE02FE02FE02FE02FE02FE02FE02FE0234
:106C6000FE02FE02FE02FE02FE02FE02FE02FE0224
:106C7000FE02FE02FE02FE02FE02FE02FE02FE0214
:106C8000FE02FE02FE02FE02FE02FE02FE02FE0204
:106C9000FE02FE02FE02FE02FE02FE02FE02FE02F4
:106CA000FE02FE02FE02FE02FE02FE02FE02FE02E4
:106CB000FE02FE02FE02FE02FE02FE02FE02FE02D4
:106CC000FE02FE02FE02FE02FE02FE02FE02FE02C4
:106CD000FE02FE02FE02FE02FE02FE02FE02FE02B4
:106CE000FE02FE02FE02FE02FE02FE02FE02FE02A4
:106CF000FE02FE02FE02FE02FE02FE02FE02FE0294
:106D0000FE02FE02FE02FE02FE02FE02FE02FE0283
:106D1000FE02FE02FE02FE02FE02FE02FE02FE0273
:106D2000FE02FE02FE02FE02FE02FE02FE02FE0263
:106D3000FE02FE02FE02FE02FE02FE02FE02FE0253
:106D4000FE02FE02FE02FE02FE02FE02FE02FE0243
:106D5000FE02FE02FE02FE02FE02FE02FE02FE0233
:106D6000FE02FE02FE02FE02FE02FE02FE02FE0223
:106D7000FE02FE02FE02FE02FE02FE02FE02FE0213
:106D8000FE02FE02FE02FE02FE02FE02FE02FE0203
:106D9000FE02FE02FE02FE02FE02FE02FE02FE02F3
:106DA000FE02FE02FE02FE02FE02FE02FE02FE02E3
:106DB000FE02FE02FE02FE02FE02FE02FE02FE02D3
:106DC000FE02FE02FE02FE02FE02FE02FE02FE02C3
:106DD000FE02FE02FE02FE02FE02FE02FE02FE02B3
:106DE000FE02FE02FE02FE02FE02FE02FE02FE02A3
:106DF000FE02FE02FE02FE02FE02FE02FE02FE0293
:106E0000FE02FE02FE02FE02FE02FE02FE02FE0282
:106E1000FE02FE02FE02FE02FE02FE02FE02FE0272
:106E2000FE02FE02FE02FE02FE02FE02FE02FE0262
:106E3000FE02FE02FE02FE02FE02FE02FE02FE0252
:106E4000FE02FE02FE02FE02FE02FE02FE02FE0242
:106E5000FE02FE02FE02FE02FE02FE02FE02FE0232
:106E6000FE02FE02FE02FE02FE02FE02FE02FE0222
:106E7000FE02FE02FE02FE02FE02FE02FE02FE0212
:106E8000FE02FE02FE02FE02FE02FE02FE02FE0202
:106E9000FE02FE02FE02FE02FE02FE02FE02FE02F2
:106EA000FE02FE02FE02FE02FE02FE02FE02FE02E2
:106EB000FE02FE02FE02FE02FE02FE02FE02FE02D2
:106EC000FE02FE02FE02FE02FE02FE02FE02FE02C2
:106ED000FE02FE02FE02FE02FE02FE02FE02FE02B2
:106EE000FE02FE02FE02FE02FE02FE02FE02FE02A2
:106EF000FE02FE02FE02FE02FE02FE02FE02FE0292
:106F0000FE02FE02FE02FE02FE02FE02FE02FE0281
:106F1000FE02FE02FE02FE02FE02FE02FE02FE0271
:106F2000FE02FE02FE02FE02FE02FE02FE02FE0261
:106F3000FE02FE02FE02FE02FE02FE02FE02FE0251
:106F4000FE02FE02FE02FE02FE02FE02FE02FE0241
:106F5000FE02FE02FE02FE02FE02FE02FE02FE0231
:106F6000FE02FE02FE02FE02FE02FE02FE02FE0221
:106F7000FE02FE02FE02FE02FE02FE02FE02FE0211
:106F8000FE02FE02FE02FE02FE02FE02FE02FE0201
:106F9000FE02FE02FE02FE02FE02FE02FE02FE02F1
:106FA000FE02FE02FE02FE02FE02FE02FE02FE02E1
:106FB000FE02FE02FE02FE02FE02FE02FE02FE02D1
:106FC000FE02FE02FE02FE02FE02FE02FE02FE02C1
:106FD000FE02FE02FE02FE02FE02FE02FE02FE02B1
:106FE000FE02FE02FE02FE02FE02FE02FE02FE02A1
:106FF000FE02FE02FE02FE02FE02FE02FE02FE0291
:10700000FE02FE02FE02FE02FE02FE02FE02FE0280
:10701000FE02FE02FE02FE02FE02FE02FE02FE0270
:10702000FE02FE02FE02FE02FE02FE02FE02FE0260
:10703000FE02FE02FE02FE02FE02FE02FE02FE0250
:10704000FE02FE02FE02FE02FE02FE02FE02FE0240
:10705000FE02FE02FE02FE02FE02FE02FE02FE0230
:10706000FE02FE02FE02FE02FE02FE02FE02FE0220
:10707000FE02FE02FE02FE02FE02FE02FE02FE0210
:10708000FE02FE02FE02FE02FE02FE02FE02FE0200
:10709000FE02FE02FE02FE02FE02FE02FE02FE02F0
:1070A000FE02FE02FE02FE02FE02FE02FE02FE02E0
:1070B000FE02FE02FE02FE02FE02FE02FE02FE02D0
:1070C000FE02FE02FE02FE02FE02FE02FE02FE02C0
:1070D000FE02FE02FE02FE02FE02FE02FE02FE02B0
:1070E000FE02FE02FE02FE02FE02FE02FE02FE02A0
:1070F000FE02FE02FE02FE02FE02FE02FE02FE0290
:10710000FE02FE02FE02FE02FE02FE02FE02FE027F
:10711000FE02FE02FE02FE02FE02FE02FE02FE026F
:10712000FE02FE02FE02FE02FE02FE02FE02FE025F
:10713000FE02FE02FE02FE02FE02FE02FE02FE024F
:10714000FE02FE02FE02FE02FE02FE02FE02FE023F
:10715000FE02FE02FE02FE02FE02FE02FE02FE022F
:10716000FE02FE02FE02FE02FE02FE02FE02FE021F
:10717000FE02FE02FE02FE02FE02FE02FE02FE020F
:10718000FE02FE02FE02FE02FE02FE02FE02FE02FF
:10719000FE02FE02FE02FE02FE02FE02FE02FE02EF
:1071A000FE02FE02FE02FE02FE02FE02FE02FE02DF
:1071B000FE02FE02FE02FE02FE02FE02FE02FE02CF
:1071C000FE02FE02FE02FE02FE02FE02FE02FE02BF
:1071D000FE02FE02FE02FE02FE02FE02FE02FE02AF
:1071E000FE02FE02FE02FE02FE02FE02FE02FE029F
:1071F000FE02FE02FE02FE02FE02FE02FE02FE028F
:10720000FE02FE02FE02FE02FE02FE02FE02FE027E
:10721000FE02FE02FE02FE02FE02FE02FE02FE026E
:10722000FE02FE02FE02FE02FE02FE02FE02FE025E
:10723000FE02FE02FE02FE02FE02FE02FE02FE024E
:10724000FE02FE02FE02FE02FE02FE02FE02FE023E
:10725000FE02FE02FE02FE02FE02FE02FE02FE022E
:10726000FE02FE02FE02FE02FE02FE02FE02FE021E
:10727000FE02FE02FE02FE02FE02FE02FE02FE020E
:10728000FE02FE02FE02FE02FE02FE02FE02FE02FE
:10729000FE02FE02FE02FE02FE02FE02FE02FE02EE
:1072A000FE02FE02FE02FE02FE02FE02FE02FE02DE
:1072B000FE02FE02FE02FE02FE02FE02FE02FE02CE
:1072C000FE02FE02FE02FE02FE02FE02FE02FE02BE
:1072D000FE02FE02FE02FE02FE02FE02FE02FE02AE
:1072E000FE02FE02FE02FE02FE02FE02FE02FE029E
:1072F000FE02FE02FE02FE02FE02FE02FE02FE028E
:10730000FE02FE02FE02FE02FE02FE02FE02FE027D
:10731000FE02FE02FE02FE02FE02FE02FE02FE026D
:10732000FE02FE02FE02FE02FE02FE02FE02FE025D
:10733000FE02FE02FE02FE02FE02FE02FE02FE024D
:10734000FE02FE02FE02FE02FE02FE02FE02FE023D
:10735000FE02FE02FE02FE02FE02FE02FE02FE022D
:10736000FE02FE02FE02FE02FE02FE02FE02FE021D
:10737000FE02FE02FE02FE02FE02FE02FE02FE020D
:10738000FE02FE02FE02FE02FE02FE02FE02FE02FD
:10739000FE02FE02FE02FE02FE02FE02FE02FE02ED
:1073A000FE02FE02FE02FE02FE02FE02FE02FE02DD
:1073B000FE02FE02FE02FE02FE02FE02FE02FE02CD
:1073C000FE02FE02FE02FE02FE02FE02FE02FE02BD
:1073D000FE02FE02FE02FE02FE02FE02FE02FE02AD
:1073E000FE02FE02FE02FE02FE02FE02FE02FE029D
:1073F000FE02FE02FE02FE02FE02FE02FE02FE028D
:10740000FE02FE02FE02FE02FE02FE02FE02FE027C
:10741000FE02FE02FE02FE02FE02FE02FE02FE026C
:10742000FE02FE02FE02FE02FE02FE02FE02FE025C
:10743000FE02FE02FE02FE02FE02FE02FE02FE024C
:10744000FE02FE02FE02FE02FE02FE02FE02FE023C
:10745000FE02FE02FE02FE02FE02FE02FE02FE022C
:10746000FE02FE02FE02FE02FE02FE02FE02FE021C
:10747000FE02FE02FE02FE02FE02FE02FE02FE020C
:10748000FE02FE02FE02FE02FE02FE02FE02FE02FC
:10749000FE02FE02FE02FE02FE02FE02FE02FE02EC
:1074A000FE02FE02FE02FE02FE02FE02FE02FE02DC
:1074B000FE02FE02FE02FE02FE02FE02FE02FE02CC
:1074C000FE02FE02FE02FE02FE02FE02FE02FE02BC
:1074D000FE02FE02FE02FE02FE02FE02FE02FE02AC
:1074E000FE02FE02FE02FE02FE02FE02FE02FE029C
:1074F000FE02FE02FE02FE02FE02FE02FE02FE028C
:10750000FE02FE02FE02FE02FE02FE02FE02FE027B
:10751000FE02FE02FE02FE02FE02FE02FE02FE026B
:10752000FE02FE02FE02FE02FE02FE02FE02FE025B
:10753000FE02FE02FE02FE02FE02FE02FE02FE024B
:10754000FE02FE02FE02FE02FE02FE02FE02FE023B
:10755000FE02FE02FE02FE02FE02FE02FE02FE022B
:10756000FE02FE02FE02FE02FE02FE02FE02FE021B
:10757000FE02FE02FE02FE02FE02FE02FE02FE020B
:10758000FE02FE02FE02FE02FE02FE02FE02FE02FB
:10759000FE02FE02FE02FE02FE02FE02FE02FE02EB
:1075A000FE02FE02FE02FE02FE02FE02FE02FE02DB
:1075B000FE02FE02FE02FE02FE02FE02FE02FE02CB
:1075C000FE02FE02FE02FE02FE02FE02FE02FE02BB
:1075D000FE02FE02FE02FE02FE02FE02FE02FE02AB
:1075E000FE02FE02FE02FE02FE02FE02FE02FE029B
:1075F000FE02FE02FE02FE02FE02FE02FE02FE028B
:10760000FE02FE02FE02FE02FE02FE02FE02FE027A
:10761000FE02FE02FE02FE02FE02FE02FE02FE026A
:10762000FE02FE02FE02FE02FE02FE02FE02FE025A
:10763000FE02FE02FE02FE02FE02FE02FE02FE024A
:10764000FE02FE02FE02FE02FE02FE02FE02FE023A
:10765000FE02FE02FE02FE02FE02FE02FE02FE022A
:10766000FE02FE02FE02FE02FE02FE02FE02FE021A
:10767000FE02FE02FE02FE02FE02FE02FE02FE020A
:10768000FE02FE02FE02FE02FE02FE02FE02FE02FA
:10769000FE02FE02FE02FE02FE02FE02FE02FE02EA
:1076A000FE02FE02FE02FE02FE02FE02FE02FE02DA
:1076B000FE02FE02FE02FE02FE02FE02FE02FE02CA
:1076C000FE02FE02FE02FE02FE02FE02FE02FE02BA
:1076D000FE02FE02FE02FE02FE02FE02FE02FE02AA
:1076E000FE02FE02FE02FE02FE02FE02FE02FE029A
:1076F000FE02FE02FE02FE02FE02FE02FE02FE028A
:10770000FE02FE02FE02FE02FE02FE02FE02FE0279
:10771000FE02FE02FE02FE02FE02FE02FE02FE0269
:10772000FE02FE02FE02FE02FE02FE02FE02FE0259
:10773000FE02FE02FE02FE02FE02FE02FE02FE0249
:10774000FE02FE02FE02FE02FE02FE02FE02FE0239
:10775000FE02FE02FE02FE02FE02FE02FE02FE0229
:10776000FE02FE02FE02FE02FE02FE02FE02FE0219
:10777000FE02FE02FE02FE02FE02FE02FE02FE0209
:10778000FE02FE02FE02FE02FE02FE02FE02FE02F9
:10779000FE02FE02FE02FE02FE02FE02FE02FE02E9
:1077A000FE02FE02FE02FE02FE02FE02FE02FE02D9
:1077B000FE02FE02FE02FE02FE02FE02FE02FE02C9
:1077C000FE02FE02FE02FE02FE02FE02FE02FE02B9
:1077D000FE02FE02FE02FE02FE02FE02FE02FE02A9
:1077E000FE02FE02FE02FE02FE02FE02FE02FE0299
:1077F000FE02FE02FE02FE02FE02FE02FE02FE0289
:10780000FE02FE02FE02FE02FE02FE02FE02FE0278
:10781000FE02FE02FE02FE02FE02FE02FE02FE0268
:10782000FE02FE02FE02FE02FE02FE02FE02FE0258
:10783000FE02FE02FE02FE02FE02FE02FE02FE0248
:10784000FE02FE02FE02FE02FE02FE02FE02FE0238
:10785000FE02FE02FE02FE02FE02FE02FE02FE0228
:10786000FE02FE02FE02FE02FE02FE02FE02FE0218
:10787000FE02FE02FE02FE02FE02FE02FE02FE0208
:10788000FE02FE02FE02FE02FE02FE02FE02FE02F8
:10789000FE02FE02FE02FE02FE02FE02FE02FE02E8
:1078A000FE02FE02FE02FE02FE02FE02FE02FE02D8
:1078B000FE02FE02FE02FE02FE02FE02FE02FE02C8
:1078C000FE02FE02FE02FE02FE02FE02FE02FE02B8
:1078D000FE02FE02FE02FE02FE02FE02FE02FE02A8
:1078E000FE02FE02FE02FE02FE02FE02FE02FE0298
:1078F000FE02FE02FE02FE02FE02FE02FE02FE0288
:10790000FE02FE02FE02FE02FE02FE02FE02FE0277
:10791000FE02FE02FE02FE02FE02FE02FE02FE0267
:10792000FE02FE02FE02FE02FE02FE02FE02FE0257
:10793000FE02FE02FE02FE02FE02FE02FE02FE0247
:10794000FE02FE02FE02FE02FE02FE02FE02FE0237
:10795000FE02FE02FE02FE02FE02FE02FE02FE0227
:10796000FE02FE02FE02FE02FE02FE02FE02FE0217
:10797000FE02FE02FE02FE02FE02FE02FE02FE0207
:10798000FE02FE02FE02FE02FE02FE02FE02FE02F7
:10799000FE02FE02FE02FE02FE02FE02FE02FE02E7
:1079A000FE02FE02FE02FE02FE02FE02FE02FE02D7
:1079B000FE02FE02FE02FE02FE02FE02FE02FE02C7
:1079C000FE02FE02FE02FE02FE02FE02FE02FE02B7
:1079D000FE02FE02FE02FE02FE02FE02FE02FE02A7
:1079E000FE02FE02FE02FE02FE02FE02FE02FE0297
:1079F000FE02FE02FE02FE02FE02FE02FE02FE0287
:107A0000FE02FE02FE02FE02FE02FE02FE02FE0276
:107A1000FE02FE02FE02FE02FE02FE02FE02FE0266
:107A2000FE02FE02FE02FE02FE02FE02FE02FE0256
:107A3000FE02FE02FE02FE02FE02FE02FE02FE0246
:107A4000FE02FE02FE02FE02FE02FE02FE02FE0236
:107A5000FE02FE02FE02FE02FE02FE02FE02FE0226
:107A6000FE02FE02FE02FE02FE02FE02FE02FE0216
:107A7000FE02FE02FE02FE02FE02FE02FE02FE0206
:107A8000FE02FE02FE02FE02FE02FE02FE02FE02F6
:107A9000FE02FE02FE02FE02FE02FE02FE02FE02E6
:107AA000FE02FE02FE02FE02FE02FE02FE02FE02D6
:107AB000FE02FE02FE02FE02FE02FE02FE02FE02C6
:107AC000FE02FE02FE02FE02FE02FE02FE02FE02B6
:107AD000FE02FE02FE02FE02FE02FE02FE02FE02A6
:107AE000FE02FE02FE02FE02FE02FE02FE02FE0296
:107AF000FE02FE02FE02FE02FE02FE02FE02FE0286
:107B0000FE02FE02FE02FE02FE02FE02FE02FE0275
:107B1000FE02FE02FE02FE02FE02FE02FE02FE0265
:107B2000FE02FE02FE02FE02FE02FE02FE02FE0255
:107B3000FE02FE02FE02FE02FE02FE02FE02FE0245
:107B4000FE02FE02FE02FE02FE02FE02FE02FE0235
:107B5000FE02FE02FE02FE02FE02FE02FE02FE0225
:107B6000FE02FE02FE02FE02FE02FE02FE02FE0215
:107B7000FE02FE02FE02FE02FE02FE02FE02FE0205
:107B8000FE02FE02FE02FE02FE02FE02FE02FE02F5
:107B9000FE02FE02FE02FE02FE02FE02FE02FE02E5
:107BA000FE02FE02FE02FE02FE02FE02FE02FE02D5
:107BB000FE02FE02FE02FE02FE02FE02FE02FE02C5
:107BC000FE02FE02FE02FE02FE02FE02FE02FE02B5
:107BD000FE02FE02FE02FE02FE02FE02FE02FE02A5
:107BE000FE02FE02FE02FE02FE02FE02FE02FE0295
:107BF000FE02FE02FE02FE02FE02FE02FE02FE0285
:107C0000FE02FE02FE02FE02FE02FE02FE02FE0274
:107C1000FE02FE02FE02FE02FE02FE02FE02FE0264
:107C2000FE02FE02FE02FE02FE02FE02FE02FE0254
:107C3000FE02FE02FE02FE02FE02FE02FE02FE0244
:107C4000FE02FE02FE02FE02FE02FE02FE02FE0234
:107C5000FE02FE02FE02FE02FE02FE02FE02FE0224
:107C6000FE02FE02FE02FE02FE02FE02FE02FE0214
:107C7000FE02FE02FE02FE02FE02FE02FE02FE0204
:107C8000FE02FE02FE02FE02FE02FE02FE02FE02F4
:107C9000FE02FE02FE02FE02FE02FE02FE02FE02E4
:107CA000FE02FE02FE02FE02FE02FE02FE02FE02D4
:107CB000FE02FE02FE02FE02FE02FE02FE02FE02C4
:107CC000FE02FE02FE02FE02FE02FE02FE02FE02B4
:107CD000FE02FE02FE02FE02FE02FE02FE02FE02A4
:107CE000FE02FE02FE02FE02FE02FE02FE02FE0294
:107CF000FE02FE02FE02FE02FE02FE02FE02FE0284
:107D0000FE02FE02FE02FE02FE02FE02FE02FE0273
:107D1000FE02FE02FE02FE02FE02FE02FE02FE0263
:107D2000FE02FE02FE02FE02FE02FE02FE02FE0253
:107D3000FE02FE02FE02FE02FE02FE02FE02FE0243
:107D4000FE02FE02FE02FE02FE02FE02FE02FE0233
:107D5000FE02FE02FE02FE02FE02FE02FE02FE0223
:107D6000FE02FE02FE02FE02FE02FE02FE02FE0213
:107D7000FE02FE02FE02FE02FE02FE02FE02FE0203
:107D8000FE02FE02FE02FE02FE02FE02FE02FE02F3
:107D9000FE02FE02FE02FE02FE02FE02FE02FE02E3
:107DA000FE02FE02FE02FE02FE02FE02FE02FE02D3
:107DB000FE02FE02FE02FE02FE02FE02FE02FE02C3
:107DC000FE02FE02FE02FE02FE02FE02FE02FE02B3
:107DD000FE02FE02FE02FE02FE02FE02FE02FE02A3
:107DE000FE02FE02FE02FE02FE02FE02FE02FE0293
:107DF000FE02FE02FE02FE02FE02FE02FE02FE0283
:107E0000FE02FE02FE02FE02FE02FE02FE02FE0272
:107E1000FE02FE02FE02FE02FE02FE02FE02FE0262
:107E2000FE02FE02FE02FE02FE02FE02FE02FE0252
:107E3000FE02FE02FE02FE02FE02FE02FE02FE0242
:107E4000FE02FE02FE02FE02FE02FE02FE02FE0232
:107E5000FE02FE02FE02FE02FE02FE02FE02FE0222
:107E6000FE02FE02FE02FE02FE02FE02FE02FE0212
:107E7000FE02FE02FE02FE02FE02FE02FE02FE0202
:107E8000FE02FE02FE02FE02FE02FE02FE02FE02F2
:107E9000FE02FE02FE02FE02FE02FE02FE02FE02E2
:107EA000FE02FE02FE02FE02FE02FE02FE02FE02D2
:107EB000FE02FE02FE02FE02FE02FE02FE02FE02C2
:107EC000FE02FE02FE02FE02FE02FE02FE02FE02B2
:107ED000FE02FE02FE02FE02FE02FE02FE02FE02A2
:107EE000FE02FE02FE02FE02FE02FE02FE02FE0292
:107EF000FE02FE02FE02FE02FE02FE02FE02FE0282
:107F0000FE02FE02FE02FE02FE02FE02FE02FE0271
:107F1000FE02FE02FE02FE02FE02FE02FE02FE0261
:107F2000FE02FE02FE02FE02FE02FE02FE02FE0251
:107F3000FE02FE02FE02FE02FE02FE02FE02FE0241
:107F4000FE02FE02FE02FE02FE02FE02FE02FE0231
:107F5000FE02FE02FE02FE02FE02FE02FE02FE0221
:107F6000FE02FE02FE02FE02FE02FE02FE02FE0211
:107F7000FE02FE02FE02FE02FE02FE02FE02FE0201
:107F8000FE02FE02FE02FE02FE02FE02FE02FE02F1
:107F9000FE02FE02FE02FE02FE02FE02FE02FE02E1
:107FA000FE02FE02FE02FE02FE02FE02FE02FE02D1
:107FB000FE02FE02FE02FE02FE02FE02FE02FE02C1
:107FC000FE02FE02FE02FE02FE02FE02FE02FE02B1
:107FD000FE02FE02FE02FE02FE02FE02FE02FE02A1
:107FE000FE02FE02FE02FE02FE02FE02FE02FE0291
:107FF000FE02FE02FE02FE02FE02FE02FE02FE0281
:10800000FE02FE02FE02FE02FE02FE02FE02FE0270
:10801000FE02FE02FE02FE02FE02FE02FE02FE0260
:10802000FE02FE02FE02FE02FE02FE02FE02FE0250
:10803000FE02FE02FE02FE02FE02FE02FE02FE0240
:10804000FE02FE02FE02FE02FE02FE02FE02FE0230
:10805000FE02FE02FE02FE02FE02FE02FE02FE0220
:10806000FE02FE02FE02FE02FE02FE02FE02FE0210
:10807000FE02FE02FE02FE02FE02FE02FE02FE0200
:10808000FE02FE02FE02FE02FE02FE02FE02FE02F0
:10809000FE02FE02FE02FE02FE02FE02FE02FE02E0
:1080A000FE02FE02FE02FE02FE02FE02FE02FE02D0
:1080B000FE02FE02FE02FE02FE02FE02FE02FE02C0
:1080C000FE02FE02FE02FE02FE02FE02FE02FE02B0
:1080D000FE02FE02FE02FE02FE02FE02FE02FE02A0
:1080E000FE02FE02FE02FE02FE02FE02FE02FE0290
:1080F000FE02FE02FE02FE02FE02FE02FE02FE0280
:10810000FE02FE02FE02FE02FE02FE02FE02FE026F
:10811000FE02FE02FE02FE02FE02FE02FE02FE025F
:10812000FE02FE02FE02FE02FE02FE02FE02FE024F
:10813000FE02FE02FE02FE02FE02FE02FE02FE023F
:10814000FE02FE02FE02FE02FE02FE02FE02FE022F
:10815000FE02FE02FE02FE02FE02FE02FE02FE021F
:10816000FE02FE02FE02FE02FE02FE02FE02FE020F
:10817000FE02FE02FE02FE02FE02FE02FE02FE02FF
:10818000FE02FE02FE02FE02FE02FE02FE02FE02EF
:10819000FE02FE02FE02FE02FE02FE02FE02FE02DF
:1081A000FE02FE02FE02FE02FE02FE02FE02FE02CF
:1081B000FE02FE02FE02FE02FE02FE02FE02FE02BF
:1081C000FE02FE02FE02FE02FE02FE02FE02FE02AF
:1081D000FE02FE02FE02FE02FE02FE02FE02FE029F
:1081E000FE02FE02FE02FE02FE02FE02FE02FE028F
:1081F000FE02FE02FE02FE02FE02FE02FE02FE027F
:10820000FE02FE02FE02FE02FE02FE02FE02FE026E
:10821000FE02FE02FE02FE02FE02FE02FE02FE025E
:10822000FE02FE02FE02FE02FE02FE02FE02FE024E
:10823000FE02FE02FE02FE02FE02FE02FE02FE023E
:10824000FE02FE02FE02FE02FE02FE02FE02FE022E
:10825000FE02FE02FE02FE02FE02FE02FE02FE021E
:10826000FE02FE02FE02FE02FE02FE02FE02FE020E
:10827000FE02FE02FE02FE02FE02FE02FE02FE02FE
:10828000FE02FE02FE02FE02FE02FE02FE02FE02EE
:10829000FE02FE02FE02FE02FE02FE02FE02FE02DE
:1082A000FE02FE02FE02FE02FE02FE02FE02FE02CE
:1082B000FE02FE02FE02FE02FE02FE02FE02FE02BE
:1082C000FE02FE02FE02FE02FE02FE02FE02FE02AE
:1082D000FE02FE02FE02FE02FE02FE02FE02FE029E
:1082E000FE02FE02FE02FE02FE02FE02FE02FE028E
:1082F000FE02FE02FE02FE02FE02FE02FE02FE027E
:10830000FE02FE02FE02FE02FE02FE02FE02FE026D
:10831000FE02FE02FE02FE02FE02FE02FE02FE025D
:10832000FE02FE02FE02FE02FE02FE02FE02FE024D
:10833000FE02FE02FE02FE02FE02FE02FE02FE023D
:10834000FE02FE02FE02FE02FE02FE02FE02FE022D
:10835000FE02FE02FE02FE02FE02FE02FE02FE021D
:10836000FE02FE02FE02FE02FE02FE02FE02FE020D
:10837000FE02FE02FE02FE02FE02FE02FE02FE02FD
:10838000FE02FE02FE02FE02FE02FE02FE02FE02ED
:10839000FE02FE02FE02FE02FE02FE02FE02FE02DD
:1083A000FE02FE02FE02FE02FE02FE02FE02FE02CD
:1083B000FE02FE02FE02FE02FE02FE02FE02FE02BD
:1083C000FE02FE02FE02FE02FE02FE02FE02FE02AD
:1083D000FE02FE02FE02FE02FE02FE02FE02FE029D
:1083E000FE02FE02FE02FE02FE02FE02FE02FE028D
:1083F000FE02FE02FE02FE02FE02FE02FE02FE027D
:10840000FE02FE02FE02FE02FE02FE02FE02FE026C
:10841000FE02FE02FE02FE02FE02FE02FE02FE025C
:10842000FE02FE02FE02FE02FE02FE02FE02FE024C
:10843000FE02FE02FE02FE02FE02FE02FE02FE023C
:10844000FE02FE02FE02FE02FE02FE02FE02FE022C
:10845000FE02FE02FE02FE02FE02FE02FE02FE021C
:10846000FE02FE02FE02FE02FE02FE02FE02FE020C
:10847000FE02FE02FE02FE02FE02FE02FE02FE02FC
:10848000FE02FE02FE02FE02FE02FE02FE02FE02EC
:10849000FE02FE02FE02FE02FE02FE02FE02FE02DC
:1084A000FE02FE02FE02FE02FE02FE02FE02FE02CC
:1084B000FE02FE02FE02FE02FE02FE02FE02FE02BC
:1084C000FE02FE02FE02FE02FE02FE02FE02FE02AC
:1084D000FE02FE02FE02FE02FE02FE02FE02FE029C
:1084E000FE02FE02FE02FE02FE02FE02FE02FE028C
:1084F000FE02FE02FE02FE02FE02FE02FE02FE027C
:10850000FE02FE02FE02FE02FE02FE02FE02FE026B
:10851000FE02FE02FE02FE02FE02FE02FE02FE025B
:10852000FE02FE02FE02FE02FE02FE02FE02FE024B
:10853000FE02FE02FE02FE02FE02FE02FE02FE023B
:10854000FE02FE02FE02FE02FE02FE02FE02FE022B
:10855000FE02FE02FE02FE02FE02FE02FE02FE021B
:10856000FE02FE02FE02FE02FE02FE02FE02FE020B
:10857000FE02FE02FE02FE02FE02FE02FE02FE02FB
:10858000FE02FE02FE02FE02FE02FE02FE02FE02EB
:10859000FE02FE02FE02FE02FE02FE02FE02FE02DB
:1085A000FE02FE02FE02FE02FE02FE02FE02FE02CB
:1085B000FE02FE02FE02FE02FE02FE02FE02FE02BB
:1085C000FE02FE02FE02FE02FE02FE02FE02FE02AB
:1085D000FE02FE02FE02FE02FE02FE02FE02FE029B
:1085E000FE02FE02FE02FE02FE02FE02FE02FE028B
:1085F000FE02FE02FE02FE02FE02FE02FE02FE027B
:10860000FE02FE02FE02FE02FE02FE02FE02FE026A
:10861000FE02FE02FE02FE02FE02FE02FE02FE025A
:10862000FE02FE02FE02FE02FE02FE02FE02FE024A
:10863000FE02FE02FE02FE02FE02FE02FE02FE023A
:10864000FE02FE02FE02FE02FE02FE02FE02FE022A
:10865000FE02FE02FE02FE02FE02FE02FE02FE021A
:10866000FE02FE02FE02FE02FE02FE02FE02FE020A
:10867000FE02FE02FE02FE02FE02FE02FE02FE02FA
:10868000FE02FE02FE02FE02FE02FE02FE02FE02EA
:10869000FE02FE02FE02FE02FE02FE02FE02FE02DA
:1086A000FE02FE02FE02FE02FE02FE02FE02FE02CA
:1086B000FE02FE02FE02FE02FE02FE02FE02FE02BA
:1086C000FE02FE02FE02FE02FE02FE02FE02FE02AA
:1086D000FE02FE02FE02FE02FE02FE02FE02FE029A
:1086E000FE02FE02FE02FE02FE02FE02FE02FE028A
:1086F000FE02FE02FE02FE02FE02FE02FE02FE027A
:10870000FE02FE02FE02FE02FE02FE02FE02FE0269
:10871000FE02FE02FE02FE02FE02FE02FE02FE0259
:10872000FE02FE02FE02FE02FE02FE02FE02FE0249
:10873000FE02FE02FE02FE02FE02FE02FE02FE0239
:10874000FE02FE02FE02FE02FE02FE02FE02FE0229
:10875000FE02FE02FE02FE02FE02FE02FE02FE0219
:10876000FE02FE02FE02FE02FE02FE02FE02FE0209
:10877000FE02FE02FE02FE02FE02FE02FE02FE02F9
:10878000FE02FE02FE02FE02FE02FE02FE02FE02E9
:10879000FE02FE02FE02FE02FE02FE02FE02FE02D9
:1087A000FE02FE02FE02FE02FE02FE02FE02FE02C9
:1087B000FE02FE02FE02FE02FE02FE02FE02FE02B9
:1087C000FE02FE02FE02FE02FE02FE02FE02FE02A9
:1087D000FE02FE02FE02FE02FE02FE02FE02FE0299
:1087E000FE02FE02FE02FE02FE02FE02FE02FE0289
:1087F000FE02FE02FE02FE02FE02FE02FE02FE0279
:10880000FE02FE02FE02FE02FE02FE02FE02FE0268
:10881000FE02FE02FE02FE02FE02FE02FE02FE0258
:10882000FE02FE02FE02FE02FE02FE02FE02FE0248
:10883000FE02FE02FE02FE02FE02FE02FE02FE0238
:10884000FE02FE02FE02FE02FE02FE02FE02FE0228
:10885000FE02FE02FE02FE02FE02FE02FE02FE0218
:10886000FE02FE02FE02FE02FE02FE02FE02FE0208
:10887000FE02FE02FE02FE02FE02FE02FE02FE02F8
:10888000FE02FE02FE02FE02FE02FE02FE02FE02E8
:10889000FE02FE02FE02FE02FE02FE02FE02FE02D8
:1088A000FE02FE02FE02FE02FE02FE02FE02FE02C8
:1088B000FE02FE02FE02FE02FE02FE02FE02FE02B8
:1088C000FE02FE02FE02FE02FE02FE02FE02FE02A8
:1088D000FE02FE02FE02FE02FE02FE02FE02FE0298
:1088E000FE02FE02FE02FE02FE02FE02FE02FE0288
:1088F000FE02FE02FE02FE02FE02FE02FE02FE0278
:10890000FE02FE02FE02FE02FE02FE02FE02FE0267
:10891000FE02FE02FE02FE02FE02FE02FE02FE0257
:10892000FE02FE02FE02FE02FE02FE02FE02FE0247
:10893000FE02FE02FE02FE02FE02FE02FE02FE0237
:10894000FE02FE02FE02FE02FE02FE02FE02FE0227
:10895000FE02FE02FE02FE02FE02FE02FE02FE0217
:10896000FE02FE02FE02FE02FE02FE02FE02FE0207
:10897000FE02FE02FE02FE02FE02FE02FE02FE02F7
:10898000FE02FE02FE02FE02FE02FE02FE02FE02E7
:10899000FE02FE02FE02FE02FE02FE02FE02FE02D7
:1089A000FE02FE02FE02FE02FE02FE02FE02FE02C7
:1089B000FE02FE02FE02FE02FE02FE02FE02FE02B7
:1089C000FE02FE02FE02FE02FE02FE02FE02FE02A7
:1089D000FE02FE02FE02FE02FE02FE02FE02FE0297
:1089E000FE02FE02FE02FE02FE02FE02FE02FE0287
:1089F000FE02FE02FE02FE02FE02FE02FE02FE0277
:108A0000FE02FE02FE02FE02FE02FE02FE02FE0266
:108A1000FE02FE02FE02FE02FE02FE02FE02FE0256
:108A2000FE02FE02FE02FE02FE02FE02FE02FE0246
:108A3000FE02FE02FE02FE02FE02FE02FE02FE0236
:108A4000FE02FE02FE02FE02FE02FE02FE02FE0226
:108A5000FE02FE02FE02FE02FE02FE02FE02FE0216
:108A6000FE02FE02FE02FE02FE02FE02FE02FE0206
:108A7000FE02FE02FE02FE02FE02FE02FE02FE02F6
:108A8000FE02FE02FE02FE02FE02FE02FE02FE02E6
:108A9000FE02FE02FE02FE02FE02FE02FE02FE02D6
:108AA000FE02FE02FE02FE02FE02FE02FE02FE02C6
:108AB000FE02FE02FE02FE02FE02FE02FE02FE02B6
:108AC000FE02FE02FE02FE02FE02FE02FE02FE02A6
:108AD000FE02FE02FE02FE02FE02FE02FE02FE0296
:108AE000FE02FE02FE02FE02FE02FE02FE02FE0286
:108AF000FE02FE02FE02FE02FE02FE02FE02FE0276
:108B0000FE02FE02FE02FE02FE02FE02FE02FE0265
:108B1000FE02FE02FE02FE02FE02FE02FE02FE0255
:108B2000FE02FE02FE02FE02FE02FE02FE02FE0245
:108B3000FE02FE02FE02FE02FE02FE02FE02FE0235
:108B4000FE02FE02FE02FE02FE02FE02FE02FE0225
:108B5000FE02FE02FE02FE02FE02FE02FE02FE0215
:108B6000FE02FE02FE02FE02FE02FE02FE02FE0205
:108B7000FE02FE02FE02FE02FE02FE02FE02FE02F5
:108B8000FE02FE02FE02FE02FE02FE02FE02FE02E5
:108B9000FE02FE02FE02FE02FE02FE02FE02FE02D5
:108BA000FE02FE02FE02FE02FE02FE02FE02FE02C5
:108BB000FE02FE02FE02FE02FE02FE02FE02FE02B5
:108BC000FE02FE02FE02FE02FE02FE02FE02FE02A5
:108BD000FE02FE02FE02FE02FE02FE02FE02FE0295
:108BE000FE02FE02FE02FE02FE02FE02FE02FE0285
:108BF000FE02FE02FE02FE02FE02FE02FE02FE0275
:108C0000FE02FE02FE02FE02FE02FE02FE02FE0264
:108C1000FE02FE02FE02FE02FE02FE02FE02FE0254
:108C2000FE02FE02FE02FE02FE02FE02FE02FE0244
:108C3000FE02FE02FE02FE02FE02FE02FE02FE0234
:108C4000FE02FE02FE02FE02FE02FE02FE02FE0224
:108C5000FE02FE02FE02FE02FE02FE02FE02FE0214
:108C6000FE02FE02FE02FE02FE02FE02FE02FE0204
:108C7000FE02FE02FE02FE02FE02FE02FE02FE02F4
:108C8000FE02FE02FE02FE02FE02FE02FE02FE02E4
:108C9000FE02FE02FE02FE02FE02FE02FE02FE02D4
:108CA000FE02FE02FE02FE02FE02FE02FE02FE02C4
:108CB000FE02FE02FE02FE02FE02FE02FE02FE02B4
:108CC000FE02FE02FE02FE02FE02FE02FE02FE02A4
:108CD000FE02FE02FE02FE02FE02FE02FE02FE0294
:108CE000FE02FE02FE02FE02FE02FE02FE02FE0284
:108CF000FE02FE02FE02FE02FE02FE02FE02FE0274
:108D0000FE02FE02FE02FE02FE02FE02FE02FE0263
:108D1000FE02FE02FE02FE02FE02FE02FE02FE0253
:108D2000FE02FE02FE02FE02FE02FE02FE02FE0243
:108D3000FE02FE02FE02FE02FE02FE02FE02FE0233
:108D4000FE02FE02FE02FE02FE02FE02FE02FE0223
:108D5000FE02FE02FE02FE02FE02FE02FE02FE0213
:108D6000FE02FE02FE02FE02FE02FE02FE02FE0203
:108D7000FE02FE02FE02FE02FE02FE02FE02FE02F3
:108D8000FE02FE02FE02FE02FE02FE02FE02FE02E3
:108D9000FE02FE02FE02FE02FE02FE02FE02FE02D3
:108DA000FE02FE02FE02FE02FE02FE02FE02FE02C3
:108DB000FE02FE02FE02FE02FE02FE02FE02FE02B3
:108DC000FE02FE02FE02FE02FE02FE02FE02FE02A3
:108DD000FE02FE02FE02FE02FE02FE02FE02FE0293
:108DE000FE02FE02FE02FE02FE02FE02FE02FE0283
:108DF000FE02FE02FE02FE02FE02FE02FE02FE0273
:108E0000FE02FE02FE02FE02FE02FE02FE02FE0262
:108E1000FE02FE02FE02FE02FE02FE02FE02FE0252
:108E2000FE02FE02FE02FE02FE02FE02FE02FE0242
:108E3000FE02FE02FE02FE02FE02FE02FE02FE0232
:108E4000FE02FE02FE02FE02FE02FE02FE02FE0222
:108E5000FE02FE02FE02FE02FE02FE02FE02FE0212
:108E6000FE02FE02FE02FE02FE02FE02FE02FE0202
:108E7000FE02FE02FE02FE02FE02FE02FE02FE02F2
:108E8000FE02FE02FE02FE02FE02FE02FE02FE02E2
:108E9000FE02FE02FE02FE02FE02FE02FE02FE02D2
:108EA000FE02FE02FE02FE02FE02FE02FE02FE02C2
:108EB000FE02FE02FE02FE02FE02FE02FE02FE02B2
:108EC000FE02FE02FE02FE02FE02FE02FE02FE02A2
:108ED000FE02FE02FE02FE02FE02FE02FE02FE0292
:108EE000FE02FE02FE02FE02FE02FE02FE02FE0282
:108EF000FE02FE02FE02FE02FE02FE02FE02FE0272
:108F0000FE02FE02FE02FE02FE02FE02FE02FE0261
:108F1000FE02FE02FE02FE02FE02FE02FE02FE0251
:108F2000FE02FE02FE02FE02FE02FE02FE02FE0241
:108F3000FE02FE02FE02FE02FE02FE02FE02FE0231
:108F4000FE02FE02FE02FE02FE02FE02FE02FE0221
:108F5000FE02FE02FE02FE02FE02FE02FE02FE0211
:108F6000FE02FE02FE02FE02FE02FE02FE02FE0201
:108F7000FE02FE02FE02FE02FE02FE02FE02FE02F1
:108F8000FE02FE02FE02FE02FE02FE02FE02FE02E1
:108F9000FE02FE02FE02FE02FE02FE02FE02FE02D1
:108FA000FE02FE02FE02FE02FE02FE02FE02FE02C1
:108FB000FE02FE02FE02FE02FE02FE02FE02FE02B1
:108FC000FE02FE02FE02FE02FE02FE02FE02FE02A1
:108FD000FE02FE02FE02FE02FE02FE02FE02FE0291
:108FE000FE02FE02FE02FE02FE02FE02FE02FE0281
:108FF000FE02FE02FE02FE02FE02FE02FE02FE0271
:10900000FE02FE02FE02FE02FE02FE02FE02FE0260
:10901000FE02FE02FE02FE02FE02FE02FE02FE0250
:10902000FE02FE02FE02FE02FE02FE02FE02FE0240
:10903000FE02FE02FE02FE02FE02FE02FE02FE0230
:10904000FE02FE02FE02FE02FE02FE02FE02FE0220
:10905000FE02FE02FE02FE02FE02FE02FE02FE0210
:10906000FE02FE02FE02FE02FE02FE02FE02FE0200
:10907000FE02FE02FE02FE02FE02FE02FE02FE02F0
:10908000FE02FE02FE02FE02FE02FE02FE02FE02E0
:10909000FE02FE02FE02FE02FE02FE02FE02FE02D0
:1090A000FE02FE02FE02FE02FE02FE02FE02FE02C0
:1090B000FE02FE02FE02FE02FE02FE02FE02FE02B0
:1090C000FE02FE02FE02FE02FE02FE02FE02FE02A0
:1090D000FE02FE02FE02FE02FE02FE02FE02FE0290
:1090E000FE02FE02FE02FE02FE02FE02FE02FE0280
:1090F000FE02FE02FE02FE02FE02FE02FE02FE0270
:10910000FE02FE02FE02FE02FE02FE02FE02FE025F
:10911000FE02FE02FE02FE02FE02FE02FE02FE024F
:10912000FE02FE02FE02FE02FE02FE02FE02FE023F
:10913000FE02FE02FE02FE02FE02FE02FE02FE022F
:10914000FE02FE02FE02FE02FE02FE02FE02FE021F
:10915000FE02FE02FE02FE02FE02FE02FE02FE020F
:10916000FE02FE02FE02FE02FE02FE02FE02FE02FF
:10917000FE02FE02FE02FE02FE02FE02FE02FE02EF
:10918000FE02FE02FE02FE02FE02FE02FE02FE02DF
:10919000FE02FE02FE02FE02FE02FE02FE02FE02CF
:1091A000FE02FE02FE02FE02FE02FE02FE02FE02BF
:1091B000FE02FE02FE02FE02FE02FE02FE02FE02AF
:1091C000FE02FE02FE02FE02FE02FE02FE02FE029F
:1091D000FE02FE02FE02FE02FE02FE02FE02FE028F
:1091E000FE02FE02FE02FE02FE02FE02FE02FE027F
:1091F000FE02FE02FE02FE02FE02FE02FE02FE026F
:10920000FE02FE02FE02FE02FE02FE02FE02FE025E
:10921000FE02FE02FE02FE02FE02FE02FE02FE024E
:10922000FE02FE02FE02FE02FE02FE02FE02FE023E
:10923000FE02FE02FE02FE02FE02FE02FE02FE022E
:10924000FE02FE02FE02FE02FE02FE02FE02FE021E
:10925000FE02FE02FE02FE02FE02FE02FE02FE020E
:10926000FE02FE02FE02FE02FE02FE02FE02FE02FE
:10927000FE02FE02FE02FE02FE02FE02FE02FE02EE
:10928000FE02FE02FE02FE02FE02FE02FE02FE02DE
:10929000FE02FE02FE02FE02FE02FE02FE02FE02CE
:1092A000FE02FE02FE02FE02FE02FE02FE02FE02BE
:1092B000FE02FE02FE02FE02FE02FE02FE02FE02AE
:1092C000FE02FE02FE02FE02FE02FE02FE02FE029E
:1092D000FE02FE02FE02FE02FE02FE02FE02FE028E
:1092E000FE02FE02FE02FE02FE02FE02FE02FE027E
:1092F000FE02FE02FE02FE02FE02FE02FE02FE026E
:10930000FE02FE02FE02FE02FE02FE02FE02FE025D
:10931000FE02FE02FE02FE02FE02FE02FE02FE024D
:10932000FE02FE02FE02FE02FE02FE02FE02FE023D
:10933000FE02FE02FE02FE02FE02FE02FE02FE022D
:10934000FE02FE02FE02FE02FE02FE02FE02FE021D
:10935000FE02FE02FE02FE02FE02FE02FE02FE020D
:10936000FE02FE02FE02FE02FE02FE02FE02FE02FD
:10937000FE02FE02FE02FE02FE02FE02FE02FE02ED
:10938000FE02FE02FE02FE02FE02FE02FE02FE02DD
:10939000FE02FE02FE02FE02FE02FE02FE02FE02CD
:1093A000FE02FE02FE02FE02FE02FE02FE02FE02BD
:1093B000FE02FE02FE02FE02FE02FE02FE02FE02AD
:1093C000FE02FE02FE02FE02FE02FE02FE02FE029D
:1093D000FE02FE02FE02FE02FE02FE02FE02FE028D
:1093E000FE02FE02FE02FE02FE02FE02FE02FE027D
:1093F000FE02FE02FE02FE02FE02FE02FE02FE026D
:10940000FE02FE02FE02FE02FE02FE02FE02FE025C
:10941000FE02FE02FE02FE02FE02FE02FE02FE024C
:10942000FE02FE02FE02FE02FE02FE02FE02FE023C
:10943000FE02FE02FE02FE02FE02FE02FE02FE022C
:10944000FE02FE02FE02FE02FE02FE02FE02FE021C
:10945000FE02FE02FE02FE02FE02FE02FE02FE020C
:10946000FE02FE02FE02FE02FE02FE02FE02FE02FC
:10947000FE02FE02FE02FE02FE02FE02FE02FE02EC
:10948000FE02FE02FE02FE02FE02FE02FE02FE02DC
:10949000FE02FE02FE02FE02FE02FE02FE02FE02CC
:1094A000FE02FE02FE02FE02FE02FE02FE02FE02BC
:1094B000FE02FE02FE02FE02FE02FE02FE02FE02AC
:1094C000FE02FE02FE02FE02FE02FE02FE02FE029C
:1094D000FE02FE02FE02FE02FE02FE02FE02FE028C
:1094E000FE02FE02FE02FE02FE02FE02FE02FE027C
:1094F000FE02FE02FE02FE02FE02FE02FE02FE026C
:10950000FE02FE02FE02FE02FE02FE02FE02FE025B
:10951000FE02FE02FE02FE02FE02FE02FE02FE024B
:10952000FE02FE02FE02FE02FE02FE02FE02FE023B
:10953000FE02FE02FE02FE02FE02FE02FE02FE022B
:10954000FE02FE02FE02FE02FE02FE02FE02FE021B
:10955000FE02FE02FE02FE02FE02FE02FE02FE020B
:10956000FE02FE02FE02FE02FE02FE02FE02FE02FB
:10957000FE02FE02FE02FE02FE02FE02FE02FE02EB
:10958000FE02FE02FE02FE02FE02FE02FE02FE02DB
:10959000FE02FE02FE02FE02FE02FE02FE02FE02CB
:1095A000FE02FE02FE02FE02FE02FE02FE02FE02BB
:1095B000FE02FE02FE02FE02FE02FE02FE02FE02AB
:1095C000FE02FE02FE02FE02FE02FE02FE02FE029B
:1095D000FE02FE02FE02FE02FE02FE02FE02FE028B
:1095E000FE02FE02FE02FE02FE02FE02FE02FE027B
:1095F000FE02FE02FE02FE02FE02FE02FE02FE026B
:10960000FE02FE02FE02FE02FE02FE02FE02FE025A
:10961000FE02FE02FE02FE02FE02FE02FE02FE024A
:10962000FE02FE02FE02FE02FE02FE02FE02FE023A
:10963000FE02FE02FE02FE02FE02FE02FE02FE022A
:10964000FE02FE02FE02FE02FE02FE02FE02FE021A
:10965000FE02FE02FE02FE02FE02FE02FE02FE020A
:10966000FE02FE02FE02FE02FE02FE02FE02FE02FA
:10967000FE02FE02FE02FE02FE02FE02FE02FE02EA
:10968000FE02FE02FE02FE02FE02FE02FE02FE02DA
:10969000FE02FE02FE02FE02FE02FE02FE02FE02CA
:1096A000FE02FE02FE02FE02FE02FE02FE02FE02BA
:1096B000FE02FE02FE02FE02FE02FE02FE02FE02AA
:1096C000FE02FE02FE02FE02FE02FE02FE02FE029A
:1096D000FE02FE02FE02FE02FE02FE02FE02FE028A
:1096E000FE02FE02FE02FE02FE02FE02FE02FE027A
:1096F000FE02FE02FE02FE02FE02FE02FE02FE026A
:10970000FE02FE02FE02FE02FE02FE02FE02FE0259
:10971000FE02FE02FE02FE02FE02FE02FE02FE0249
:10972000FE02FE02FE02FE02FE02FE02FE02FE0239
:10973000FE02FE02FE02FE02FE02FE02FE02FE0229
:10974000FE02FE02FE02FE02FE02FE02FE02FE0219
:10975000FE02FE02FE02FE02FE02FE02FE02FE0209
:10976000FE02FE02FE02FE02FE02FE02FE02FE02F9
:10977000FE02FE02FE02FE02FE02FE02FE02FE02E9
:10978000FE02FE02FE02FE02FE02FE02FE02FE02D9
:10979000FE02FE02FE02FE02FE02FE02FE02FE02C9
:1097A000FE02FE02FE02FE02FE02FE02FE02FE02B9
:1097B000FE02FE02FE02FE02FE02FE02FE02FE02A9
:1097C000FE02FE02FE02FE02FE02FE02FE02FE0299
:1097D000FE02FE02FE02FE02FE02FE02FE02FE0289
:1097E000FE02FE02FE02FE02FE02FE02FE02FE0279
:1097F000FE02FE02FE02FE02FE02FE02FE02FE0269
:10980000FE02FE02FE02FE02FE02FE02FE02FE0258
:10981000FE02FE02FE02FE02FE02FE02FE02FE0248
:10982000FE02FE02FE02FE02FE02FE02FE02FE0238
:10983000FE02FE02FE02FE02FE02FE02FE02FE0228
:10984000FE02FE02FE02FE02FE02FE02FE02FE0218
:10985000FE02FE02FE02FE02FE02FE02FE02FE0208
:10986000FE02FE02FE02FE02FE02FE02FE02FE02F8
:10987000FE02FE02FE02FE02FE02FE02FE02FE02E8
:10988000FE02FE02FE02FE02FE02FE02FE02FE02D8
:10989000FE02FE02FE02FE02FE02FE02FE02FE02C8
:1098A000FE02FE02FE02FE02FE02FE02FE02FE02B8
:1098B000FE02FE02FE02FE02FE02FE02FE02FE02A8
:1098C000FE02FE02FE02FE02FE02FE02FE02FE0298
:1098D000FE02FE02FE02FE02FE02FE02FE02FE0288
:1098E000FE02FE02FE02FE02FE02FE02FE02FE0278
:1098F000FE02FE02FE02FE02FE02FE02FE02FE0268
:10990000FE02FE02FE02FE02FE02FE02FE02FE0257
:10991000FE02FE02FE02FE02FE02FE02FE02FE0247
:10992000FE02FE02FE02FE02FE02FE02FE02FE0237
:10993000FE02FE02FE02FE02FE02FE02FE02FE0227
:10994000FE02FE02FE02FE02FE02FE02FE02FE0217
:10995000FE02FE02FE02FE02FE02FE02FE02FE0207
:10996000FE02FE02FE02FE02FE02FE02FE02FE02F7
:10997000FE02FE02FE02FE02FE02FE02FE02FE02E7
:10998000FE02FE02FE02FE02FE02FE02FE02FE02D7
:10999000FE02FE02FE02FE02FE02FE02FE02FE02C7
:1099A000FE02FE02FE02FE02FE02FE02FE02FE02B7
:1099B000FE02FE02FE02FE02FE02FE02FE02FE02A7
:1099C000FE02FE02FE02FE02FE02FE02FE02FE0297
:1099D000FE02FE02FE02FE02FE02FE02FE02FE0287
:1099E000FE02FE02FE02FE02FE02FE02FE02FE0277
:1099F000FE02FE02FE02FE02FE02FE02FE02FE0267
:109A0000FE02FE02FE02FE02FE02FE02FE02FE0256
:109A1000FE02FE02FE02FE02FE02FE02FE02FE0246
:109A2000FE02FE02FE02FE02FE02FE02FE02FE0236
:109A3000FE02FE02FE02FE02FE02FE02FE02FE0226
:109A4000FE02FE02FE02FE02FE02FE02FE02FE0216
:109A5000FE02FE02FE02FE02FE02FE02FE02FE0206
:109A6000FE02FE02FE02FE02FE02FE02FE02FE02F6
:109A7000FE02FE02FE02FE02FE02FE02FE02FE02E6
:109A8000FE02FE02FE02FE02FE02FE02FE02FE02D6
:109A9000FE02FE02FE02FE02FE02FE02FE02FE02C6
:109AA000FE02FE02FE02FE02FE02FE02FE02FE02B6
:109AB000FE02FE02FE02FE02FE02FE02FE02FE02A6
:109AC000FE02FE02FE02FE02FE02FE02FE02FE0296
:109AD000FE02FE02FE02FE02FE02FE02FE02FE0286
:109AE000FE02FE02FE02FE02FE02FE02FE02FE0276
:109AF000FE02FE02FE02FE02FE02FE02FE02FE0266
:109B0000FE02FE02FE02FE02FE02FE02FE02FE0255
:109B1000FE02FE02FE02FE02FE02FE02FE02FE0245
:109B2000FE02FE02FE02FE02FE02FE02FE02FE0235
:109B3000FE02FE02FE02FE02FE02FE02FE02FE0225
:109B4000FE02FE02FE02FE02FE02FE02FE02FE0215
:109B5000FE02FE02FE02FE02FE02FE02FE02FE0205
:109B6000FE02FE02FE02FE02FE02FE02FE02FE02F5
:109B7000FE02FE02FE02FE02FE02FE02FE02FE02E5
:109B8000FE02FE02FE02FE02FE02FE02FE02FE02D5
:109B9000FE02FE02FE02FE02FE02FE02FE02FE02C5
:109BA000FE02FE02FE02FE02FE02FE02FE02FE02B5
:109BB000FE02FE02FE02FE02FE02FE02FE02FE02A5
:109BC000FE02FE02FE02FE02FE02FE02FE02FE0295
:109BD000FE02FE02FE02FE02FE02FE02FE02FE0285
:109BE000FE02FE02FE02FE02FE02FE02FE02FE0275
:109BF000FE02FE02FE02FE02FE02FE02FE02FE0265
:109C0000FE02FE02FE02FE02FE02FE02FE02FE0254
:109C1000FE02FE02FE02FE02FE02FE02FE02FE0244
:109C2000FE02FE02FE02FE02FE02FE02FE02FE0234
:109C3000FE02FE02FE02FE02FE02FE02FE02FE0224
:109C4000FE02FE02FE02FE02FE02FE02FE02FE0214
:109C5000FE02FE02FE02FE02FE02FE02FE02FE0204
:109C6000FE02FE02FE02FE02FE02FE02FE02FE02F4
:109C7000FE02FE02FE02FE02FE02FE02FE02FE02E4
:109C8000FE02FE02FE02FE02FE02FE02FE02FE02D4
:109C9000FE02FE02FE02FE02FE02FE02FE02FE02C4
:109CA000FE02FE02FE02FE02FE02FE02FE02FE02B4
:109CB000FE02FE02FE02FE02FE02FE02FE02FE02A4
:109CC000FE02FE02FE02FE02FE02FE02FE02FE0294
:109CD000FE02FE02FE02FE02FE02FE02FE02FE0284
:109CE000FE02FE02FE02FE02FE02FE02FE02FE0274
:109CF000FE02FE02FE02FE02FE02FE02FE02FE0264
:109D0000FE02FE02FE02FE02FE02FE02FE02FE0253
:109D1000FE02FE02FE02FE02FE02FE02FE02FE0243
:109D2000FE02FE02FE02FE02FE02FE02FE02FE0233
:109D3000FE02FE02FE02FE02FE02FE02FE02FE0223
:109D4000FE02FE02FE02FE02FE02FE02FE02FE0213
:109D5000FE02FE02FE02FE02FE02FE02FE02FE0203
:109D6000FE02FE02FE02FE02FE02FE02FE02FE02F3
:109D7000FE02FE02FE02FE02FE02FE02FE02FE02E3
:109D8000FE02FE02FE02FE02FE02FE02FE02FE02D3
:109D9000FE02FE02FE02FE02FE02FE02FE02FE02C3
:109DA000FE02FE02FE02FE02FE02FE02FE02FE02B3
:109DB000FE02FE02FE02FE02FE02FE02FE02FE02A3
:109DC000FE02FE02FE02FE02FE02FE02FE02FE0293
:109DD000FE02FE02FE02FE02FE02FE02FE02FE0283
:109DE000FE02FE02FE02FE02FE02FE02FE02FE0273
:109DF000FE02FE02FE02FE02FE02FE02FE02FE0263
:109E0000FE02FE02FE02FE02FE02FE02FE02FE0252
:109E1000FE02FE02FE02FE02FE02FE02FE02FE0242
:109E2000FE02FE02FE02FE02FE02FE02FE02FE0232
:109E3000FE02FE02FE02FE02FE02FE02FE02FE0222
:109E4000FE02FE02FE02FE02FE02FE02FE02FE0212
:109E5000FE02FE02FE02FE02FE02FE02FE02FE0202
:109E6000FE02FE02FE02FE02FE02FE02FE02FE02F2
:109E7000FE02FE02FE02FE02FE02FE02FE02FE02E2
:109E8000FE02FE02FE02FE02FE02FE02FE02FE02D2
:109E9000FE02FE02FE02FE02FE02FE02FE02FE02C2
:109EA000FE02FE02FE02FE02FE02FE02FE02FE02B2
:109EB000FE02FE02FE02FE02FE02FE02FE02FE02A2
:109EC000FE02FE02FE02FE02FE02FE02FE02FE0292
:109ED000FE02FE02FE02FE02FE02FE02FE02FE0282
:109EE000FE02FE02FE02FE02FE02FE02FE02FE0272
:109EF000FE02FE02FE02FE02FE02FE02FE02FE0262
:109F0000FE02FE02FE02FE02FE02FE02FE02FE0251
:109F1000FE02FE02FE02FE02FE02FE02FE02FE0241
:109F2000FE02FE02FE02FE02FE02FE02FE02FE0231
:109F3000FE02FE02FE02FE02FE02FE02FE02FE0221
:109F4000FE02FE02FE02FE02FE02FE02FE02FE0211
:109F5000FE02FE02FE02FE02FE02FE02FE02FE0201
:109F6000FE02FE02FE02FE02FE02FE02FE02FE02F1
:109F7000FE02FE02FE02FE02FE02FE02FE02FE02E1
:109F8000FE02FE02FE02FE02FE02FE02FE02FE02D1
:109F9000FE02FE02FE02FE02FE02FE02FE02FE02C1
:109FA000FE02FE02FE02FE02FE02FE02FE02FE02B1
:109FB000FE02FE02FE02FE02FE02FE02FE02FE02A1
:109FC000FE02FE02FE02FE02FE02FE02FE02FE0291
:109FD000FE02FE02FE02FE02FE02FE02FE02FE0281
:109FE000FE02FE02FE02FE02FE02FE02FE02FE0271
:109FF000FE02FE02FE02FE02FE02FE02FE02FE0261
:10A00000FE02FE02FE02FE02FE02FE02FE02FE0250
:10A01000FE02FE02FE02FE02FE02FE02FE02FE0240
:10A02000FE02FE02FE02FE02FE02FE02FE02FE0230
:10A03000FE02FE02FE02FE02FE02FE02FE02FE0220
:10A04000FE02FE02FE02FE02FE02FE02FE02FE0210
:10A05000FE02FE02FE02FE02FE02FE02FE02FE0200
:10A06000FE02FE02FE02FE02FE02FE02FE02FE02F0
:10A07000FE02FE02FE02FE02FE02FE02FE02FE02E0
:10A08000FE02FE02FE02FE02FE02FE02FE02FE02D0
:10A09000FE02FE02FE02FE02FE02FE02FE02FE02C0
:10A0A000FE02FE02FE02FE02FE02FE02FE02FE02B0
:10A0B000FE02FE02FE02FE02FE02FE02FE02FE02A0
:10A0C000FE02FE02FE02FE02FE02FE02FE02FE0290
:10A0D000FE02FE02FE02FE02FE02FE02FE02FE0280
:10A0E000FE02FE02FE02FE02FE02FE02FE02FE0270
:10A0F000FE02FE02FE02FE02FE02FE02FE02FE0260
:10A10000FE02FE02FE02FE02FE02FE02FE02FE024F
:10A11000FE02FE02FE02FE02FE02FE02FE02FE023F
:10A12000FE02FE02FE02FE02FE02FE02FE02FE022F
:10A13000FE02FE02FE02FE02FE02FE02FE02FE021F
:10A14000FE02FE02FE02FE02FE02FE02FE02FE020F
:10A15000FE02FE02FE02FE02FE02FE02FE02FE02FF
:10A16000FE02FE02FE02FE02FE02FE02FE02FE02EF
:10A17000FE02FE02FE02FE02FE02FE02FE02FE02DF
:10A18000FE02FE02FE02FE02FE02FE02FE02FE02CF
:10A19000FE02FE02FE02FE02FE02FE02FE02FE02BF
:10A1A000FE02FE02FE02FE02FE02FE02FE02FE02AF
:10A1B000FE02FE02FE02FE02FE02FE02FE02FE029F
:10A1C000FE02FE02FE02FE02FE02FE02FE02FE028F
:10A1D000FE02FE02FE02FE02FE02FE02FE02FE027F
:10A1E000FE02FE02FE02FE02FE02FE02FE02FE026F
:10A1F000FE02FE02FE02FE02FE02FE02FE02FE025F
:10A20000FE02FE02FE02FE02FE02FE02FE02FE024E
:10A21000FE02FE02FE02FE02FE02FE02FE02FE023E
:10A22000FE02FE02FE02FE02FE02FE02FE02FE022E
:10A23000FE02FE02FE02FE02FE02FE02FE02FE021E
:10A24000FE02FE02FE02FE02FE02FE02FE02FE020E
:10A25000FE02FE02FE02FE02FE02FE02FE02FE02FE
:10A26000FE02FE02FE02FE02FE02FE02FE02FE02EE
:10A27000FE02FE02FE02FE02FE02FE02FE02FE02DE
:10A28000FE02FE02FE02FE02FE02FE02FE02FE02CE
:10A29000FE02FE02FE02FE02FE02FE02FE02FE02BE
:10A2A000FE02FE02FE02FE02FE02FE02FE02FE02AE
:10A2B000FE02FE02FE02FE02FE02FE02FE02FE029E
:10A2C000FE02FE02FE02FE02FE02FE02FE02FE028E
:10A2D000FE02FE02FE02FE02FE02FE02FE02FE027E
:10A2E000FE02FE02FE02FE02FE02FE02FE02FE026E
:10A2F000FE02FE02FE02FE02FE02FE02FE02FE025E
:10A30000FE02FE02FE02FE02FE02FE02FE02FE024D
:10A31000FE02FE02FE02FE02FE02FE02FE02FE023D
:10A32000FE02FE02FE02FE02FE02FE02FE02FE022D
:10A33000FE02FE02FE02FE02FE02FE02FE02FE021D
:10A34000FE02FE02FE02FE02FE02FE02FE02FE020D
:10A35000FE02FE02FE02FE02FE02FE02FE02FE02FD
:10A36000FE02FE02FE02FE02FE02FE02FE02FE02ED
:10A37000FE02FE02FE02FE02FE02FE02FE02FE02DD
:10A38000FE02FE02FE02FE02FE02FE02FE02FE02CD
:10A39000FE02FE02FE02FE02FE02FE02FE02FE02BD
:10A3A000FE02FE02FE02FE02FE02FE02FE02FE02AD
:10A3B000FE02FE02FE02FE02FE02FE02FE02FE029D
:10A3C000FE02FE02FE02FE02FE02FE02FE02FE028D
:10A3D000FE02FE02FE02FE02FE02FE02FE02FE027D
:10A3E000FE02FE02FE02FE02FE02FE02FE02FE026D
:10A3F000FE02FE02FE02FE02FE02FE02FE02FE025D
:10A40000FE02FE02FE02FE02FE02FE02FE02FE024C
:10A41000FE02FE02FE02FE02FE02FE02FE02FE023C
:10A42000FE02FE02FE02FE02FE02FE02FE02FE022C
:10A43000FE02FE02FE02FE02FE02FE02FE02FE021C
:10A44000FE02FE02FE02FE02FE02FE02FE02FE020C
:10A45000FE02FE02FE02FE02FE02FE02FE02FE02FC
:10A46000FE02FE02FE02FE02FE02FE02FE02FE02EC
:10A47000FE02FE02FE02FE02FE02FE02FE02FE02DC
:10A48000FE02FE02FE02FE02FE02FE02FE02FE02CC
:10A49000FE02FE02FE02FE02FE02FE02FE02FE02BC
:10A4A000FE02FE02FE02FE02FE02FE02FE02FE02AC
:10A4B000FE02FE02FE02FE02FE02FE02FE02FE029C
:10A4C000FE02FE02FE02FE02FE02FE02FE02FE028C
:10A4D000FE02FE02FE02FE02FE02FE02FE02FE027C
:10A4E000FE02FE02FE02FE02FE02FE02FE02FE026C
:10A4F000FE02FE02FE02FE02FE02FE02FE02FE025C
:10A50000FE02FE02FE02FE02FE02FE02FE02FE024B
:10A51000FE02FE02FE02FE02FE02FE02FE02FE023B
:10A52000FE02FE02FE02FE02FE02FE02FE02FE022B
:10A53000FE02FE02FE02FE02FE02FE02FE02FE021B
:10A54000FE02FE02FE02FE02FE02FE02FE02FE020B
:10A55000FE02FE02FE02FE02FE02FE02FE02FE02FB
:10A56000FE02FE02FE02FE02FE02FE02FE02FE02EB
:10A57000FE02FE02FE02FE02FE02FE02FE02FE02DB
:10A58000FE02FE02FE02FE02FE02FE02FE02FE02CB
:10A59000FE02FE02FE02FE02FE02FE02FE02FE02BB
:10A5A000FE02FE02FE02FE02FE02FE02FE02FE02AB
:10A5B000FE02FE02FE02FE02FE02FE02FE02FE029B
:10A5C000FE02FE02FE02FE02FE02FE02FE02FE028B
:10A5D000FE02FE02FE02FE02FE02FE02FE02FE027B
:10A5E000FE02FE02FE02FE02FE02FE02FE02FE026B
:10A5F000FE02FE02FE02FE02FE02FE02FE02FE025B
:10A60000FE02FE02FE02FE02FE02FE02FE02FE024A
:10A61000FE02FE02FE02FE02FE02FE02FE02FE023A
:10A62000FE02FE02FE02FE02FE02FE02FE02FE022A
:10A63000FE02FE02FE02FE02FE02FE02FE02FE021A
:10A64000FE02FE02FE02FE02FE02FE02FE02FE020A
:10A65000FE02FE02FE02FE02FE02FE02FE02FE02FA
:10A66000FE02FE02FE02FE02FE02FE02FE02FE02EA
:10A67000FE02FE02FE02FE02FE02FE02FE02FE02DA
:10A68000FE02FE02FE02FE02FE02FE02FE02FE02CA
:10A69000FE02FE02FE02FE02FE02FE02FE02FE02BA
:10A6A000FE02FE02FE02FE02FE02FE02FE02FE02AA
:10A6B000FE02FE02FE02FE02FE02FE02FE02FE029A
:10A6C000FE02FE02FE02FE02FE02FE02FE02FE028A
:10A6D000FE02FE02FE02FE02FE02FE02FE02FE027A
:10A6E000FE02FE02FE02FE02FE02FE02FE02FE026A
:10A6F000FE02FE02FE02FE02FE02FE02FE02FE025A
:10A70000FE02FE02FE02FE02FE02FE02FE02FE0249
:10A71000FE02FE02FE02FE02FE02FE02FE02FE0239
:10A72000FE02FE02FE02FE02FE02FE02FE02FE0229
:10A73000FE02FE02FE02FE02FE02FE02FE02FE0219
:10A74000FE02FE02FE02FE02FE02FE02FE02FE0209
:10A75000FE02FE02FE02FE02FE02FE02FE02FE02F9
:10A76000FE02FE02FE02FE02FE02FE02FE02FE02E9
:10A77000FE02FE02FE02FE02FE02FE02FE02FE02D9
:10A78000FE02FE02FE02FE02FE02FE02FE02FE02C9
:10A79000FE02FE02FE02FE02FE02FE02FE02FE02B9
:10A7A000FE02FE02FE02FE02FE02FE02FE02FE02A9
:10A7B000FE02FE02FE02FE02FE02FE02FE02FE0299
:10A7C000FE02FE02FE02FE02FE02FE02FE02FE0289
:10A7D000FE02FE02FE02FE02FE02FE02FE02FE0279
:10A7E000FE02FE02FE02FE02FE02FE02FE02FE0269
:10A7F000FE02FE02FE02FE02FE02FE02FE02FE0259
:10A80000FE02FE02FE02FE02FE02FE02FE02FE0248
:10A81000FE02FE02FE02FE02FE02FE02FE02FE0238
:10A82000FE02FE02FE02FE02FE02FE02FE02FE0228
:10A83000FE02FE02FE02FE02FE02FE02FE02FE0218
:10A84000FE02FE02FE02FE02FE02FE02FE02FE0208
:10A85000FE02FE02FE02FE02FE02FE02FE02FE02F8
:10A86000FE02FE02FE02FE02FE02FE02FE02FE02E8
:10A87000FE02FE02FE02FE02FE02FE02FE02FE02D8
:10A88000FE02FE02FE02FE02FE02FE02FE02FE02C8
:10A89000FE02FE02FE02FE02FE02FE02FE02FE02B8
:10A8A000FE02FE02FE02FE02FE02FE02FE02FE02A8
:10A8B000FE02FE02FE02FE02FE02FE02FE02FE0298
:10A8C000FE02FE02FE02FE02FE02FE02FE02FE0288
:10A8D000FE02FE02FE02FE02FE02FE02FE02FE0278
:10A8E000FE02FE02FE02FE02FE02FE02FE02FE0268
:10A8F000FE02FE02FE02FE02FE02FE02FE02FE0258
:10A90000FE02FE02FE02FE02FE02FE02FE02FE0247
:10A91000FE02FE02FE02FE02FE02FE02FE02FE0237
:10A92000FE02FE02FE02FE02FE02FE02FE02FE0227
:10A93000FE02FE02FE02FE02FE02FE02FE02FE0217
:10A94000FE02FE02FE02FE02FE02FE02FE02FE0207
:10A95000FE02FE02FE02FE02FE02FE02FE02FE02F7
:10A96000FE02FE02FE02FE02FE02FE02FE02FE02E7
:10A97000FE02FE02FE02FE02FE02FE02FE02FE02D7
:10A98000FE02FE02FE02FE02FE02FE02FE02FE02C7
:10A99000FE02FE02FE02FE02FE02FE02FE02FE02B7
:10A9A000FE02FE02FE02FE02FE02FE02FE02FE02A7
:10A9B000FE02FE02FE02FE02FE02FE02FE02FE0297
:10A9C000FE02FE02FE02FE02FE02FE02FE02FE0287
:10A9D000FE02FE02FE02FE02FE02FE02FE02FE0277
:10A9E000FE02FE02FE02FE02FE02FE02FE02FE0267
:10A9F000FE02FE02FE02FE02FE02FE02FE02FE0257
:10AA0000FE02FE02FE02FE02FE02FE02FE02FE0246
:10AA1000FE02FE02FE02FE02FE02FE02FE02FE0236
:10AA2000FE02FE02FE02FE02FE02FE02FE02FE0226
:10AA3000FE02FE02FE02FE02FE02FE02FE02FE0216
:10AA4000FE02FE02FE02FE02FE02FE02FE02FE0206
:10AA5000FE02FE02FE02FE02FE02FE02FE02FE02F6
:10AA6000FE02FE02FE02FE02FE02FE02FE02FE02E6
:10AA7000FE02FE02FE02FE02FE02FE02FE02FE02D6
:10AA8000FE02FE02FE02FE02FE02FE02FE02FE02C6
:10AA9000FE02FE02FE02FE02FE02FE02FE02FE02B6
:10AAA000FE02FE02FE02FE02FE02FE02FE02FE02A6
:10AAB000FE02FE02FE02FE02FE02FE02FE02FE0296
:10AAC000FE02FE02FE02FE02FE02FE02FE02FE0286
:10AAD000FE02FE02FE02FE02FE02FE02FE02FE0276
:10AAE000FE02FE02FE02FE02FE02FE02FE02FE0266
:10AAF000FE02FE02FE02FE02FE02FE02FE02FE0256
:10AB0000FE02FE02FE02FE02FE02FE02FE02FE0245
:10AB1000FE02FE02FE02FE02FE02FE02FE02FE0235
:10AB2000FE02FE02FE02FE02FE02FE02FE02FE0225
:10AB3000FE02FE02FE02FE02FE02FE02FE02FE0215
:10AB4000FE02FE02FE02FE02FE02FE02FE02FE0205
:10AB5000FE02FE02FE02FE02FE02FE02FE02FE02F5
:10AB6000FE02FE02FE02FE02FE02FE02FE02FE02E5
:10AB7000FE02FE02FE02FE02FE02FE02FE02FE02D5
:10AB8000FE02FE02FE02FE02FE02FE02FE02FE02C5
:10AB9000FE02FE02FE02FE02FE02FE02FE02FE02B5
:10ABA000FE02FE02FE02FE02FE02FE02FE02FE02A5
:10ABB000FE02FE02FE02FE02FE02FE02FE02FE0295
:10ABC000FE02FE02FE02FE02FE02FE02FE02FE0285
:10ABD000FE02FE02FE02FE02FE02FE02FE02FE0275
:10ABE000FE02FE02FE02FE02FE02FE02FE02FE0265
:10ABF000FE02FE02FE02FE02FE02FE02FE02FE0255
:10AC0000FE02FE02FE02FE02FE02FE02FE02FE0244
:10AC1000FE02FE02FE02FE02FE02FE02FE02FE0234
:10AC2000FE02FE02FE02FE02FE02FE02FE02FE0224
:10AC3000FE02FE02FE02FE02FE02FE02FE02FE0214
:10AC4000FE02FE02FE02FE02FE02FE02FE02FE0204
:10AC5000FE02FE02FE02FE02FE02FE02FE02FE02F4
:10AC6000FE02FE02FE02FE02FE02FE02FE02FE02E4
:10AC7000FE02FE02FE02FE02FE02FE02FE02FE02D4
:10AC8000FE02FE02FE02FE02FE02FE02FE02FE02C4
:10AC9000FE02FE02FE02FE02FE02FE02FE02FE02B4
:10ACA000FE02FE02FE02FE02FE02FE02FE02FE02A4
:10ACB000FE02FE02FE02FE02FE02FE02FE02FE0294
:10ACC000FE02FE02FE02FE02FE02FE02FE02FE0284
:10ACD000FE02FE02FE02FE02FE02FE02FE02FE0274
:10ACE000FE02FE02FE02FE02FE02FE02FE02FE0264
:10ACF000FE02FE02FE02FE02FE02FE02FE02FE0254
:10AD0000FE02FE02FE02FE02FE02FE02FE02FE0243
:10AD1000FE02FE02FE02FE02FE02FE02FE02FE0233
:10AD2000FE02FE02FE02FE02FE02FE02FE02FE0223
:10AD3000FE02FE02FE02FE02FE02FE02FE02FE0213
:10AD4000FE02FE02FE02FE02FE02FE02FE02FE0203
:10AD5000FE02FE02FE02FE02FE02FE02FE02FE02F3
:10AD6000FE02FE02FE02FE02FE02FE02FE02FE02E3
:10AD7000FE02FE02FE02FE02FE02FE02FE02FE02D3
:10AD8000FE02FE02FE02FE02FE02FE02FE02FE02C3
:10AD9000FE02FE02FE02FE02FE02FE02FE02FE02B3
:10ADA000FE02FE02FE02FE02FE02FE02FE02FE02A3
:10ADB000FE02FE02FE02FE02FE02FE02FE02FE0293
:10ADC000FE02FE02FE02FE02FE02FE02FE02FE0283
:10ADD000FE02FE02FE02FE02FE02FE02FE02FE0273
:10ADE000FE02FE02FE02FE02FE02FE02FE02FE0263
:10ADF000FE02FE02FE02FE02FE02FE02FE02FE0253
:10AE0000FE02FE02FE02FE02FE02FE02FE02FE0242
:10AE1000FE02FE02FE02FE02FE02FE02FE02FE0232
:10AE2000FE02FE02FE02FE02FE02FE02FE02FE0222
:10AE3000FE02FE02FE02FE02FE02FE02FE02FE0212
:10AE4000FE02FE02FE02FE02FE02FE02FE02FE0202
:10AE5000FE02FE02FE02FE02FE02FE02FE02FE02F2
:10AE6000FE02FE02FE02FE02FE02FE02FE02FE02E2
:10AE7000FE02FE02FE02FE02FE02FE02FE02FE02D2
:10AE8000FE02FE02FE02FE02FE02FE02FE02FE02C2
:10AE9000FE02FE02FE02FE02FE02FE02FE02FE02B2
:10AEA000FE02FE02FE02FE02FE02FE02FE02FE02A2
:10AEB000FE02FE02FE02FE02FE02FE02FE02FE0292
:10AEC000FE02FE02FE02FE02FE02FE02FE02FE0282
:10AED000FE02FE02FE02FE02FE02FE02FE02FE0272
:10AEE000FE02FE02FE02FE02FE02FE02FE02FE0262
:10AEF000FE02FE02FE02FE02FE02FE02FE02FE0252
:10AF0000FE02FE02FE02FE02FE02FE02FE02FE0241
:10AF1000FE02FE02FE02FE02FE02FE02FE02FE0231
:10AF2000FE02FE02FE02FE02FE02FE02FE02FE0221
:10AF3000FE02FE02FE02FE02FE02FE02FE02FE0211
:10AF4000FE02FE02FE02FE02FE02FE02FE02FE0201
:10AF5000FE02FE02FE02FE02FE02FE02FE02FE02F1
:10AF6000FE02FE02FE02FE02FE02FE02FE02FE02E1
:10AF7000FE02FE02FE02FE02FE02FE02FE02FE02D1
:10AF8000FE02FE02FE02FE02FE02FE02FE02FE02C1
:10AF9000FE02FE02FE02FE02FE02FE02FE02FE02B1
:10AFA000FE02FE02FE02FE02FE02FE02FE02FE02A1
:10AFB000FE02FE02FE02FE02FE02FE02FE02FE0291
:10AFC000FE02FE02FE02FE02FE02FE02FE02FE0281
:10AFD000FE02FE02FE02FE02FE02FE02FE02FE0271
:10AFE000FE02FE02FE02FE02FE02FE02FE02FE0261
:10AFF000FE02FE02FE02FE02FE02FE02FE02FE0251
:10B00000FE02FE02FE02FE02FE02FE02FE02FE0240
:10B01000FE02FE02FE02FE02FE02FE02FE02FE0230
:10B02000FE02FE02FE02FE02FE02FE02FE02FE0220
:10B03000FE02FE02FE02FE02FE02FE02FE02FE0210
:10B04000FE02FE02FE02FE02FE02FE02FE02FE0200
:10B05000FE02FE02FE02FE02FE02FE02FE02FE02F0
:10B06000FE02FE02FE02FE02FE02FE02FE02FE02E0
:10B07000FE02FE02FE02FE02FE02FE02FE02FE02D0
:10B08000FE02FE02FE02FE02FE02FE02FE02FE02C0
:10B09000FE02FE02FE02FE02FE02FE02FE02FE02B0
:10B0A000FE02FE02FE02FE02FE02FE02FE02FE02A0
:10B0B000FE02FE02FE02FE02FE02FE02FE02FE0290
:10B0C000FE02FE02FE02FE02FE02FE02FE02FE0280
:10B0D000FE02FE02FE02FE02FE02FE02FE02FE0270
:10B0E000FE02FE02FE02FE02FE02FE02FE02FE0260
:10B0F000FE02FE02FE02FE02FE02FE02FE02FE0250
:10B10000FE02FE02FE02FE02FE02FE02FE02FE023F
:10B11000FE02FE02FE02FE02FE02FE02FE02FE022F
:10B12000FE02FE02FE02FE02FE02FE02FE02FE021F
:10B13000FE02FE02FE02FE02FE02FE02FE02FE020F
:10B14000FE02FE02FE02FE02FE02FE02FE02FE02FF
:10B15000FE02FE02FE02FE02FE02FE02FE02FE02EF
:10B16000FE02FE02FE02FE02FE02FE02FE02FE02DF
:10B17000FE02FE02FE02FE02FE02FE02FE02FE02CF
:10B18000FE02FE02FE02FE02FE02FE02FE02FE02BF
:10B19000FE02FE02FE02FE02FE02FE02FE02FE02AF
:10B1A000FE02FE02FE02FE02FE02FE02FE02FE029F
:10B1B000FE02FE02FE02FE02FE02FE02FE02FE028F
:10B1C000FE02FE02FE02FE02FE02FE02FE02FE027F
:10B1D000FE02FE02FE02FE02FE02FE02FE02FE026F
:10B1E000FE02FE02FE02FE02FE02FE02FE02FE025F
:10B1F000FE02FE02FE02FE02FE02FE02FE02FE024F
:10B20000FE02FE02FE02FE02FE02FE02FE02FE023E
:10B21000FE02FE02FE02FE02FE02FE02FE02FE022E
:10B22000FE02FE02FE02FE02FE02FE02FE02FE021E
:10B23000FE02FE02FE02FE02FE02FE02FE02FE020E
:10B24000FE02FE02FE02FE02FE02FE02FE02FE02FE
:10B25000FE02FE02FE02FE02FE02FE02FE02FE02EE
:10B26000FE02FE02FE02FE02FE02FE02FE02FE02DE
:10B27000FE02FE02FE02FE02FE02FE02FE02FE02CE
:10B28000FE02FE02FE02FE02FE02FE02FE02FE02BE
:10B29000FE02FE02FE02FE02FE02FE02FE02FE02AE
:10B2A000FE02FE02FE02FE02FE02FE02FE02FE029E
:10B2B000FE02FE02FE02FE02FE02FE02FE02FE028E
:10B2C000FE02FE02FE02FE02FE02FE02FE02FE027E
:10B2D000FE02FE02FE02FE02FE02FE02FE02FE026E
:10B2E000FE02FE02FE02FE02FE02FE02FE02FE025E
:10B2F000FE02FE02FE02FE02FE02FE02FE02FE024E
:10B30000FE02FE02FE02FE02FE02FE02FE02FE023D
:10B31000FE02FE02FE02FE02FE02FE02FE02FE022D
:10B32000FE02FE02FE02FE02FE02FE02FE02FE021D
:10B33000FE02FE02FE02FE02FE02FE02FE02FE020D
:10B34000FE02FE02FE02FE02FE02FE02FE02FE02FD
:10B35000FE02FE02FE02FE02FE02FE02FE02FE02ED
:10B36000FE02FE02FE02FE02FE02FE02FE02FE02DD
:10B37000FE02FE02FE02FE02FE02FE02FE02FE02CD
:10B38000FE02FE02FE02FE02FE02FE02FE02FE02BD
:10B39000FE02FE02FE02FE02FE02FE02FE02FE02AD
:10B3A000FE02FE02FE02FE02FE02FE02FE02FE029D
:10B3B000FE02FE02FE02FE02FE02FE02FE02FE028D
:10B3C000FE02FE02FE02FE02FE02FE02FE02FE027D
:10B3D000FE02FE02FE02FE02FE02FE02FE02FE026D
:10B3E000FE02FE02FE02FE02FE02FE02FE02FE025D
:10B3F000FE02FE02FE02FE02FE02FE02FE02FE024D
:10B40000FE02FE02FE02FE02FE02FE02FE02FE023C
:10B41000FE02FE02FE02FE02FE02FE02FE02FE022C
:10B42000FE02FE02FE02FE02FE02FE02FE02FE021C
:10B43000FE02FE02FE02FE02FE02FE02FE02FE020C
:10B44000FE02FE02FE02FE02FE02FE02FE02FE02FC
:10B45000FE02FE02FE02FE02FE02FE02FE02FE02EC
:10B46000FE02FE02FE02FE02FE02FE02FE02FE02DC
:10B47000FE02FE02FE02FE02FE02FE02FE02FE02CC
:10B48000FE02FE02FE02FE02FE02FE02FE02FE02BC
:10B49000FE02FE02FE02FE02FE02FE02FE02FE02AC
:10B4A000FE02FE02FE02FE02FE02FE02FE02FE029C
:10B4B000FE02FE02FE02FE02FE02FE02FE02FE028C
:10B4C000FE02FE02FE02FE02FE02FE02FE02FE027C
:10B4D000FE02FE02FE02FE02FE02FE02FE02FE026C
:10B4E000FE02FE02FE02FE02FE02FE02FE02FE025C
:10B4F000FE02FE02FE02FE02FE02FE02FE02FE024C
:10B50000FE02FE02FE02FE02FE02FE02FE02FE023B
:10B51000FE02FE02FE02FE02FE02FE02FE02FE022B
:10B52000FE02FE02FE02FE02FE02FE02FE02FE021B
:10B53000FE02FE02FE02FE02FE02FE02FE02FE020B
:10B54000FE02FE02FE02FE02FE02FE02FE02FE02FB
:10B55000FE02FE02FE02FE02FE02FE02FE02FE02EB
:10B56000FE02FE02FE02FE02FE02FE02FE02FE02DB
:10B57000FE02FE02FE02FE02FE02FE02FE02FE02CB
:10B58000FE02FE02FE02FE02FE02FE02FE02FE02BB
:10B59000FE02FE02FE02FE02FE02FE02FE02FE02AB
:10B5A000FE02FE02FE02FE02FE02FE02FE02FE029B
:10B5B000FE02FE02FE02FE02FE02FE02FE02FE028B
:10B5C000FE02FE02FE02FE02FE02FE02FE02FE027B
:10B5D000FE02FE02FE02FE02FE02FE02FE02FE026B
:10B5E000FE02FE02FE02FE02FE02FE02FE02FE025B
:10B5F000FE02FE02FE02FE02FE02FE02FE02FE024B
:10B60000FE02FE02FE02FE02FE02FE02FE02FE023A
:10B61000FE02FE02FE02FE02FE02FE02FE02FE022A
:10B62000FE02FE02FE02FE02FE02FE02FE02FE021A
:10B63000FE02FE02FE02FE02FE02FE02FE02FE020A
:10B64000FE02FE02FE02FE02FE02FE02FE02FE02FA
:10B65000FE02FE02FE02FE02FE02FE02FE02FE02EA
:10B66000FE02FE02FE02FE02FE02FE02FE02FE02DA
:10B67000FE02FE02FE02FE02FE02FE02FE02FE02CA
:10B68000FE02FE02FE02FE02FE02FE02FE02FE02BA
:10B69000FE02FE02FE02FE02FE02FE02FE02FE02AA
:10B6A000FE02FE02FE02FE02FE02FE02FE02FE029A
:10B6B000FE02FE02FE02FE02FE02FE02FE02FE028A
:10B6C000FE02FE02FE02FE02FE02FE02FE02FE027A
:10B6D000FE02FE02FE02FE02FE02FE02FE02FE026A
:10B6E000FE02FE02FE02FE02FE02FE02FE02FE025A
:10B6F000FE02FE02FE02FE02FE02FE02FE02FE024A
:10B70000FE02FE02FE02FE02FE02FE02FE02FE0239
:10B71000FE02FE02FE02FE02FE02FE02FE02FE0229
:10B72000FE02FE02FE02FE02FE02FE02FE02FE0219
:10B73000FE02FE02FE02FE02FE02FE02FE02FE0209
:10B74000FE02FE02FE02FE02FE02FE02FE02FE02F9
:10B75000FE02FE02FE02FE02FE02FE02FE02FE02E9
:10B76000FE02FE02FE02FE02FE02FE02FE02FE02D9
:10B77000FE02FE02FE02FE02FE02FE02FE02FE02C9
:10B78000FE02FE02FE02FE02FE02FE02FE02FE02B9
:10B79000FE02FE02FE02FE02FE02FE02FE02FE02A9
:10B7A000FE02FE02FE02FE02FE02FE02FE02FE0299
:10B7B000FE02FE02FE02FE02FE02FE02FE02FE0289
:10B7C000FE02FE02FE02FE02FE02FE02FE02FE0279
:10B7D000FE02FE02FE02FE02FE02FE02FE02FE0269
:10B7E000FE02FE02FE02FE02FE02FE02FE02FE0259
:10B7F000FE02FE02FE02FE02FE02FE02FE02FE0249
:10B80000FE02FE02FE02FE02FE02FE02FE02FE0238
:10B81000FE02FE02FE02FE02FE02FE02FE02FE0228
:10B82000FE02FE02FE02FE02FE02FE02FE02FE0218
:10B83000FE02FE02FE02FE02FE02FE02FE02FE0208
:10B84000FE02FE02FE02FE02FE02FE02FE02FE02F8
:10B85000FE02FE02FE02FE02FE02FE02FE02FE02E8
:10B86000FE02FE02FE02FE02FE02FE02FE02FE02D8
:10B87000FE02FE02FE02FE02FE02FE02FE02FE02C8
:10B88000FE02FE02FE02FE02FE02FE02FE02FE02B8
:10B89000FE02FE02FE02FE02FE02FE02FE02FE02A8
:10B8A000FE02FE02FE02FE02FE02FE02FE02FE0298
:10B8B000FE02FE02FE02FE02FE02FE02FE02FE0288
:10B8C000FE02FE02FE02FE02FE02FE02FE02FE0278
:10B8D000FE02FE02FE02FE02FE02FE02FE02FE0268
:10B8E000FE02FE02FE02FE02FE02FE02FE02FE0258
:10B8F000FE02FE02FE02FE02FE02FE02FE02FE0248
:10B90000FE02FE02FE02FE02FE02FE02FE02FE0237
:10B91000FE02FE02FE02FE02FE02FE02FE02FE0227
:10B92000FE02FE02FE02FE02FE02FE02FE02FE0217
:10B93000FE02FE02FE02FE02FE02FE02FE02FE0207
:10B94000FE02FE02FE02FE02FE02FE02FE02FE02F7
:10B95000FE02FE02FE02FE02FE02FE02FE02FE02E7
:10B96000FE02FE02FE02FE02FE02FE02FE02FE02D7
:10B97000FE02FE02FE02FE02FE02FE02FE02FE02C7
:10B98000FE02FE02FE02FE02FE02FE02FE02FE02B7
:10B99000FE02FE02FE02FE02FE02FE02FE02FE02A7
:10B9A000FE02FE02FE02FE02FE02FE02FE02FE0297
:10B9B000FE02FE02FE02FE02FE02FE02FE02FE0287
:10B9C000FE02FE02FE02FE02FE02FE02FE02FE0277
:10B9D000FE02FE02FE02FE02FE02FE02FE02FE0267
:10B9E000FE02FE02FE02FE02FE02FE02FE02FE0257
:10B9F000FE02FE02FE02FE02FE02FE02FE02FE0247
:10BA0000FE02FE02FE02FE02FE02FE02FE02FE0236
:10BA1000FE02FE02FE02FE02FE02FE02FE02FE0226
:10BA2000FE02FE02FE02FE02FE02FE02FE02FE0216
:10BA3000FE02FE02FE02FE02FE02FE02FE02FE0206
:10BA4000FE02FE02FE02FE02FE02FE02FE02FE02F6
:10BA5000FE02FE02FE02FE02FE02FE02FE02FE02E6
:10BA6000FE02FE02FE02FE02FE02FE02FE02FE02D6
:10BA7000FE02FE02FE02FE02FE02FE02FE02FE02C6
:10BA8000FE02FE02FE02FE02FE02FE02FE02FE02B6
:10BA9000FE02FE02FE02FE02FE02FE02FE02FE02A6
:10BAA000FE02FE02FE02FE02FE02FE02FE02FE0296
:10BAB000FE02FE02FE02FE02FE02FE02FE02FE0286
:10BAC000FE02FE02FE02FE02FE02FE02FE02FE0276
:10BAD000FE02FE02FE02FE02FE02FE02FE02FE0266
:10BAE000FE02FE02FE02FE02FE02FE02FE02FE0256
:10BAF000FE02FE02FE02FE02FE02FE02FE02FE0246
:10BB0000FE02FE02FE02FE02FE02FE02FE02FE0235
:10BB1000FE02FE02FE02FE02FE02FE02FE02FE0225
:10BB2000FE02FE02FE02FE02FE02FE02FE02FE0215
:10BB3000FE02FE02FE02FE02FE02FE02FE02FE0205
:10BB4000FE02FE02FE02FE02FE02FE02FE02FE02F5
:10BB5000FE02FE02FE02FE02FE02FE02FE02FE02E5
:10BB6000FE02FE02FE02FE02FE02FE02FE02FE02D5
:10BB7000FE02FE02FE02FE02FE02FE02FE02FE02C5
:10BB8000FE02FE02FE02FE02FE02FE02FE02FE02B5
:10BB9000FE02FE02FE02FE02FE02FE02FE02FE02A5
:10BBA000FE02FE02FE02FE02FE02FE02FE02FE0295
:10BBB000FE02FE02FE02FE02FE02FE02FE02FE0285
:10BBC000FE02FE02FE02FE02FE02FE02FE02FE0275
:10BBD000FE02FE02FE02FE02FE02FE02FE02FE0265
:10BBE000FE02FE02FE02FE02FE02FE02FE02FE0255
:10BBF000FE02FE02FE02FE02FE02FE02FE02FE0245
:10BC0000FE02FE02FE02FE02FE02FE02FE02FE0234
:10BC1000FE02FE02FE02FE02FE02FE02FE02FE0224
:10BC2000FE02FE02FE02FE02FE02FE02FE02FE0214
:10BC3000FE02FE02FE02FE02FE02FE02FE02FE0204
:10BC4000FE02FE02FE02FE02FE02FE02FE02FE02F4
:10BC5000FE02FE02FE02FE02FE02FE02FE02FE02E4
:10BC6000FE02FE02FE02FE02FE02FE02FE02FE02D4
:10BC7000FE02FE02FE02FE02FE02FE02FE02FE02C4
:10BC8000FE02FE02FE02FE02FE02FE02FE02FE02B4
:10BC9000FE02FE02FE02FE02FE02FE02FE02FE02A4
:10BCA000FE02FE02FE02FE02FE02FE02FE02FE0294
:10BCB000FE02FE02FE02FE02FE02FE02FE02FE0284
:10BCC000FE02FE02FE02FE02FE02FE02FE02FE0274
:10BCD000FE02FE02FE02FE02FE02FE02FE02FE0264
:10BCE000FE02FE02FE02FE02FE02FE02FE02FE0254
:10BCF000FE02FE02FE02FE02FE02FE02FE02FE0244
:10BD0000FE02FE02FE02FE02FE02FE02FE02FE0233
:10BD1000FE02FE02FE02FE02FE02FE02FE02FE0223
:10BD2000FE02FE02FE02FE02FE02FE02FE02FE0213
:10BD3000FE02FE02FE02FE02FE02FE02FE02FE0203
:10BD4000FE02FE02FE02FE02FE02FE02FE02FE02F3
:10BD5000FE02FE02FE02FE02FE02FE02FE02FE02E3
:10BD6000FE02FE02FE02FE02FE02FE02FE02FE02D3
:10BD7000FE02FE02FE02FE02FE02FE02FE02FE02C3
:10BD8000FE02FE02FE02FE02FE02FE02FE02FE02B3
:10BD9000FE02FE02FE02FE02FE02FE02FE02FE02A3
:10BDA000FE02FE02FE02FE02FE02FE02FE02FE0293
:10BDB000FE02FE02FE02FE02FE02FE02FE02FE0283
:10BDC000FE02FE02FE02FE02FE02FE02FE02FE0273
:10BDD000FE02FE02FE02FE02FE02FE02FE02FE0263
:10BDE000FE02FE02FE02FE02FE02FE02FE02FE0253
:10BDF000FE02FE02FE02FE02FE02FE02FE02FE0243
:10BE0000FE02FE02FE02FE02FE02FE02FE02FE0232
:10BE1000FE02FE02FE02FE02FE02FE02FE02FE0222
:10BE2000FE02FE02FE02FE02FE02FE02FE02FE0212
:10BE3000FE02FE02FE02FE02FE02FE02FE02FE0202
:10BE4000FE02FE02FE02FE02FE02FE02FE02FE02F2
:10BE5000FE02FE02FE02FE02FE02FE02FE02FE02E2
:10BE6000FE02FE02FE02FE02FE02FE02FE02FE02D2
:10BE7000FE02FE02FE02FE02FE02FE02FE02FE02C2
:10BE8000FE02FE02FE02FE02FE02FE02FE02FE02B2
:10BE9000FE02FE02FE02FE02FE02FE02FE02FE02A2
:10BEA000FE02FE02FE02FE02FE02FE02FE02FE0292
:10BEB000FE02FE02FE02FE02FE02FE02FE02FE0282
:10BEC000FE02FE02FE02FE02FE02FE02FE02FE0272
:10BED000FE02FE02FE02FE02FE02FE02FE02FE0262
:10BEE000FE02FE02FE02FE02FE02FE02FE02FE0252
:10BEF000FE02FE02FE02FE02FE02FE02FE02FE0242
:10BF0000FE02FE02FE02FE02FE02FE02FE02FE0231
:10BF1000FE02FE02FE02FE02FE02FE02FE02FE0221
:10BF2000FE02FE02FE02FE02FE02FE02FE02FE0211
:10BF3000FE02FE02FE02FE02FE02FE02FE02FE0201
:10BF4000FE02FE02FE02FE02FE02FE02FE02FE02F1
:10BF5000FE02FE02FE02FE02FE02FE02FE02FE02E1
:10BF6000FE02FE02FE02FE02FE02FE02FE02FE02D1
:10BF7000FE02FE02FE02FE02FE02FE02FE02FE02C1
:10BF8000FE02FE02FE02FE02FE02FE02FE02FE02B1
:10BF9000FE02FE02FE02FE02FE02FE02FE02FE02A1
:10BFA000FE02FE02FE02FE02FE02FE02FE02FE0291
:10BFB000FE02FE02FE02FE02FE02FE02FE02FE0281
:10BFC000FE02FE02FE02FE02FE02FE02FE02FE0271
:10BFD000FE02FE02FE02FE02FE02FE02FE02FE0261
:10BFE000FE02FE02FE02FE02FE02FE02FE02FE0251
:10BFF000FE02FE02FE02FE02FE02FE02FE02FE0241
:10C00000FE02FE02FE02FE02FE02FE02FE02FE0230
:10C01000FE02FE02FE02FE02FE02FE02FE02FE0220
:10C02000FE02FE02FE02FE02FE02FE02FE02FE0210
:10C03000FE02FE02FE02FE02FE02FE02FE02FE0200
:10C04000FE02FE02FE02FE02FE02FE02FE02FE02F0
:10C05000FE02FE02FE02FE02FE02FE02FE02FE02E0
:10C06000FE02FE02FE02FE02FE02FE02FE02FE02D0
:10C07000FE02FE02FE02FE02FE02FE02FE02FE02C0
:10C08000FE02FE02FE02FE02FE02FE02FE02FE02B0
:10C09000FE02FE02FE02FE02FE02FE02FE02FE02A0
:10C0A000FE02FE02FE02FE02FE02FE02FE02FE0290
:10C0B000FE02FE02FE02FE02FE02FE02FE02FE0280
:10C0C000FE02FE02FE02FE02FE02FE02FE02FE0270
:10C0D000FE02FE02FE02FE02FE02FE02FE02FE0260
:10C0E000FE02FE02FE02FE02FE02FE02FE02FE0250
:10C0F000FE02FE02FE02FE02FE02FE02FE02FE0240
:10C10000FE02FE02FE02FE02FE02FE02FE02FE022F
:10C11000FE02FE02FE02FE02FE02FE02FE02FE021F
:10C12000FE02FE02FE02FE02FE02FE02FE02FE020F
:10C13000FE02FE02FE02FE02FE02FE02FE02FE02FF
:10C14000FE02FE02FE02FE02FE02FE02FE02FE02EF
:10C15000FE02FE02FE02FE02FE02FE02FE02FE02DF
:10C16000FE02FE02FE02FE02FE02FE02FE02FE02CF
:10C17000FE02FE02FE02FE02FE02FE02FE02FE02BF
:10C18000FE02FE02FE02FE02FE02FE02FE02FE02AF
:10C19000FE02FE02FE02FE02FE02FE02FE02FE029F
:10C1A000FE02FE02FE02FE02FE02FE02FE02FE028F
:10C1B000FE02FE02FE02FE02FE02FE02FE02FE027F
:10C1C000FE02FE02FE02FE02FE02FE02FE02FE026F
:10C1D000FE02FE02FE02FE02FE02FE02FE02FE025F
:10C1E000FE02FE02FE02FE02FE02FE02FE02FE024F
:10C1F000FE02FE02FE02FE02FE02FE02FE02FE023F
:10C20000FE02FE02FE02FE02FE02FE02FE02FE022E
:10C21000FE02FE02FE02FE02FE02FE02FE02FE021E
:10C22000FE02FE02FE02FE02FE02FE02FE02FE020E
:10C23000FE02FE02FE02FE02FE02FE02FE02FE02FE
:10C24000FE02FE02FE02FE02FE02FE02FE02FE02EE
:10C25000FE02FE02FE02FE02FE02FE02FE02FE02DE
:10C26000FE02FE02FE02FE02FE02FE02FE02FE02CE
:10C27000FE02FE02FE02FE02FE02FE02FE02FE02BE
:10C28000FE02FE02FE02FE02FE02FE02FE02FE02AE
:10C29000FE02FE02FE02FE02FE02FE02FE02FE029E
:10C2A000FE02FE02FE02FE02FE02FE02FE02FE028E
:10C2B000FE02FE02FE02FE02FE02FE02FE02FE027E
:10C2C000FE02FE02FE02FE02FE02FE02FE02FE026E
:10C2D000FE02FE02FE02FE02FE02FE02FE02FE025E
:10C2E000FE02FE02FE02FE02FE02FE02FE02FE024E
:10C2F000FE02FE02FE02FE02FE02FE02FE02FE023E
:10C30000FE02FE02FE02FE02FE02FE02FE02FE022D
:10C31000FE02FE02FE02FE02FE02FE02FE02FE021D
:10C32000FE02FE02FE02FE02FE02FE02FE02FE020D
:10C33000FE02FE02FE02FE02FE02FE02FE02FE02FD
:10C34000FE02FE02FE02FE02FE02FE02FE02FE02ED
:10C35000FE02FE02FE02FE02FE02FE02FE02FE02DD
:10C36000FE02FE02FE02FE02FE02FE02FE02FE02CD
:10C37000FE02FE02FE02FE02FE02FE02FE02FE02BD
:10C38000FE02FE02FE02FE02FE02FE02FE02FE02AD
:10C39000FE02FE02FE02FE02FE02FE02FE02FE029D
:10C3A000FE02FE02FE02FE02FE02FE02FE02FE028D
:10C3B000FE02FE02FE02FE02FE02FE02FE02FE027D
:10C3C000FE02FE02FE02FE02FE02FE02FE02FE026D
:10C3D000FE02FE02FE02FE02FE02FE02FE02FE025D
:10C3E000FE02FE02FE02FE02FE02FE02FE02FE024D
:10C3F000FE02FE02FE02FE02FE02FE02FE02FE023D
:10C40000FE02FE02FE02FE02FE02FE02FE02FE022C
:10C41000FE02FE02FE02FE02FE02FE02FE02FE021C
:10C42000FE02FE02FE02FE02FE02FE02FE02FE020C
:10C43000FE02FE02FE02FE02FE02FE02FE02FE02FC
:10C44000FE02FE02FE02FE02FE02FE02FE02FE02EC
:10C45000FE02FE02FE02FE02FE02FE02FE02FE02DC
:10C46000FE02FE02FE02FE02FE02FE02FE02FE02CC
:10C47000FE02FE02FE02FE02FE02FE02FE02FE02BC
:10C48000FE02FE02FE02FE02FE02FE02FE02FE02AC
:10C49000FE02FE02FE02FE02FE02FE02FE02FE029C
:10C4A000FE02FE02FE02FE02FE02FE02FE02FE028C
:10C4B000FE02FE02FE02FE02FE02FE02FE02FE027C
:10C4C000FE02FE02FE02FE02FE02FE02FE02FE026C
:10C4D000FE02FE02FE02FE02FE02FE02FE02FE025C
:10C4E000FE02FE02FE02FE02FE02FE02FE02FE024C
:10C4F000FE02FE02FE02FE02FE02FE02FE02FE023C
:10C50000FE02FE02FE02FE02FE02FE02FE02FE022B
:10C51000FE02FE02FE02FE02FE02FE02FE02FE021B
:10C52000FE02FE02FE02FE02FE02FE02FE02FE020B
:10C53000FE02FE02FE02FE02FE02FE02FE02FE02FB
:10C54000FE02FE02FE02FE02FE02FE02FE02FE02EB
:10C55000FE02FE02FE02FE02FE02FE02FE02FE02DB
:10C56000FE02FE02FE02FE02FE02FE02FE02FE02CB
:10C57000FE02FE02FE02FE02FE02FE02FE02FE02BB
:10C58000FE02FE02FE02FE02FE02FE02FE02FE02AB
:10C59000FE02FE02FE02FE02FE02FE02FE02FE029B
:10C5A000FE02FE02FE02FE02FE02FE02FE02FE028B
:10C5B000FE02FE02FE02FE02FE02FE02FE02FE027B
:10C5C000FE02FE02FE02FE02FE02FE02FE02FE026B
:10C5D000FE02FE02FE02FE02FE02FE02FE02FE025B
:10C5E000FE02FE02FE02FE02FE02FE02FE02FE024B
:10C5F000FE02FE02FE02FE02FE02FE02FE02FE023B
:10C60000FE02FE02FE02FE02FE02FE02FE02FE022A
:10C61000FE02FE02FE02FE02FE02FE02FE02FE021A
:10C62000FE02FE02FE02FE02FE02FE02FE02FE020A
:10C63000FE02FE02FE02FE02FE02FE02FE02FE02FA
:10C64000FE02FE02FE02FE02FE02FE02FE02FE02EA
:10C65000FE02FE02FE02FE02FE02FE02FE02FE02DA
:10C66000FE02FE02FE02FE02FE02FE02FE02FE02CA
:10C67000FE02FE02FE02FE02FE02FE02FE02FE02BA
:10C68000FE02FE02FE02FE02FE02FE02FE02FE02AA
:10C69000FE02FE02FE02FE02FE02FE02FE02FE029A
:10C6A000FE02FE02FE02FE02FE02FE02FE02FE028A
:10C6B000FE02FE02FE02FE02FE02FE02FE02FE027A
:10C6C000FE02FE02FE02FE02FE02FE02FE02FE026A
:10C6D000FE02FE02FE02FE02FE02FE02FE02FE025A
:10C6E000FE02FE02FE02FE02FE02FE02FE02FE024A
:10C6F000FE02FE02FE02FE02FE02FE02FE02FE023A
:10C70000FE02FE02FE02FE02FE02FE02FE02FE0229
:10C71000FE02FE02FE02FE02FE02FE02FE02FE0219
:10C72000FE02FE02FE02FE02FE02FE02FE02FE0209
:10C73000FE02FE02FE02FE02FE02FE02FE02FE02F9
:10C74000FE02FE02FE02FE02FE02FE02FE02FE02E9
:10C75000FE02FE02FE02FE02FE02FE02FE02FE02D9
:10C76000FE02FE02FE02FE02FE02FE02FE02FE02C9
:10C77000FE02FE02FE02FE02FE02FE02FE02FE02B9
:10C78000FE02FE02FE02FE02FE02FE02FE02FE02A9
:10C79000FE02FE02FE02FE02FE02FE02FE02FE0299
:10C7A000FE02FE02FE02FE02FE02FE02FE02FE0289
:10C7B000FE02FE02FE02FE02FE02FE02FE02FE0279
:10C7C000FE02FE02FE02FE02FE02FE02FE02FE0269
:10C7D000FE02FE02FE02FE02FE02FE02FE02FE0259
:10C7E000FE02FE02FE02FE02FE02FE02FE02FE0249
:10C7F000FE02FE02FE02FE02FE02FE02FE02FE0239
:10C80000FE02FE02FE02FE02FE02FE02FE02FE0228
:10C81000FE02FE02FE02FE02FE02FE02FE02FE0218
:10C82000FE02FE02FE02FE02FE02FE02FE02FE0208
:10C83000FE02FE02FE02FE02FE02FE02FE02FE02F8
:10C84000FE02FE02FE02FE02FE02FE02FE02FE02E8
:10C85000FE02FE02FE02FE02FE02FE02FE02FE02D8
:10C86000FE02FE02FE02FE02FE02FE02FE02FE02C8
:10C87000FE02FE02FE02FE02FE02FE02FE02FE02B8
:10C88000FE02FE02FE02FE02FE02FE02FE02FE02A8
:10C89000FE02FE02FE02FE02FE02FE02FE02FE0298
:10C8A000FE02FE02FE02FE02FE02FE02FE02FE0288
:10C8B000FE02FE02FE02FE02FE02FE02FE02FE0278
:10C8C000FE02FE02FE02FE02FE02FE02FE02FE0268
:10C8D000FE02FE02FE02FE02FE02FE02FE02FE0258
:10C8E000FE02FE02FE02FE02FE02FE02FE02FE0248
:10C8F000FE02FE02FE02FE02FE02FE02FE02FE0238
:10C90000FE02FE02FE02FE02FE02FE02FE02FE0227
:10C91000FE02FE02FE02FE02FE02FE02FE02FE0217
:10C92000FE02FE02FE02FE02FE02FE02FE02FE0207
:10C93000FE02FE02FE02FE02FE02FE02FE02FE02F7
:10C94000FE02FE02FE02FE02FE02FE02FE02FE02E7
:10C95000FE02FE02FE02FE02FE02FE02FE02FE02D7
:10C96000FE02FE02FE02FE02FE02FE02FE02FE02C7
:10C97000FE02FE02FE02FE02FE02FE02FE02FE02B7
:10C98000FE02FE02FE02FE02FE02FE02FE02FE02A7
:10C99000FE02FE02FE02FE02FE02FE02FE02FE0297
:10C9A000FE02FE02FE02FE02FE02FE02FE02FE0287
:10C9B000FE02FE02FE02FE02FE02FE02FE02FE0277
:10C9C000FE02FE02FE02FE02FE02FE02FE02FE0267
:10C9D000FE02FE02FE02FE02FE02FE02FE02FE0257
:10C9E000FE02FE02FE02FE02FE02FE02FE02FE0247
:10C9F000FE02FE02FE02FE02FE02FE02FE02FE0237
:10CA0000FE02FE02FE02FE02FE02FE02FE02FE0226
:10CA1000FE02FE02FE02FE02FE02FE02FE02FE0216
:10CA2000FE02FE02FE02FE02FE02FE02FE02FE0206
:10CA3000FE02FE02FE02FE02FE02FE02FE02FE02F6
:10CA4000FE02FE02FE02FE02FE02FE02FE02FE02E6
:10CA5000FE02FE02FE02FE02FE02FE02FE02FE02D6
:10CA6000FE02FE02FE02FE02FE02FE02FE02FE02C6
:10CA7000FE02FE02FE02FE02FE02FE02FE02FE02B6
:10CA8000FE02FE02FE02FE02FE02FE02FE02FE02A6
:10CA9000FE02FE02FE02FE02FE02FE02FE02FE0296
:10CAA000FE02FE02FE02FE02FE02FE02FE02FE0286
:10CAB000FE02FE02FE02FE02FE02FE02FE02FE0276
:10CAC000FE02FE02FE02FE02FE02FE02FE02FE0266
:10CAD000FE02FE02FE02FE02FE02FE02FE02FE0256
:10CAE000FE02FE02FE02FE02FE02FE02FE02FE0246
:10CAF000FE02FE02FE02FE02FE02FE02FE02FE0236
:10CB0000FE02FE02FE02FE02FE02FE02FE02FE0225
:10CB1000FE02FE02FE02FE02FE02FE02FE02FE0215
:10CB2000FE02FE02FE02FE02FE02FE02FE02FE0205
:10CB3000FE02FE02FE02FE02FE02FE02FE02FE02F5
:10CB4000FE02FE02FE02FE02FE02FE02FE02FE02E5
:10CB5000FE02FE02FE02FE02FE02FE02FE02FE02D5
:10CB6000FE02FE02FE02FE02FE02FE02FE02FE02C5
:10CB7000FE02FE02FE02FE02FE02FE02FE02FE02B5
:10CB8000FE02FE02FE02FE02FE02FE02FE02FE02A5
:10CB9000FE02FE02FE02FE02FE02FE02FE02FE0295
:10CBA000FE02FE02FE02FE02FE02FE02FE02FE0285
:10CBB000FE02FE02FE02FE02FE02FE02FE02FE0275
:10CBC000FE02FE02FE02FE02FE02FE02FE02FE0265
:10CBD000FE02FE02FE02FE02FE02FE02FE02FE0255
:10CBE000FE02FE02FE02FE02FE02FE02FE02FE0245
:10CBF000FE02FE02FE02FE02FE02FE02FE02FE0235
:10CC0000FE02FE02FE02FE02FE02FE02FE02FE0224
:10CC1000FE02FE02FE02FE02FE02FE02FE02FE0214
:10CC2000FE02FE02FE02FE02FE02FE02FE02FE0204
:10CC3000FE02FE02FE02FE02FE02FE02FE02FE02F4
:10CC4000FE02FE02FE02FE02FE02FE02FE02FE02E4
:10CC5000FE02FE02FE02FE02FE02FE02FE02FE02D4
:10CC6000FE02FE02FE02FE02FE02FE02FE02FE02C4
:10CC7000FE02FE02FE02FE02FE02FE02FE02FE02B4
:10CC8000FE02FE02FE02FE02FE02FE02FE02FE02A4
:10CC9000FE02FE02FE02FE02FE02FE02FE02FE0294
:10CCA000FE02FE02FE02FE02FE02FE02FE02FE0284
:10CCB000FE02FE02FE02FE02FE02FE02FE02FE0274
:10CCC000FE02FE02FE02FE02FE02FE02FE02FE0264
:10CCD000FE02FE02FE02FE02FE02FE02FE02FE0254
:10CCE000FE02FE02FE02FE02FE02FE02FE02FE0244
:10CCF000FE02FE02FE02FE02FE02FE02FE02FE0234
:10CD0000FE02FE02FE02FE02FE02FE02FE02FE0223
:10CD1000FE02FE02FE02FE02FE02FE02FE02FE0213
:10CD2000FE02FE02FE02FE02FE02FE02FE02FE0203
:10CD3000FE02FE02FE02FE02FE02FE02FE02FE02F3
:10CD4000FE02FE02FE02FE02FE02FE02FE02FE02E3
:10CD5000FE02FE02FE02FE02FE02FE02FE02FE02D3
:10CD6000FE02FE02FE02FE02FE02FE02FE02FE02C3
:10CD7000FE02FE02FE02FE02FE02FE02FE02FE02B3
:10CD8000FE02FE02FE02FE02FE02FE02FE02FE02A3
:10CD9000FE02FE02FE02FE02FE02FE02FE02FE0293
:10CDA000FE02FE02FE02FE02FE02FE02FE02FE0283
:10CDB000FE02FE02FE02FE02FE02FE02FE02FE0273
:10CDC000FE02FE02FE02FE02FE02FE02FE02FE0263
:10CDD000FE02FE02FE02FE02FE02FE02FE02FE0253
:10CDE000FE02FE02FE02FE02FE02FE02FE02FE0243
:10CDF000FE02FE02FE02FE02FE02FE02FE02FE0233
:10CE0000FE02FE02FE02FE02FE02FE02FE02FE0222
:10CE1000FE02FE02FE02FE02FE02FE02FE02FE0212
:10CE2000FE02FE02FE02FE02FE02FE02FE02FE0202
:10CE3000FE02FE02FE02FE02FE02FE02FE02FE02F2
:10CE4000FE02FE02FE02FE02FE02FE02FE02FE02E2
:10CE5000FE02FE02FE02FE02FE02FE02FE02FE02D2
:10CE6000FE02FE02FE02FE02FE02FE02FE02FE02C2
:10CE7000FE02FE02FE02FE02FE02FE02FE02FE02B2
:10CE8000FE02FE02FE02FE02FE02FE02FE02FE02A2
:10CE9000FE02FE02FE02FE02FE02FE02FE02FE0292
:10CEA000FE02FE02FE02FE02FE02FE02FE02FE0282
:10CEB000FE02FE02FE02FE02FE02FE02FE02FE0272
:10CEC000FE02FE02FE02FE02FE02FE02FE02FE0262
:10CED000FE02FE02FE02FE02FE02FE02FE02FE0252
:10CEE000FE02FE02FE02FE02FE02FE02FE02FE0242
:10CEF000FE02FE02FE02FE02FE02FE02FE02FE0232
:10CF0000FE02FE02FE02FE02FE02FE02FE02FE0221
:10CF1000FE02FE02FE02FE02FE02FE02FE02FE0211
:10CF2000FE02FE02FE02FE02FE02FE02FE02FE0201
:10CF3000FE02FE02FE02FE02FE02FE02FE02FE02F1
:10CF4000FE02FE02FE02FE02FE02FE02FE02FE02E1
:10CF5000FE02FE02FE02FE02FE02FE02FE02FE02D1
:10CF6000FE02FE02FE02FE02FE02FE02FE02FE02C1
:10CF7000FE02FE02FE02FE02FE02FE02FE02FE02B1
:10CF8000FE02FE02FE02FE02FE02FE02FE02FE02A1
:10CF9000FE02FE02FE02FE02FE02FE02FE02FE0291
:10CFA000FE02FE02FE02FE02FE02FE02FE02FE0281
:10CFB000FE02FE02FE02FE02FE02FE02FE02FE0271
:10CFC000FE02FE02FE02FE02FE02FE02FE02FE0261
:10CFD000FE02FE02FE02FE02FE02FE02FE02FE0251
:10CFE000FE02FE02FE02FE02FE02FE02FE02FE0241
:10CFF000FE02FE02FE02FE02FE02FE02FE02FE0231
:10D00000FE02FE02FE02FE02FE02FE02FE02FE0220
:10D01000FE02FE02FE02FE02FE02FE02FE02FE0210
:10D02000FE02FE02FE02FE02FE02FE02FE02FE0200
:10D03000FE02FE02FE02FE02FE02FE02FE02FE02F0
:10D04000FE02FE02FE02FE02FE02FE02FE02FE02E0
:10D05000FE02FE02FE02FE02FE02FE02FE02FE02D0
:10D06000FE02FE02FE02FE02FE02FE02FE02FE02C0
:10D07000FE02FE02FE02FE02FE02FE02FE02FE02B0
:10D08000FE02FE02FE02FE02FE02FE02FE02FE02A0
:10D09000FE02FE02FE02FE02FE02FE02FE02FE0290
:10D0A000FE02FE02FE02FE02FE02FE02FE02FE0280
:10D0B000FE02FE02FE02FE02FE02FE02FE02FE0270
:10D0C000FE02FE02FE02FE02FE02FE02FE02FE0260
:10D0D000FE02FE02FE02FE02FE02FE02FE02FE0250
:10D0E000FE02FE02FE02FE02FE02FE02FE02FE0240
:10D0F000FE02FE02FE02FE02FE02FE02FE02FE0230
:10D10000FE02FE02FE02FE02FE02FE02FE02FE021F
:10D11000FE02FE02FE02FE02FE02FE02FE02FE020F
:10D12000FE02FE02FE02FE02FE02FE02FE02FE02FF
:10D13000FE02FE02FE02FE02FE02FE02FE02FE02EF
:10D14000FE02FE02FE02FE02FE02FE02FE02FE02DF
:10D15000FE02FE02FE02FE02FE02FE02FE02FE02CF
:10D16000FE02FE02FE02FE02FE02FE02FE02FE02BF
:10D17000FE02FE02FE02FE02FE02FE02FE02FE02AF
:10D18000FE02FE02FE02FE02FE02FE02FE02FE029F
:10D19000FE02FE02FE02FE02FE02FE02FE02FE028F
:10D1A000FE02FE02FE02FE02FE02FE02FE02FE027F
:10D1B000FE02FE02FE02FE02FE02FE02FE02FE026F
:10D1C000FE02FE02FE02FE02FE02FE02FE02FE025F
:10D1D000FE02FE02FE02FE02FE02FE02FE02FE024F
:10D1E000FE02FE02FE02FE02FE02FE02FE02FE023F
:10D1F000FE02FE02FE02FE02FE02FE02FE02FE022F
:10D20000FE02FE02FE02FE02FE02FE02FE02FE021E
:10D21000FE02FE02FE02FE02FE02FE02FE02FE020E
:10D22000FE02FE02FE02FE02FE02FE02FE02FE02FE
:10D23000FE02FE02FE02FE02FE02FE02FE02FE02EE
:10D24000FE02FE02FE02FE02FE02FE02FE02FE02DE
:10D25000FE02FE02FE02FE02FE02FE02FE02FE02CE
:10D26000FE02FE02FE02FE02FE02FE02FE02FE02BE
:10D27000FE02FE02FE02FE02FE02FE02FE02FE02AE
:10D28000FE02FE02FE02FE02FE02FE02FE02FE029E
:10D29000FE02FE02FE02FE02FE02FE02FE02FE028E
:10D2A000FE02FE02FE02FE02FE02FE02FE02FE027E
:10D2B000FE02FE02FE02FE02FE02FE02FE02FE026E
:10D2C000FE02FE02FE02FE02FE02FE02FE02FE025E
:10D2D000FE02FE02FE02FE02FE02FE02FE02FE024E
:10D2E000FE02FE02FE02FE02FE02FE02FE02FE023E
:10D2F000FE02FE02FE02FE02FE02FE02FE02FE022E
:10D30000FE02FE02FE02FE02FE02FE02FE02FE021D
:10D31000FE02FE02FE02FE02FE02FE02FE02FE020D
:10D32000FE02FE02FE02FE02FE02FE02FE02FE02FD
:10D33000FE02FE02FE02FE02FE02FE02FE02FE02ED
:10D34000FE02FE02FE02FE02FE02FE02FE02FE02DD
:10D35000FE02FE02FE02FE02FE02FE02FE02FE02CD
:10D36000FE02FE02FE02FE02FE02FE02FE02FE02BD
:10D37000FE02FE02FE02FE02FE02FE02FE02FE02AD
:10D38000FE02FE02FE02FE02FE02FE02FE02FE029D
:10D39000FE02FE02FE02FE02FE02FE02FE02FE028D
:10D3A000FE02FE02FE02FE02FE02FE02FE02FE027D
:10D3B000FE02FE02FE02FE02FE02FE02FE02FE026D
:10D3C000FE02FE02FE02FE02FE02FE02FE02FE025D
:10D3D000FE02FE02FE02FE02FE02FE02FE02FE024D
:10D3E000FE02FE02FE02FE02FE02FE02FE02FE023D
:10D3F000FE02FE02FE02FE02FE02FE02FE02FE022D
:10D40000FE02FE02FE02FE02FE02FE02FE02FE021C
:10D41000FE02FE02FE02FE02FE02FE02FE02FE020C
:10D42000FE02FE02FE02FE02FE02FE02FE02FE02FC
:10D43000FE02FE02FE02FE02FE02FE02FE02FE02EC
:10D44000FE02FE02FE02FE02FE02FE02FE02FE02DC
:10D45000FE02FE02FE02FE02FE02FE02FE02FE02CC
:10D46000FE02FE02FE02FE02FE02FE02FE02FE02BC
:10D47000FE02FE02FE02FE02FE02FE02FE02FE02AC
:10D48000FE02FE02FE02FE02FE02FE02FE02FE029C
:10D49000FE02FE02FE02FE02FE02FE02FE02FE028C
:10D4A000FE02FE02FE02FE02FE02FE02FE02FE027C
:10D4B000FE02FE02FE02FE02FE02FE02FE02FE026C
:10D4C000FE02FE02FE02FE02FE02FE02FE02FE025C
:10D4D000FE02FE02FE02FE02FE02FE02FE02FE024C
:10D4E000FE02FE02FE02FE02FE02FE02FE02FE023C
:10D4F000FE02FE02FE02FE02FE02FE02FE02FE022C
:10D50000FE02FE02FE02FE02FE02FE02FE02FE021B
:10D51000FE02FE02FE02FE02FE02FE02FE02FE020B
:10D52000FE02FE02FE02FE02FE02FE02FE02FE02FB
:10D53000FE02FE02FE02FE02FE02FE02FE02FE02EB
:10D54000FE02FE02FE02FE02FE02FE02FE02FE02DB
:10D55000FE02FE02FE02FE02FE02FE02FE02FE02CB
:10D56000FE02FE02FE02FE02FE02FE02FE02FE02BB
:10D57000FE02FE02FE02FE02FE02FE02FE02FE02AB
:10D58000FE02FE02FE02FE02FE02FE02FE02FE029B
:10D59000FE02FE02FE02FE02FE02FE02FE02FE028B
:10D5A000FE02FE02FE02FE02FE02FE02FE02FE027B
:10D5B000FE02FE02FE02FE02FE02FE02FE02FE026B
:10D5C000FE02FE02FE02FE02FE02FE02FE02FE025B
:10D5D000FE02FE02FE02FE02FE02FE02FE02FE024B
:10D5E000FE02FE02FE02FE02FE02FE02FE02FE023B
:10D5F000FE02FE02FE02FE02FE02FE02FE02FE022B
:10D60000FE02FE02FE02FE02FE02FE02FE02FE021A
:10D61000FE02FE02FE02FE02FE02FE02FE02FE020A
:10D62000FE02FE02FE02FE02FE02FE02FE02FE02FA
:10D63000FE02FE02FE02FE02FE02FE02FE02FE02EA
:10D64000FE02FE02FE02FE02FE02FE02FE02FE02DA
:10D65000FE02FE02FE02FE02FE02FE02FE02FE02CA
:10D66000FE02FE02FE02FE02FE02FE02FE02FE02BA
:10D67000FE02FE02FE02FE02FE02FE02FE02FE02AA
:10D68000FE02FE02FE02FE02FE02FE02FE02FE029A
:10D69000FE02FE02FE02FE02FE02FE02FE02FE028A
:10D6A000FE02FE02FE02FE02FE02FE02FE02FE027A
:10D6B000FE02FE02FE02FE02FE02FE02FE02FE026A
:10D6C000FE02FE02FE02FE02FE02FE02FE02FE025A
:10D6D000FE02FE02FE02FE02FE02FE02FE02FE024A
:10D6E000FE02FE02FE02FE02FE02FE02FE02FE023A
:10D6F000FE02FE02FE02FE02FE02FE02FE02FE022A
:10D70000FE02FE02FE02FE02FE02FE02FE02FE0219
:10D71000FE02FE02FE02FE02FE02FE02FE02FE0209
:10D72000FE02FE02FE02FE02FE02FE02FE02FE02F9
:10D73000FE02FE02FE02FE02FE02FE02FE02FE02E9
:10D74000FE02FE02FE02FE02FE02FE02FE02FE02D9
:10D75000FE02FE02FE02FE02FE02FE02FE02FE02C9
:10D76000FE02FE02FE02FE02FE02FE02FE02FE02B9
:10D77000FE02FE02FE02FE02FE02FE02FE02FE02A9
:10D78000FE02FE02FE02FE02FE02FE02FE02FE0299
:10D79000FE02FE02FE02FE02FE02FE02FE02FE0289
:10D7A000FE02FE02FE02FE02FE02FE02FE02FE0279
:10D7B000FE02FE02FE02FE02FE02FE02FE02FE0269
:10D7C000FE02FE02FE02FE02FE02FE02FE02FE0259
:10D7D000FE02FE02FE02FE02FE02FE02FE02FE0249
:10D7E000FE02FE02FE02FE02FE02FE02FE02FE0239
:10D7F000FE02FE02FE02FE02FE02FE02FE02FE0229
:10D80000FE02FE02FE02FE02FE02FE02FE02FE0218
:10D81000FE02FE02FE02FE02FE02FE02FE02FE0208
:10D82000FE02FE02FE02FE02FE02FE02FE02FE02F8
:10D83000FE02FE02FE02FE02FE02FE02FE02FE02E8
:10D84000FE02FE02FE02FE02FE02FE02FE02FE02D8
:10D85000FE02FE02FE02FE02FE02FE02FE02FE02C8
:10D86000FE02FE02FE02FE02FE02FE02FE02FE02B8
:10D87000FE02FE02FE02FE02FE02FE02FE02FE02A8
:10D88000FE02FE02FE02FE02FE02FE02FE02FE0298
:10D89000FE02FE02FE02FE02FE02FE02FE02FE0288
:10D8A000FE02FE02FE02FE02FE02FE02FE02FE0278
:10D8B000FE02FE02FE02FE02FE02FE02FE02FE0268
:10D8C000FE02FE02FE02FE02FE02FE02FE02FE0258
:10D8D000FE02FE02FE02FE02FE02FE02FE02FE0248
:10D8E000FE02FE02FE02FE02FE02FE02FE02FE0238
:10D8F000FE02FE02FE02FE02FE02FE02FE02FE0228
:10D90000FE02FE02FE02FE02FE02FE02FE02FE0217
:10D91000FE02FE02FE02FE02FE02FE02FE02FE0207
:10D92000FE02FE02FE02FE02FE02FE02FE02FE02F7
:10D93000FE02FE02FE02FE02FE02FE02FE02FE02E7
:10D94000FE02FE02FE02FE02FE02FE02FE02FE02D7
:10D95000FE02FE02FE02FE02FE02FE02FE02FE02C7
:10D96000FE02FE02FE02FE02FE02FE02FE02FE02B7
:10D97000FE02FE02FE02FE02FE02FE02FE02FE02A7
:10D98000FE02FE02FE02FE02FE02FE02FE02FE0297
:10D99000FE02FE02FE02FE02FE02FE02FE02FE0287
:10D9A000FE02FE02FE02FE02FE02FE02FE02FE0277
:10D9B000FE02FE02FE02FE02FE02FE02FE02FE0267
:10D9C000FE02FE02FE02FE02FE02FE02FE02FE0257
:10D9D000FE02FE02FE02FE02FE02FE02FE02FE0247
:10D9E000FE02FE02FE02FE02FE02FE02FE02FE0237
:10D9F000FE02FE02FE02FE02FE02FE02FE02FE0227
:10DA0000FE02FE02FE02FE02FE02FE02FE02FE0216
:10DA1000FE02FE02FE02FE02FE02FE02FE02FE0206
:10DA2000FE02FE02FE02FE02FE02FE02FE02FE02F6
:10DA3000FE02FE02FE02FE02FE02FE02FE02FE02E6
:10DA4000FE02FE02FE02FE02FE02FE02FE02FE02D6
:10DA5000FE02FE02FE02FE02FE02FE02FE02FE02C6
:10DA6000FE02FE02FE02FE02FE02FE02FE02FE02B6
:10DA7000FE02FE02FE02FE02FE02FE02FE02FE02A6
:10DA8000FE02FE02FE02FE02FE02FE02FE02FE0296
:10DA9000FE02FE02FE02FE02FE02FE02FE02FE0286
:10DAA000FE02FE02FE02FE02FE02FE02FE02FE0276
:10DAB000FE02FE02FE02FE02FE02FE02FE02FE0266
:10DAC000FE02FE02FE02FE02FE02FE02FE02FE0256
:10DAD000FE02FE02FE02FE02FE02FE02FE02FE0246
:10DAE000FE02FE02FE02FE02FE02FE02FE02FE0236
:10DAF000FE02FE02FE02FE02FE02FE02FE02FE0226
:10DB0000FE02FE02FE02FE02FE02FE02FE02FE0215
:10DB1000FE02FE02FE02FE02FE02FE02FE02FE0205
:10DB2000FE02FE02FE02FE02FE02FE02FE02FE02F5
:10DB3000FE02FE02FE02FE02FE02FE02FE02FE02E5
:10DB4000FE02FE02FE02FE02FE02FE02FE02FE02D5
:10DB5000FE02FE02FE02FE02FE02FE02FE02FE02C5
:10DB6000FE02FE02FE02FE02FE02FE02FE02FE02B5
:10DB7000FE02FE02FE02FE02FE02FE02FE02FE02A5
:10DB8000FE02FE02FE02FE02FE02FE02FE02FE0295
:10DB9000FE02FE02FE02FE02FE02FE02FE02FE0285
:10DBA000FE02FE02FE02FE02FE02FE02FE02FE0275
:10DBB000FE02FE02FE02FE02FE02FE02FE02FE0265
:10DBC000FE02FE02FE02FE02FE02FE02FE02FE0255
:10DBD000FE02FE02FE02FE02FE02FE02FE02FE0245
:10DBE000FE02FE02FE02FE02FE02FE02FE02FE0235
:10DBF000FE02FE02FE02FE02FE02FE02FE02FE0225
:10DC0000FE02FE02FE02FE02FE02FE02FE02FE0214
:10DC1000FE02FE02FE02FE02FE02FE02FE02FE0204
:10DC2000FE02FE02FE02FE02FE02FE02FE02FE02F4
:10DC3000FE02FE02FE02FE02FE02FE02FE02FE02E4
:10DC4000FE02FE02FE02FE02FE02FE02FE02FE02D4
:10DC5000FE02FE02FE02FE02FE02FE02FE02FE02C4
:10DC6000FE02FE02FE02FE02FE02FE02FE02FE02B4
:10DC7000FE02FE02FE02FE02FE02FE02FE02FE02A4
:10DC8000FE02FE02FE02FE02FE02FE02FE02FE0294
:10DC9000FE02FE02FE02FE02FE02FE02FE02FE0284
:10DCA000FE02FE02FE02FE02FE02FE02FE02FE0274
:10DCB000FE02FE02FE02FE02FE02FE02FE02FE0264
:10DCC000FE02FE02FE02FE02FE02FE02FE02FE0254
:10DCD000FE02FE02FE02FE02FE02FE02FE02FE0244
:10DCE000FE02FE02FE02FE02FE02FE02FE02FE0234
:10DCF000FE02FE02FE02FE02FE02FE02FE02FE0224
:10DD0000FE02FE02FE02FE02FE02FE02FE02FE0213
:10DD1000FE02FE02FE02FE02FE02FE02FE02FE0203
:10DD2000FE02FE02FE02FE02FE02FE02FE02FE02F3
:10DD3000FE02FE02FE02FE02FE02FE02FE02FE02E3
:10DD4000FE02FE02FE02FE02FE02FE02FE02FE02D3
:10DD5000FE02FE02FE02FE02FE02FE02FE02FE02C3
:10DD6000FE02FE02FE02FE02FE02FE02FE02FE02B3
:10DD7000FE02FE02FE02FE02FE02FE02FE02FE02A3
:10DD8000FE02FE02FE02FE02FE02FE02FE02FE0293
:10DD9000FE02FE02FE02FE02FE02FE02FE02FE0283
:10DDA000FE02FE02FE02FE02FE02FE02FE02FE0273
:10DDB000FE02FE02FE02FE02FE02FE02FE02FE0263
:10DDC000FE02FE02FE02FE02FE02FE02FE02FE0253
:10DDD000FE02FE02FE02FE02FE02FE02FE02FE0243
:10DDE000FE02FE02FE02FE02FE02FE02FE02FE0233
:10DDF000FE02FE02FE02FE02FE02FE02FE02FE0223
:10DE0000FE02FE02FE02FE02FE02FE02FE02FE0212
:10DE1000FE02FE02FE02FE02FE02FE02FE02FE0202
:10DE2000FE02FE02FE02FE02FE02FE02FE02FE02F2
:10DE3000FE02FE02FE02FE02FE02FE02FE02FE02E2
:10DE4000FE02FE02FE02FE02FE02FE02FE02FE02D2
:10DE5000FE02FE02FE02FE02FE02FE02FE02FE02C2
:10DE6000FE02FE02FE02FE02FE02FE02FE02FE02B2
:10DE7000FE02FE02FE02FE02FE02FE02FE02FE02A2
:10DE8000FE02FE02FE02FE02FE02FE02FE02FE0292
:10DE9000FE02FE02FE02FE02FE02FE02FE02FE0282
:10DEA000FE02FE02FE02FE02FE02FE02FE02FE0272
:10DEB000FE02FE02FE02FE02FE02FE02FE02FE0262
:10DEC000FE02FE02FE02FE02FE02FE02FE02FE0252
:10DED000FE02FE02FE02FE02FE02FE02FE02FE0242
:10DEE000FE02FE02FE02FE02FE02FE02FE02FE0232
:10DEF000FE02FE02FE02FE02FE02FE02FE02FE0222
:10DF0000FE02FE02FE02FE02FE02FE02FE02FE0211
:10DF1000FE02FE02FE02FE02FE02FE02FE02FE0201
:10DF2000FE02FE02FE02FE02FE02FE02FE02FE02F1
:10DF3000FE02FE02FE02FE02FE02FE02FE02FE02E1
:10DF4000FE02FE02FE02FE02FE02FE02FE02FE02D1
:10DF5000FE02FE02FE02FE02FE02FE02FE02FE02C1
:10DF6000FE02FE02FE02FE02FE02FE02FE02FE02B1
:10DF7000FE02FE02FE02FE02FE02FE02FE02FE02A1
:10DF8000FE02FE02FE02FE02FE02FE02FE02FE0291
:10DF9000FE02FE02FE02FE02FE02FE02FE02FE0281
:10DFA000FE02FE02FE02FE02FE02FE02FE02FE0271
:10DFB000FE02FE02FE02FE02FE02FE02FE02FE0261
:10DFC000FE02FE02FE02FE02FE02FE02FE02FE0251
:10DFD000FE02FE02FE02FE02FE02FE02FE02FE0241
:10DFE000FE02FE02FE02FE02FE02FE02FE02FE0231
:10DFF000FE02FE02FE02FE02FE02FE02FE02FE0221
:10E00000FE02FE02FE02FE02FE02FE02FE02FE0210
:10E01000FE02FE02FE02FE02FE02FE02FE02FE0200
:10E02000FE02FE02FE02FE02FE02FE02FE02FE02F0
:10E03000FE02FE02FE02FE02FE02FE02FE02FE02E0
:10E04000FE02FE02FE02FE02FE02FE02FE02FE02D0
:10E05000FE02FE02FE02FE02FE02FE02FE02FE02C0
:10E06000FE02FE02FE02FE02FE02FE02FE02FE02B0
:10E07000FE02FE02FE02FE02FE02FE02FE02FE02A0
:10E08000FE02FE02FE02FE02FE02FE02FE02FE0290
:10E09000FE02FE02FE02FE02FE02FE02FE02FE0280
:10E0A000FE02FE02FE02FE02FE02FE02FE02FE0270
:10E0B000FE02FE02FE02FE02FE02FE02FE02FE0260
:10E0C000FE02FE02FE02FE02FE02FE02FE02FE0250
:10E0D000FE02FE02FE02FE02FE02FE02FE02FE0240
:10E0E000FE02FE02FE02FE02FE02FE02FE02FE0230
:10E0F000FE02FE02FE02FE02FE02FE02FE02FE0220
:10E10000FE02FE02FE02FE02FE02FE02FE02FE020F
:10E11000FE02FE02FE02FE02FE02FE02FE02FE02FF
:10E12000FE02FE02FE02FE02FE02FE02FE02FE02EF
:10E13000FE02FE02FE02FE02FE02FE02FE02FE02DF
:10E14000FE02FE02FE02FE02FE02FE02FE02FE02CF
:10E15000FE02FE02FE02FE02FE02FE02FE02FE02BF
:10E16000FE02FE02FE02FE02FE02FE02FE02FE02AF
:10E17000FE02FE02FE02FE02FE02FE02FE02FE029F
:10E18000FE02FE02FE02FE02FE02FE02FE02FE028F
:10E19000FE02FE02FE02FE02FE02FE02FE02FE027F
:10E1A000FE02FE02FE02FE02FE02FE02FE02FE026F
:10E1B000FE02FE02FE02FE02FE02FE02FE02FE025F
:10E1C000FE02FE02FE02FE02FE02FE02FE02FE024F
:10E1D000FE02FE02FE02FE02FE02FE02FE02FE023F
:10E1E000FE02FE02FE02FE02FE02FE02FE02FE022F
:10E1F000FE02FE02FE02FE02FE02FE02FE02FE021F
:10E20000FE02FE02FE02FE02FE02FE02FE02FE020E
:10E21000FE02FE02FE02FE02FE02FE02FE02FE02FE
:10E22000FE02FE02FE02FE02FE02FE02FE02FE02EE
:10E23000FE02FE02FE02FE02FE02FE02FE02FE02DE
:10E24000FE02FE02FE02FE02FE02FE02FE02FE02CE
:10E25000FE02FE02FE02FE02FE02FE02FE02FE02BE
:10E26000FE02FE02FE02FE02FE02FE02FE02FE02AE
:10E27000FE02FE02FE02FE02FE02FE02FE02FE029E
:10E28000FE02FE02FE02FE02FE02FE02FE02FE028E
:10E29000FE02FE02FE02FE02FE02FE02FE02FE027E
:10E2A000FE02FE02FE02FE02FE02FE02FE02FE026E
:10E2B000FE02FE02FE02FE02FE02FE02FE02FE025E
:10E2C000FE02FE02FE02FE02FE02FE02FE02FE024E
:10E2D000FE02FE02FE02FE02FE02FE02FE02FE023E
:10E2E000FE02FE02FE02FE02FE02FE02FE02FE022E
:10E2F000FE02FE02FE02FE02FE02FE02FE02FE021E
:10E30000FE02FE02FE02FE02FE02FE02FE02FE020D
:10E31000FE02FE02FE02FE02FE02FE02FE02FE02FD
:10E32000FE02FE02FE02FE02FE02FE02FE02FE02ED
:10E33000FE02FE02FE02FE02FE02FE02FE02FE02DD
:10E34000FE02FE02FE02FE02FE02FE02FE02FE02CD
:10E35000FE02FE02FE02FE02FE02FE02FE02FE02BD
:10E36000FE02FE02FE02FE02FE02FE02FE02FE02AD
:10E37000FE02FE02FE02FE02FE02FE02FE02FE029D
:10E38000FE02FE02FE02FE02FE02FE02FE02FE028D
:10E39000FE02FE02FE02FE02FE02FE02FE02FE027D
:10E3A000FE02FE02FE02FE02FE02FE02FE02FE026D
:10E3B000FE02FE02FE02FE02FE02FE02FE02FE025D
:10E3C000FE02FE02FE02FE02FE02FE02FE02FE024D
:10E3D000FE02FE02FE02FE02FE02FE02FE02FE023D
:10E3E000FE02FE02FE02FE02FE02FE02FE02FE022D
:10E3F000FE02FE02FE02FE02FE02FE02FE02FE021D
:10E40000FE02FE02FE02FE02FE02FE02FE02FE020C
:10E41000FE02FE02FE02FE02FE02FE02FE02FE02FC
:10E42000FE02FE02FE02FE02FE02FE02FE02FE02EC
:10E43000FE02FE02FE02FE02FE02FE02FE02FE02DC
:10E44000FE02FE02FE02FE02FE02FE02FE02FE02CC
:10E45000FE02FE02FE02FE02FE02FE02FE02FE02BC
:10E46000FE02FE02FE02FE02FE02FE02FE02FE02AC
:10E47000FE02FE02FE02FE02FE02FE02FE02FE029C
:10E48000FE02FE02FE02FE02FE02FE02FE02FE028C
:10E49000FE02FE02FE02FE02FE02FE02FE02FE027C
:10E4A000FE02FE02FE02FE02FE02FE02FE02FE026C
:10E4B000FE02FE02FE02FE02FE02FE02FE02FE025C
:10E4C000FE02FE02FE02FE02FE02FE02FE02FE024C
:10E4D000FE02FE02FE02FE02FE02FE02FE02FE023C
:10E4E000FE02FE02FE02FE02FE02FE02FE02FE022C
:10E4F000FE02FE02FE02FE02FE02FE02FE02FE021C
:10E50000FE02FE02FE02FE02FE02FE02FE02FE020B
:10E51000FE02FE02FE02FE02FE02FE02FE02FE02FB
:10E52000FE02FE02FE02FE02FE02FE02FE02FE02EB
:10E53000FE02FE02FE02FE02FE02FE02FE02FE02DB
:10E54000FE02FE02FE02FE02FE02FE02FE02FE02CB
:10E55000FE02FE02FE02FE02FE02FE02FE02FE02BB
:10E56000FE02FE02FE02FE02FE02FE02FE02FE02AB
:10E57000FE02FE02FE02FE02FE02FE02FE02FE029B
:10E58000FE02FE02FE02FE02FE02FE02FE02FE028B
:10E59000FE02FE02FE02FE02FE02FE02FE02FE027B
:10E5A000FE02FE02FE02FE02FE02FE02FE02FE026B
:10E5B000FE02FE02FE02FE02FE02FE02FE02FE025B
:10E5C000FE02FE02FE02FE02FE02FE02FE02FE024B
:10E5D000FE02FE02FE02FE02FE02FE02FE02FE023B
:10E5E000FE02FE02FE02FE02FE02FE02FE02FE022B
:10E5F000FE02FE02FE02FE02FE02FE02FE02FE021B
:10E60000FE02FE02FE02FE02FE02FE02FE02FE020A
:10E61000FE02FE02FE02FE02FE02FE02FE02FE02FA
:10E62000FE02FE02FE02FE02FE02FE02FE02FE02EA
:10E63000FE02FE02FE02FE02FE02FE02FE02FE02DA
:10E64000FE02FE02FE02FE02FE02FE02FE02FE02CA
:10E65000FE02FE02FE02FE02FE02FE02FE02FE02BA
:10E66000FE02FE02FE02FE02FE02FE02FE02FE02AA
:10E67000FE02FE02FE02FE02FE02FE02FE02FE029A
:10E68000FE02FE02FE02FE02FE02FE02FE02FE028A
:10E69000FE02FE02FE02FE02FE02FE02FE02FE027A
:10E6A000FE02FE02FE02FE02FE02FE02FE02FE026A
:10E6B000FE02FE02FE02FE02FE02FE02FE02FE025A
:10E6C000FE02FE02FE02FE02FE02FE02FE02FE024A
:10E6D000FE02FE02FE02FE02FE02FE02FE02FE023A
:10E6E000FE02FE02FE02FE02FE02FE02FE02FE022A
:10E6F000FE02FE02FE02FE02FE02FE02FE02FE021A
:10E70000FE02FE02FE02FE02FE02FE02FE02FE0209
:10E71000FE02FE02FE02FE02FE02FE02FE02FE02F9
:10E72000FE02FE02FE02FE02FE02FE02FE02FE02E9
:10E73000FE02FE02FE02FE02FE02FE02FE02FE02D9
:10E74000FE02FE02FE02FE02FE02FE02FE02FE02C9
:10E75000FE02FE02FE02FE02FE02FE02FE02FE02B9
:10E76000FE02FE02FE02FE02FE02FE02FE02FE02A9
:10E77000FE02FE02FE02FE02FE02FE02FE02FE0299
:10E78000FE02FE02FE02FE02FE02FE02FE02FE0289
:10E79000FE02FE02FE02FE02FE02FE02FE02FE0279
:10E7A000FE02FE02FE02FE02FE02FE02FE02FE0269
:10E7B000FE02FE02FE02FE02FE02FE02FE02FE0259
:10E7C000FE02FE02FE02FE02FE02FE02FE02FE0249
:10E7D000FE02FE02FE02FE02FE02FE02FE02FE0239
:10E7E000FE02FE02FE02FE02FE02FE02FE02FE0229
:10E7F000FE02FE02FE02FE02FE02FE02FE02FE0219
:10E80000FE02FE02FE02FE02FE02FE02FE02FE0208
:10E81000FE02FE02FE02FE02FE02FE02FE02FE02F8
:10E82000FE02FE02FE02FE02FE02FE02FE02FE02E8
:10E83000FE02FE02FE02FE02FE02FE02FE02FE02D8
:10E84000FE02FE02FE02FE02FE02FE02FE02FE02C8
:10E85000FE02FE02FE02FE02FE02FE02FE02FE02B8
:10E86000FE02FE02FE02FE02FE02FE02FE02FE02A8
:10E87000FE02FE02FE02FE02FE02FE02FE02FE0298
:10E88000FE02FE02FE02FE02FE02FE02FE02FE0288
:10E89000FE02FE02FE02FE02FE02FE02FE02FE0278
:10E8A000FE02FE02FE02FE02FE02FE02FE02FE0268
:10E8B000FE02FE02FE02FE02FE02FE02FE02FE0258
:10E8C000FE02FE02FE02FE02FE02FE02FE02FE0248
:10E8D000FE02FE02FE02FE02FE02FE02FE02FE0238
:10E8E000FE02FE02FE02FE02FE02FE02FE02FE0228
:10E8F000FE02FE02FE02FE02FE02FE02FE02FE0218
:10E90000FE02FE02FE02FE02FE02FE02FE02FE0207
:10E91000FE02FE02FE02FE02FE02FE02FE02FE02F7
:10E92000FE02FE02FE02FE02FE02FE02FE02FE02E7
:10E93000FE02FE02FE02FE02FE02FE02FE02FE02D7
:10E94000FE02FE02FE02FE02FE02FE02FE02FE02C7
:10E95000FE02FE02FE02FE02FE02FE02FE02FE02B7
:10E96000FE02FE02FE02FE02FE02FE02FE02FE02A7
:10E97000FE02FE02FE02FE02FE02FE02FE02FE0297
:10E98000FE02FE02FE02FE02FE02FE02FE02FE0287
:10E99000FE02FE02FE02FE02FE02FE02FE02FE0277
:10E9A000FE02FE02FE02FE02FE02FE02FE02FE0267
:10E9B000FE02FE02FE02FE02FE02FE02FE02FE0257
:10E9C000FE02FE02FE02FE02FE02FE02FE02FE0247
:10E9D000FE02FE02FE02FE02FE02FE02FE02FE0237
:10E9E000FE02FE02FE02FE02FE02FE02FE02FE0227
:10E9F000FE02FE02FE02FE02FE02FE02FE02FE0217
:10EA0000FE02FE02FE02FE02FE02FE02FE02FE0206
:10EA1000FE02FE02FE02FE02FE02FE02FE02FE02F6
:10EA2000FE02FE02FE02FE02FE02FE02FE02FE02E6
:10EA3000FE02FE02FE02FE02FE02FE02FE02FE02D6
:10EA4000FE02FE02FE02FE02FE02FE02FE02FE02C6
:10EA5000FE02FE02FE02FE02FE02FE02FE02FE02B6
:10EA6000FE02FE02FE02FE02FE02FE02FE02FE02A6
:10EA7000FE02FE02FE02FE02FE02FE02FE02FE0296
:10EA8000FE02FE02FE02FE02FE02FE02FE02FE0286
:10EA9000FE02FE02FE02FE02FE02FE02FE02FE0276
:10EAA000FE02FE02FE02FE02FE02FE02FE02FE0266
:10EAB000FE02FE02FE02FE02FE02FE02FE02FE0256
:10EAC000FE02FE02FE02FE02FE02FE02FE02FE0246
:10EAD000FE02FE02FE02FE02FE02FE02FE02FE0236
:10EAE000FE02FE02FE02FE02FE02FE02FE02FE0226
:10EAF000FE02FE02FE02FE02FE02FE02FE02FE0216
:10EB0000FE02FE02FE02FE02FE02FE02FE02FE0205
:10EB1000FE02FE02FE02FE02FE02FE02FE02FE02F5
:10EB2000FE02FE02FE02FE02FE02FE02FE02FE02E5
:10EB3000FE02FE02FE02FE02FE02FE02FE02FE02D5
:10EB4000FE02FE02FE02FE02FE02FE02FE02FE02C5
:10EB5000FE02FE02FE02FE02FE02FE02FE02FE02B5
:10EB6000FE02FE02FE02FE02FE02FE02FE02FE02A5
:10EB7000FE02FE02FE02FE02FE02FE02FE02FE0295
:10EB8000FE02FE02FE02FE02FE02FE02FE02FE0285
:10EB9000FE02FE02FE02FE02FE02FE02FE02FE0275
:10EBA000FE02FE02FE02FE02FE02FE02FE02FE0265
:10EBB000FE02FE02FE02FE02FE02FE02FE02FE0255
:10EBC000FE02FE02FE02FE02FE02FE02FE02FE0245
:10EBD000FE02FE02FE02FE02FE02FE02FE02FE0235
:10EBE000FE02FE02FE02FE02FE02FE02FE02FE0225
:10EBF000FE02FE02FE02FE02FE02FE02FE02FE0215
:10EC0000FE02FE02FE02FE02FE02FE02FE02FE0204
:10EC1000FE02FE02FE02FE02FE02FE02FE02FE02F4
:10EC2000FE02FE02FE02FE02FE02FE02FE02FE02E4
:10EC3000FE02FE02FE02FE02FE02FE02FE02FE02D4
:10EC4000FE02FE02FE02FE02FE02FE02FE02FE02C4
:10EC5000FE02FE02FE02FE02FE02FE02FE02FE02B4
:10EC6000FE02FE02FE02FE02FE02FE02FE02FE02A4
:10EC7000FE02FE02FE02FE02FE02FE02FE02FE0294
:10EC8000FE02FE02FE02FE02FE02FE02FE02FE0284
:10EC9000FE02FE02FE02FE02FE02FE02FE02FE0274
:10ECA000FE02FE02FE02FE02FE02FE02FE02FE0264
:10ECB000FE02FE02FE02FE02FE02FE02FE02FE0254
:10ECC000FE02FE02FE02FE02FE02FE02FE02FE0244
:10ECD000FE02FE02FE02FE02FE02FE02FE02FE0234
:10ECE000FE02FE02FE02FE02FE02FE02FE02FE0224
:10ECF000FE02FE02FE02FE02FE02FE02FE02FE0214
:10ED0000FE02FE02FE02FE02FE02FE02FE02FE0203
:10ED1000FE02FE02FE02FE02FE02FE02FE02FE02F3
:10ED2000FE02FE02FE02FE02FE02FE02FE02FE02E3
:10ED3000FE02FE02FE02FE02FE02FE02FE02FE02D3
:10ED4000FE02FE02FE02FE02FE02FE02FE02FE02C3
:10ED5000FE02FE02FE02FE02FE02FE02FE02FE02B3
:10ED6000FE02FE02FE02FE02FE02FE02FE02FE02A3
:10ED7000FE02FE02FE02FE02FE02FE02FE02FE0293
:10ED8000FE02FE02FE02FE02FE02FE02FE02FE0283
:10ED9000FE02FE02FE02FE02FE02FE02FE02FE0273
:10EDA000FE02FE02FE02FE02FE02FE02FE02FE0263
:10EDB000FE02FE02FE02FE02FE02FE02FE02FE0253
:10EDC000FE02FE02FE02FE02FE02FE02FE02FE0243
:10EDD000FE02FE02FE02FE02FE02FE02FE02FE0233
:10EDE000FE02FE02FE02FE02FE02FE02FE02FE0223
:10EDF000FE02FE02FE02FE02FE02FE02FE02FE0213
:10EE0000FE02FE02FE02FE02FE02FE02FE02FE0202
:10EE1000FE02FE02FE02FE02FE02FE02FE02FE02F2
:10EE2000FE02FE02FE02FE02FE02FE02FE02FE02E2
:10EE3000FE02FE02FE02FE02FE02FE02FE02FE02D2
:10EE4000FE02FE02FE02FE02FE02FE02FE02FE02C2
:10EE5000FE02FE02FE02FE02FE02FE02FE02FE02B2
:10EE6000FE02FE02FE02FE02FE02FE02FE02FE02A2
:10EE7000FE02FE02FE02FE02FE02FE02FE02FE0292
:10EE8000FE02FE02FE02FE02FE02FE02FE02FE0282
:10EE9000FE02FE02FE02FE02FE02FE02FE02FE0272
:10EEA000FE02FE02FE02FE02FE02FE02FE02FE0262
:10EEB000FE02FE02FE02FE02FE02FE02FE02FE0252
:10EEC000FE02FE02FE02FE02FE02FE02FE02FE0242
:10EED000FE02FE02FE02FE02FE02FE02FE02FE0232
:10EEE000FE02FE02FE02FE02FE02FE02FE02FE0222
:10EEF000FE02FE02FE02FE02FE02FE02FE02FE0212
:10EF0000FE02FE02FE02FE02FE02FE02FE02FE0201
:10EF1000FE02FE02FE02FE02FE02FE02FE02FE02F1
:10EF2000FE02FE02FE02FE02FE02FE02FE02FE02E1
:10EF3000FE02FE02FE02FE02FE02FE02FE02FE02D1
:10EF4000FE02FE02FE02FE02FE02FE02FE02FE02C1
:10EF5000FE02FE02FE02FE02FE02FE02FE02FE02B1
:10EF6000FE02FE02FE02FE02FE02FE02FE02FE02A1
:10EF7000FE02FE02FE02FE02FE02FE02FE02FE0291
:10EF8000FE02FE02FE02FE02FE02FE02FE02FE0281
:10EF9000FE02FE02FE02FE02FE02FE02FE02FE0271
:10EFA000FE02FE02FE02FE02FE02FE02FE02FE0261
:10EFB000FE02FE02FE02FE02FE02FE02FE02FE0251
:10EFC000FE02FE02FE02FE02FE02FE02FE02FE0241
:10EFD000FE02FE02FE02FE02FE02FE02FE02FE0231
:10EFE000FE02FE02FE02FE02FE02FE02FE02FE0221
:10EFF000FE02FE02FE02FE02FE02FE02FE02FE0211
:10F00000FE02FE02FE02FE02FE02FE02FE02FE0200
:10F01000FE02FE02FE02FE02FE02FE02FE02FE02F0
:10F02000FE02FE02FE02FE02FE02FE02FE02FE02E0
:10F03000FE02FE02FE02FE02FE02FE02FE02FE02D0
:10F04000FE02FE02FE02FE02FE02FE02FE02FE02C0
:10F05000FE02FE02FE02FE02FE02FE02FE02FE02B0
:10F06000FE02FE02FE02FE02FE02FE02FE02FE02A0
:10F07000FE02FE02FE02FE02FE02FE02FE02FE0290
:10F08000FE02FE02FE02FE02FE02FE02FE02FE0280
:10F09000FE02FE02FE02FE02FE02FE02FE02FE0270
:10F0A000FE02FE02FE02FE02FE02FE02FE02FE0260
:10F0B000FE02FE02FE02FE02FE02FE02FE02FE0250
:10F0C000FE02FE02FE02FE02FE02FE02FE02FE0240
:10F0D000FE02FE02FE02FE02FE02FE02FE02FE0230
:10F0E000FE02FE02FE02FE02FE02FE02FE02FE0220
:10F0F000FE02FE02FE02FE02FE02FE02FE02FE0210
:10F10000FE02FE02FE02FE02FE02FE02FE02FE02FF
:10F11000FE02FE02FE02FE02FE02FE02FE02FE02EF
:10F12000FE02FE02FE02FE02FE02FE02FE02FE02DF
:10F13000FE02FE02FE02FE02FE02FE02FE02FE02CF
:10F14000FE02FE02FE02FE02FE02FE02FE02FE02BF
:10F15000FE02FE02FE02FE02FE02FE02FE02FE02AF
:10F16000FE02FE02FE02FE02FE02FE02FE02FE029F
:10F17000FE02FE02FE02FE02FE02FE02FE02FE028F
:10F18000FE02FE02FE02FE02FE02FE02FE02FE027F
:10F19000FE02FE02FE02FE02FE02FE02FE02FE026F
:10F1A000FE02FE02FE02FE02FE02FE02FE02FE025F
:10F1B000FE02FE02FE02FE02FE02FE02FE02FE024F
:10F1C000FE02FE02FE02FE02FE02FE02FE02FE023F
:10F1D000FE02FE02FE02FE02FE02FE02FE02FE022F
:10F1E000FE02FE02FE02FE02FE02FE02FE02FE021F
:10F1F000FE02FE02FE02FE02FE02FE02FE02FE020F
:10F20000FE02FE02FE02FE02FE02FE02FE02FE02FE
:10F21000FE02FE02FE02FE02FE02FE02FE02FE02EE
:10F22000FE02FE02FE02FE02FE02FE02FE02FE02DE
:10F23000FE02FE02FE02FE02FE02FE02FE02FE02CE
:10F24000FE02FE02FE02FE02FE02FE02FE02FE02BE
:10F25000FE02FE02FE02FE02FE02FE02FE02FE02AE
:10F26000FE02FE02FE02FE02FE02FE02FE02FE029E
:10F27000FE02FE02FE02FE02FE02FE02FE02FE028E
:10F28000FE02FE02FE02FE02FE02FE02FE02FE027E
:10F29000FE02FE02FE02FE02FE02FE02FE02FE026E
:10F2A000FE02FE02FE02FE02FE02FE02FE02FE025E
:10F2B000FE02FE02FE02FE02FE02FE02FE02FE024E
:10F2C000FE02FE02FE02FE02FE02FE02FE02FE023E
:10F2D000FE02FE02FE02FE02FE02FE02FE02FE022E
:10F2E000FE02FE02FE02FE02FE02FE02FE02FE021E
:10F2F000FE02FE02FE02FE02FE02FE02FE02FE020E
:10F30000FE02FE02FE02FE02FE02FE02FE02FE02FD
:10F31000FE02FE02FE02FE02FE02FE02FE02FE02ED
:10F32000FE02FE02FE02FE02FE02FE02FE02FE02DD
:10F33000FE02FE02FE02FE02FE02FE02FE02FE02CD
:10F34000FE02FE02FE02FE02FE02FE02FE02FE02BD
:10F35000FE02FE02FE02FE02FE02FE02FE02FE02AD
:10F36000FE02FE02FE02FE02FE02FE02FE02FE029D
:10F37000FE02FE02FE02FE02FE02FE02FE02FE028D
:10F38000FE02FE02FE02FE02FE02FE02FE02FE027D
:10F39000FE02FE02FE02FE02FE02FE02FE02FE026D
:10F3A000FE02FE02FE02FE02FE02FE02FE02FE025D
:10F3B000FE02FE02FE02FE02FE02FE02FE02FE024D
:10F3C000FE02FE02FE02FE02FE02FE02FE02FE023D
:10F3D000FE02FE02FE02FE02FE02FE02FE02FE022D
:10F3E000FE02FE02FE02FE02FE02FE02FE02FE021D
:10F3F000FE02FE02FE02FE02FE02FE02FE02FE020D
:10F40000FE02FE02FE02FE02FE02FE02FE02FE02FC
:10F41000FE02FE02FE02FE02FE02FE02FE02FE02EC
:10F42000FE02FE02FE02FE02FE02FE02FE02FE02DC
:10F43000FE02FE02FE02FE02FE02FE02FE02FE02CC
:10F44000FE02FE02FE02FE02FE02FE02FE02FE02BC
:10F45000FE02FE02FE02FE02FE02FE02FE02FE02AC
:10F46000FE02FE02FE02FE02FE02FE02FE02FE029C
:10F47000FE02FE02FE02FE02FE02FE02FE02FE028C
:10F48000FE02FE02FE02FE02FE02FE02FE02FE027C
:10F49000FE02FE02FE02FE02FE02FE02FE02FE026C
:10F4A000FE02FE02FE02FE02FE02FE02FE02FE025C
:10F4B000FE02FE02FE02FE02FE02FE02FE02FE024C
:10F4C000FE02FE02FE02FE02FE02FE02FE02FE023C
:10F4D000FE02FE02FE02FE02FE02FE02FE02FE022C
:10F4E000FE02FE02FE02FE02FE02FE02FE02FE021C
:10F4F000FE02FE02FE02FE02FE02FE02FE02FE020C
:10F50000FE02FE02FE02FE02FE02FE02FE02FE02FB
:10F51000FE02FE02FE02FE02FE02FE02FE02FE02EB
:10F52000FE02FE02FE02FE02FE02FE02FE02FE02DB
:10F53000FE02FE02FE02FE02FE02FE02FE02FE02CB
:10F54000FE02FE02FE02FE02FE02FE02FE02FE02BB
:10F55000FE02FE02FE02FE02FE02FE02FE02FE02AB
:10F56000FE02FE02FE02FE02FE02FE02FE02FE029B
:10F57000FE02FE02FE02FE02FE02FE02FE02FE028B
:10F58000FE02FE02FE02FE02FE02FE02FE02FE027B
:10F59000FE02FE02FE02FE02FE02FE02FE02FE026B
:10F5A000FE02FE02FE02FE02FE02FE02FE02FE025B
:10F5B000FE02FE02FE02FE02FE02FE02FE02FE024B
:10F5C000FE02FE02FE02FE02FE02FE02FE02FE023B
:10F5D000FE02FE02FE02FE02FE02FE02FE02FE022B
:10F5E000FE02FE02FE02FE02FE02FE02FE02FE021B
:10F5F000FE02FE02FE02FE02FE02FE02FE02FE020B
:10F60000FE02FE02FE02FE02FE02FE02FE02FE02FA
:10F61000FE02FE02FE02FE02FE02FE02FE02FE02EA
:10F62000FE02FE02FE02FE02FE02FE02FE02FE02DA
:10F63000FE02FE02FE02FE02FE02FE02FE02FE02CA
:10F64000FE02FE02FE02FE02FE02FE02FE02FE02BA
:10F65000FE02FE02FE02FE02FE02FE02FE02FE02AA
:10F66000FE02FE02FE02FE02FE02FE02FE02FE029A
:10F67000FE02FE02FE02FE02FE02FE02FE02FE028A
:10F68000FE02FE02FE02FE02FE02FE02FE02FE027A
:10F69000FE02FE02FE02FE02FE02FE02FE02FE026A
:10F6A000FE02FE02FE02FE02FE02FE02FE02FE025A
:10F6B000FE02FE02FE02FE02FE02FE02FE02FE024A
:10F6C000FE02FE02FE02FE02FE02FE02FE02FE023A
:10F6D000FE02FE02FE02FE02FE02FE02FE02FE022A
:10F6E000FE02FE02FE02FE02FE02FE02FE02FE021A
:10F6F000FE02FE02FE02FE02FE02FE02FE02FE020A
:10F70000FE02FE02FE02FE02FE02FE02FE02FE02F9
:10F71000FE02FE02FE02FE02FE02FE02FE02FE02E9
:10F72000FE02FE02FE02FE02FE02FE02FE02FE02D9
:10F73000FE02FE02FE02FE02FE02FE02FE02FE02C9
:10F74000FE02FE02FE02FE02FE02FE02FE02FE02B9
:10F75000FE02FE02FE02FE02FE02FE02FE02FE02A9
:10F76000FE02FE02FE02FE02FE02FE02FE02FE0299
:10F77000FE02FE02FE02FE02FE02FE02FE02FE0289
:10F78000FE02FE02FE02FE02FE02FE02FE02FE0279
:10F79000FE02FE02FE02FE02FE02FE02FE02FE0269
:10F7A000FE02FE02FE02FE02FE02FE02FE02FE0259
:10F7B000FE02FE02FE02FE02FE02FE02FE02FE0249
:10F7C000FE02FE02FE02FE02FE02FE02FE02FE0239
:10F7D000FE02FE02FE02FE02FE02FE02FE02FE0229
:10F7E000FE02FE02FE02FE02FE02FE02FE02FE0219
:10F7F000FE02FE02FE02FE02FE02FE02FE02FE0209
:10F80000FE02FE02FE02FE02FE02FE02FE02FE02F8
:10F81000FE02FE02FE02FE02FE02FE02FE02FE02E8
:10F82000FE02FE02FE02FE02FE02FE02FE02FE02D8
:10F83000FE02FE02FE02FE02FE02FE02FE02FE02C8
:10F84000FE02FE02FE02FE02FE02FE02FE02FE02B8
:10F85000FE02FE02FE02FE02FE02FE02FE02FE02A8
:10F86000FE02FE02FE02FE02FE02FE02FE02FE0298
:10F87000FE02FE02FE02FE02FE02FE02FE02FE0288
:10F88000FE02FE02FE02FE02FE02FE02FE02FE0278
:10F89000FE02FE02FE02FE02FE02FE02FE02FE0268
:10F8A000FE02FE02FE02FE02FE02FE02FE02FE0258
:10F8B000FE02FE02FE02FE02FE02FE02FE02FE0248
:10F8C000FE02FE02FE02FE02FE02FE02FE02FE0238
:10F8D000FE02FE02FE02FE02FE02FE02FE02FE0228
:10F8E000FE02FE02FE02FE02FE02FE02FE02FE0218
:10F8F000FE02FE02FE02FE02FE02FE02FE02FE0208
:10F90000FE02FE02FE02FE02FE02FE02FE02FE02F7
:10F91000FE02FE02FE02FE02FE02FE02FE02FE02E7
:10F92000FE02FE02FE02FE02FE02FE02FE02FE02D7
:10F93000FE02FE02FE02FE02FE02FE02FE02FE02C7
:10F94000FE02FE02FE02FE02FE02FE02FE02FE02B7
:10F95000FE02FE02FE02FE02FE02FE02FE02FE02A7
:10F96000FE02FE02FE02FE02FE02FE02FE02FE0297
:10F97000FE02FE02FE02FE02FE02FE02FE02FE0287
:10F98000FE02FE02FE02FE02FE02FE02FE02FE0277
:10F99000FE02FE02FE02FE02FE02FE02FE02FE0267
:10F9A000FE02FE02FE02FE02FE02FE02FE02FE0257
:10F9B000FE02FE02FE02FE02FE02FE02FE02FE0247
:10F9C000FE02FE02FE02FE02FE02FE02FE02FE0237
:10F9D000FE02FE02FE02FE02FE02FE02FE02FE0227
:10F9E000FE02FE02FE02FE02FE02FE02FE02FE0217
:10F9F000FE02FE02FE02FE02FE02FE02FE02FE0207
:10FA0000FE02FE02FE02FE02FE02FE02FE02FE02F6
:10FA1000FE02FE02FE02FE02FE02FE02FE02FE02E6
:10FA2000FE02FE02FE02FE02FE02FE02FE02FE02D6
:10FA3000FE02FE02FE02FE02FE02FE02FE02FE02C6
:10FA4000FE02FE02FE02FE02FE02FE02FE02FE02B6
:10FA5000FE02FE02FE02FE02FE02FE02FE02FE02A6
:10FA6000FE02FE02FE02FE02FE02FE02FE02FE0296
:10FA7000FE02FE02FE02FE02FE02FE02FE02FE0286
:10FA8000FE02FE02FE02FE02FE02FE02FE02FE0276
:10FA9000FE02FE02FE02FE02FE02FE02FE02FE0266
:10FAA000FE02FE02FE02FE02FE02FE02FE02FE0256
:10FAB000FE02FE02FE02FE02FE02FE02FE02FE0246
:10FAC000FE02FE02FE02FE02FE02FE02FE02FE0236
:10FAD000FE02FE02FE02FE02FE02FE02FE02FE0226
:10FAE000FE02FE02FE02FE02FE02FE02FE02FE0216
:10FAF000FE02FE02FE02FE02FE02FE02FE02FE0206
:10FB0000FE02FE02FE02FE02FE02FE02FE02FE02F5
:10FB1000FE02FE02FE02FE02FE02FE02FE02FE02E5
:10FB2000FE02FE02FE02FE02FE02FE02FE02FE02D5
:10FB3000FE02FE02FE02FE02FE02FE02FE02FE02C5
:10FB4000FE02FE02FE02FE02FE02FE02FE02FE02B5
:10FB5000FE02FE02FE02FE02FE02FE02FE02FE02A5
:10FB6000FE02FE02FE02FE02FE02FE02FE02FE0295
:10FB7000FE02FE02FE02FE02FE02FE02FE02FE0285
:10FB8000FE02FE02FE02FE02FE02FE02FE02FE0275
:10FB9000FE02FE02FE02FE02FE02FE02FE02FE0265
:10FBA000FE02FE02FE02FE02FE02FE02FE02FE0255
:10FBB000FE02FE02FE02FE02FE02FE02FE02FE0245
:10FBC000FE02FE02FE02FE02FE02FE02FE02FE0235
:10FBD000FE02FE02FE02FE02FE02FE02FE02FE0225
:10FBE000FE02FE02FE02FE02FE02FE02FE02FE0215
:10FBF000FE02FE02FE02FE02FE02FE02FE02FE0205
:10FC0000FE02FE02FE02FE02FE02FE02FE02FE02F4
:10FC1000FE02FE02FE02FE02FE02FE02FE02FE02E4
:10FC2000FE02FE02FE02FE02FE02FE02FE02FE02D4
:10FC3000FE02FE02FE02FE02FE02FE02FE02FE02C4
:10FC4000FE02FE02FE02FE02FE02FE02FE02FE02B4
:10FC5000FE02FE02FE02FE02FE02FE02FE02FE02A4
:10FC6000FE02FE02FE02FE02FE02FE02FE02FE0294
:10FC7000FE02FE02FE02FE02FE02FE02FE02FE0284
:10FC8000FE02FE02FE02FE02FE02FE02FE02FE0274
:10FC9000FE02FE02FE02FE02FE02FE02FE02FE0264
:10FCA000FE02FE02FE02FE02FE02FE02FE02FE0254
:10FCB000FE02FE02FE02FE02FE02FE02FE02FE0244
:10FCC000FE02FE02FE02FE02FE02FE02FE02FE0234
:10FCD000FE02FE02FE02FE02FE02FE02FE02FE0224
:10FCE000FE02FE02FE02FE02FE02FE02FE02FE0214
:10FCF000FE02FE02FE02FE02FE02FE02FE02FE0204
:10FD0000FE02FE02FE02FE02FE02FE02FE02FE02F3
:10FD1000FE02FE02FE02FE02FE02FE02FE02FE02E3
:10FD2000FE02FE02FE02FE02FE02FE02FE02FE02D3
:10FD3000FE02FE02FE02FE02FE02FE02FE02FE02C3
:10FD4000FE02FE02FE02FE02FE02FE02FE02FE02B3
:10FD5000FE02FE02FE02FE02FE02FE02FE02FE02A3
:10FD6000FE02FE02FE02FE02FE02FE02FE02FE0293
:10FD7000FE02FE02FE02FE02FE02FE02FE02FE0283
:10FD8000FE02FE02FE02FE02FE02FE02FE02FE0273
:10FD9000FE02FE02FE02FE02FE02FE02FE02FE0263
:10FDA000FE02FE02FE02FE02FE02FE02FE02FE0253
:10FDB000FE02FE02FE02FE02FE02FE02FE02FE0243
:10FDC000FE02FE02FE02FE02FE02FE02FE02FE0233
:10FDD000FE02FE02FE02FE02FE02FE02FE02FE0223
:10FDE000FE02FE02FE02FE02FE02FE02FE02FE0213
:10FDF000FE02FE02FE02FE02FE02FE02FE02FE0203
:10FE0000FE02FE02FE02FE02FE02FE02FE02FE02F2
:10FE1000FE02FE02FE02FE02FE02FE02FE02FE02E2
:10FE2000FE02FE02FE02FE02FE02FE02FE02FE02D2
:10FE3000FE02FE02FE02FE02FE02FE02FE02FE02C2
:10FE4000FE02FE02FE02FE02FE02FE02FE02FE02B2
:10FE5000FE02FE02FE02FE02FE02FE02FE02FE02A2
:10FE6000FE02FE02FE02FE02FE02FE02FE02FE0292
:10FE7000FE02FE02FE02FE02FE02FE02FE02FE0282
:10FE8000FE02FE02FE02FE02FE02FE02FE02FE0272
:10FE9000FE02FE02FE02FE02FE02FE02FE02FE0262
:10FEA000FE02FE02FE02FE02FE02FE02FE02FE0252
:10FEB000FE02FE02FE02FE02FE02FE02FE02FE0242
:10FEC000FE02FE02FE02FE02FE02FE02FE02FE0232
:10FED000FE02FE02FE02FE02FE02FE02FE02FE0222
:10FEE000FE02FE02FE02FE02FE02FE02FE02FE0212
:10FEF000FE02FE02FE02FE02FE02FE02FE02FE0202
:10FF0000FE02FE02FE02FE02FE02FE02FE02FE02F1
:10FF1000FE02FE02FE02FE02FE02FE02FE02FE02E1
:10FF2000FE02FE02FE02FE02FE02FE02FE02FE02D1
:10FF3000FE02FE02FE02FE02FE02FE02FE02FE02C1
:10FF4000FE02FE02FE02FE02FE02FE02FE02FE02B1
:10FF5000FE02FE02FE02FE02FE02FE02FE02FE02A1
:10FF6000FE02FE02FE02FE02FE02FE02FE02FE0291
:10FF7000FE02FE02FE02FE02FE02FE02FE02FE0281
:10FF8000FE02FE02FE02FE02FE02FE02FE02FE0271
:10FF9000FE02FE02FE02FE02FE02FE02FE02FE0261
:10FFA000FE02FE02FE02FE02FE02FE02FE02FE0251
:10FFB000FE02FE02FE02FE02FE02FE02FE02FE0241
:10FFC000FE02FE02FE02FE02FE02FE02FE02FE0231
:10FFD000FE02FE02FE02FE02FE02FE02FE02FE0221
:10FFE000FE02FE02FE02FE02FE02FE02FE02FE0211
:10FFF000FE02FE02FE02FE02FE02FE02FE02FE0201
:020000040001F9
:10000000FE02FE02FE02FE02FE02FE02FE02FE02F0
:10001000FE02FE02FE02FE02FE02FE02FE02FE02E0
:10002000FE02FE02FE02FE02FE02FE02FE02FE02D0
:10003000FE02FE02FE02FE02FE02FE02FE02FE02C0
:10004000FE02FE02FE02FE02FE02FE02FE02FE02B0
:10005000FE02FE02FE02FE02FE02FE02FE02FE02A0
:10006000FE02FE02FE02FE02FE02FE02FE02FE0290
:10007000FE02FE02FE02FE02FE02FE02FE02FE0280
:10008000FE02FE02FE02FE02FE02FE02FE02FE0270
:10009000FE02FE02FE02FE02FE02FE02FE02FE0260
:1000A000FE02FE02FE02FE02FE02FE02FE02FE0250
:1000B000FE02FE02FE02FE02FE02FE02FE02FE0240
:1000C000FE02FE02FE02FE02FE02FE02FE02FE0230
:1000D000FE02FE02FE02FE02FE02FE02FE02FE0220
:1000E000FE02FE02FE02FE02FE02FE02FE02FE0210
:1000F000FE02FE02FE02FE02FE02FE02FE02FE0200
:10010000FE02FE02FE02FE02FE02FE02FE02FE02EF
:10011000FE02FE02FE02FE02FE02FE02FE02FE02DF
:10012000FE02FE02FE02FE02FE02FE02FE02FE02CF
:10013000FE02FE02FE02FE02FE02FE02FE02FE02BF
:10014000FE02FE02FE02FE02FE02FE02FE02FE02AF
:10015000FE02FE02FE02FE02FE02FE02FE02FE029F
:10016000FE02FE02FE02FE02FE02FE02FE02FE028F
:10017000FE02FE02FE02FE02FE02FE02FE02FE027F
:10018000FE02FE02FE02FE02FE02FE02FE02FE026F
:10019000FE02FE02FE02FE02FE02FE02FE02FE025F
:1001A000FE02FE02FE02FE02FE02FE02FE02FE024F
:1001B000FE02FE02FE02FE02FE02FE02FE02FE023F
:1001C000FE02FE02FE02FE02FE02FE02FE02FE022F
:1001D000FE02FE02FE02FE02FE02FE02FE02FE021F
:1001E000FE02FE02FE02FE02FE02FE02FE02FE020F
:1001F000FE02FE02FE02FE02FE02FE02FE02FE02FF
:10020000FE02FE02FE02FE02FE02FE02FE02FE02EE
:10021000FE02FE02FE02FE02FE02FE02FE02FE02DE
:10022000FE02FE02FE02FE02FE02FE02FE02FE02CE
:10023000FE02FE02FE02FE02FE02FE02FE02FE02BE
:10024000FE02FE02FE02FE02FE02FE02FE02FE02AE
:10025000FE02FE02FE02FE02FE02FE02FE02FE029E
:10026000FE02FE02FE02FE02FE02FE02FE02FE028E
:10027000FE02FE02FE02FE02FE02FE02FE02FE027E
:10028000FE02FE02FE02FE02FE02FE02FE02FE026E
:10029000FE02FE02FE02FE02FE02FE02FE02FE025E
:1002A000FE02FE02FE02FE02FE02FE02FE02FE024E
:1002B000FE02FE02FE02FE02FE02FE02FE02FE023E
:1002C000FE02FE02FE02FE02FE02FE02FE02FE022E
:1002D000FE02FE02FE02FE02FE02FE02FE02FE021E
:1002E000FE02FE02FE02FE02FE02FE02FE02FE020E
:1002F000FE02FE02FE02FE02FE02FE02FE02FE02FE
:10030000FE02FE02FE02FE02FE02FE02FE02FE02ED
:10031000FE02FE02FE02FE02FE02FE02FE02FE02DD
:10032000FE02FE02FE02FE02FE02FE02FE02FE02CD
:10033000FE02FE02FE02FE02FE02FE02FE02FE02BD
:10034000FE02FE02FE02FE02FE02FE02FE02FE02AD
:10035000FE02FE02FE02FE02FE02FE02FE02FE029D
:10036000FE02FE02FE02FE02FE02FE02FE02FE028D
:10037000FE02FE02FE02FE02FE02FE02FE02FE027D
:10038000FE02FE02FE02FE02FE02FE02FE02FE026D
:10039000FE02FE02FE02FE02FE02FE02FE02FE025D
:1003A000FE02FE02FE02FE02FE02FE02FE02FE024D
:1003B000FE02FE02FE02FE02FE02FE02FE02FE023D
:1003C000FE02FE02FE02FE02FE02FE02FE02FE022D
:1003D000FE02FE02FE02FE02FE02FE02FE02FE021D
:1003E000FE02FE02FE02FE02FE02FE02FE02FE020D
:1003F000FE02FE02FE02FE02FE02FE02FE02FE02FD
:10040000FE02FE02FE02FE02FE02FE02FE02FE02EC
:10041000FE02FE02FE02FE02FE02FE02FE02FE02DC
:10042000FE02FE02FE02FE02FE02FE02FE02FE02CC
:10043000FE02FE02FE02FE02FE02FE02FE02FE02BC
:10044000FE02FE02FE02FE02FE02FE02FE02FE02AC
:10045000FE02FE02FE02FE02FE02FE02FE02FE029C
:10046000FE02FE02FE02FE02FE02FE02FE02FE028C
:10047000FE02FE02FE02FE02FE02FE02FE02FE027C
:10048000FE02FE02FE02FE02FE02FE02FE02FE026C
:10049000FE02FE02FE02FE02FE02FE02FE02FE025C
:1004A000FE02FE02FE02FE02FE02FE02FE02FE024C
:1004B000FE02FE02FE02FE02FE02FE02FE02FE023C
:1004C000FE02FE02FE02FE02FE02FE02FE02FE022C
:1004D000FE02FE02FE02FE02FE02FE02FE02FE021C
:1004E000FE02FE02FE02FE02FE02FE02FE02FE020C
:1004F000FE02FE02FE02FE02FE02FE02FE02FE02FC
:10050000FE02FE02FE02FE02FE02FE02FE02FE02EB
:10051000FE02FE02FE02FE02FE02FE02FE02FE02DB
:10052000FE02FE02FE02FE02FE02FE02FE02FE02CB
:10053000FE02FE02FE02FE02FE02FE02FE02FE02BB
:10054000FE02FE02FE02FE02FE02FE02FE02FE02AB
:10055000FE02FE02FE02FE02FE02FE02FE02FE029B
:10056000FE02FE02FE02FE02FE02FE02FE02FE028B
:10057000FE02FE02FE02FE02FE02FE02FE02FE027B
:10058000FE02FE02FE02FE02FE02FE02FE02FE026B
:10059000FE02FE02FE02FE02FE02FE02FE02FE025B
:1005A000FE02FE02FE02FE02FE02FE02FE02FE024B
:1005B000FE02FE02FE02FE02FE02FE02FE02FE023B
:1005C000FE02FE02FE02FE02FE02FE02FE02FE022B
:1005D000FE02FE02FE02FE02FE02FE02FE02FE021B
:1005E000FE02FE02FE02FE02FE02FE02FE02FE020B
:1005F000FE02FE02FE02FE02FE02FE02FE02FE02FB
:10060000FE02FE02FE02FE02FE02FE02FE02FE02EA
:10061000FE02FE02FE02FE02FE02FE02FE02FE02DA
:10062000FE02FE02FE02FE02FE02FE02FE02FE02CA
:10063000FE02FE02FE02FE02FE02FE02FE02FE02BA
:10064000FE02FE02FE02FE02FE02FE02FE02FE02AA
:10065000FE02FE02FE02FE02FE02FE02FE02FE029A
:10066000FE02FE02FE02FE02FE02FE02FE02FE028A
:10067000FE02FE02FE02FE02FE02FE02FE02FE027A
:10068000FE02FE02FE02FE02FE02FE02FE02FE026A
:10069000FE02FE02FE02FE02FE02FE02FE02FE025A
:1006A000FE02FE02FE02FE02FE02FE02FE02FE024A
:1006B000FE02FE02FE02FE02FE02FE02FE02FE023A
:1006C000FE02FE02FE02FE02FE02FE02FE02FE022A
:1006D000FE02FE02FE02FE02FE02FE02FE02FE021A
:1006E000FE02FE02FE02FE02FE02FE02FE02FE020A
:1006F000FE02FE02FE02FE02FE02FE02FE02FE02FA
:10070000FE02FE02FE02FE02FE02FE02FE02FE02E9
:10071000FE02FE02FE02FE02FE02FE02FE02FE02D9
:10072000FE02FE02FE02FE02FE02FE02FE02FE02C9
:10073000FE02FE02FE02FE02FE02FE02FE02FE02B9
:10074000FE02FE02FE02FE02FE02FE02FE02FE02A9
:10075000FE02FE02FE02FE02FE02FE02FE02FE0299
:10076000FE02FE02FE02FE02FE02FE02FE02FE0289
:10077000FE02FE02FE02FE02FE02FE02FE02FE0279
:10078000FE02FE02FE02FE02FE02FE02FE02FE0269
:10079000FE02FE02FE02FE02FE02FE02FE02FE0259
:1007A000FE02FE02FE02FE02FE02FE02FE02FE0249
:1007B000FE02FE02FE02FE02FE02FE02FE02FE0239
:1007C000FE02FE02FE02FE02FE02FE02FE02FE0229
:1007D000FE02FE02FE02FE02FE02FE02FE02FE0219
:1007E000FE02FE02FE02FE02FE02FE02FE02FE0209
:1007F000FE02FE02FE02FE02FE02FE02FE02FE02F9
:10080000FE02FE02FE02FE02FE02FE02FE02FE02E8
:10081000FE02FE02FE02FE02FE02FE02FE02FE02D8
:10082000FE02FE02FE02FE02FE02FE02FE02FE02C8
:10083000FE02FE02FE02FE02FE02FE02FE02FE02B8
:10084000FE02FE02FE02FE02FE02FE02FE02FE02A8
:10085000FE02FE02FE02FE02FE02FE02FE02FE0298
:10086000FE02FE02FE02FE02FE02FE02FE02FE0288
:10087000FE02FE02FE02FE02FE02FE02FE02FE0278
:10088000FE02FE02FE02FE02FE02FE02FE02FE0268
:10089000FE02FE02FE02FE02FE02FE02FE02FE0258
:1008A000FE02FE02FE02FE02FE02FE02FE02FE0248
:1008B000FE02FE02FE02FE02FE02FE02FE02FE0238
:1008C000FE02FE02FE02FE02FE02FE02FE02FE0228
:1008D000FE02FE02FE02FE02FE02FE02FE02FE0218
:1008E000FE02FE02FE02FE02FE02FE02FE02FE0208
:1008F000FE02FE02FE02FE02FE02FE02FE02FE02F8
:10090000FE02FE02FE02FE02FE02FE02FE02FE02E7
:10091000FE02FE02FE02FE02FE02FE02FE02FE02D7
:10092000FE02FE02FE02FE02FE02FE02FE02FE02C7
:10093000FE02FE02FE02FE02FE02FE02FE02FE02B7
:10094000FE02FE02FE02FE02FE02FE02FE02FE02A7
:10095000FE02FE02FE02FE02FE02FE02FE02FE0297
:10096000FE02FE02FE02FE02FE02FE02FE02FE0287
:10097000FE02FE02FE02FE02FE02FE02FE02FE0277
:10098000FE02FE02FE02FE02FE02FE02FE02FE0267
:10099000FE02FE02FE02FE02FE02FE02FE02FE0257
:1009A000FE02FE02FE02FE02FE02FE02FE02FE0247
:1009B000FE02FE02FE02FE02FE02FE02FE02FE0237
:1009C000FE02FE02FE02FE02FE02FE02FE02FE0227
:1009D000FE02FE02FE02FE02FE02FE02FE02FE0217
:1009E000FE02FE02FE02FE02FE02FE02FE02FE0207
:1009F000FE02FE02FE02FE02FE02FE02FE02FE02F7
:100A0000FE02FE02FE02FE02FE02FE02FE02FE02E6
:100A1000FE02FE02FE02FE02FE02FE02FE02FE02D6
:100A2000FE02FE02FE02FE02FE02FE02FE02FE02C6
:100A3000FE02FE02FE02FE02FE02FE02FE02FE02B6
:100A4000FE02FE02FE02FE02FE02FE02FE02FE02A6
:100A5000FE02FE02FE02FE02FE02FE02FE02FE0296
:100A6000FE02FE02FE02FE02FE02FE02FE02FE0286
:100A7000FE02FE02FE02FE02FE02FE02FE02FE0276
:100A8000FE02FE02FE02FE02FE02FE02FE02FE0266
:100A9000FE02FE02FE02FE02FE02FE02FE02FE0256
:100AA000FE02FE02FE02FE02FE02FE02FE02FE0246
:100AB000FE02FE02FE02FE02FE02FE02FE02FE0236
:100AC000FE02FE02FE02FE02FE02FE02FE02FE0226
:100AD000FE02FE02FE02FE02FE02FE02FE02FE0216
:100AE000FE02FE02FE02FE02FE02FE02FE02FE0206
:100AF000FE02FE02FE02FE02FE02FE02FE02FE02F6
:100B0000FE02FE02FE02FE02FE02FE02FE02FE02E5
:100B1000FE02FE02FE02FE02FE02FE02FE02FE02D5
:100B2000FE02FE02FE02FE02FE02FE02FE02FE02C5
:100B3000FE02FE02FE02FE02FE02FE02FE02FE02B5
:100B4000FE02FE02FE02FE02FE02FE02FE02FE02A5
:100B5000FE02FE02FE02FE02FE02FE02FE02FE0295
:100B6000FE02FE02FE02FE02FE02FE02FE02FE0285
:100B7000FE02FE02FE02FE02FE02FE02FE02FE0275
:100B8000FE02FE02FE02FE02FE02FE02FE02FE0265
:100B9000FE02FE02FE02FE02FE02FE02FE02FE0255
:100BA000FE02FE02FE02FE02FE02FE02FE02FE0245
:100BB000FE02FE02FE02FE02FE02FE02FE02FE0235
:100BC000FE02FE02FE02FE02FE02FE02FE02FE0225
:100BD000FE02FE02FE02FE02FE02FE02FE02FE0215
:100BE000FE02FE02FE02FE02FE02FE02FE02FE0205
:100BF000FE02FE02FE02FE02FE02FE02FE02FE02F5
:100C0000FE02FE02FE02FE02FE02FE02FE02FE02E4
:100C1000FE02FE02FE02FE02FE02FE02FE02FE02D4
:100C2000FE02FE02FE02FE02FE02FE02FE02FE02C4
:100C3000FE02FE02FE02FE02FE02FE02FE02FE02B4
:100C4000FE02FE02FE02FE02FE02FE02FE02FE02A4
:100C5000FE02FE02FE02FE02FE02FE02FE02FE0294
:100C6000FE02FE02FE02FE02FE02FE02FE02FE0284
:100C7000FE02FE02FE02FE02FE02FE02FE02FE0274
:100C8000FE02FE02FE02FE02FE02FE02FE02FE0264
:100C9000FE02FE02FE02FE02FE02FE02FE02FE0254
:100CA000FE02FE02FE02FE02FE02FE02FE02FE0244
:100CB000FE02FE02FE02FE02FE02FE02FE02FE0234
:100CC000FE02FE02FE02FE02FE02FE02FE02FE0224
:100CD000FE02FE02FE02FE02FE02FE02FE02FE0214
:100CE000FE02FE02FE02FE02FE02FE02FE02FE0204
:100CF000FE02FE02FE02FE02FE02FE02FE02FE02F4
:100D0000FE02FE02FE02FE02FE02FE02FE02FE02E3
:100D1000FE02FE02FE02FE02FE02FE02FE02FE02D3
:100D2000FE02FE02FE02FE02FE02FE02FE02FE02C3
:100D3000FE02FE02FE02FE02FE02FE02FE02FE02B3
:100D4000FE02FE02FE02FE02FE02FE02FE02FE02A3
:100D5000FE02FE02FE02FE02FE02FE02FE02FE0293
:100D6000FE02FE02FE02FE02FE02FE02FE02FE0283
:100D7000FE02FE02FE02FE02FE02FE02FE02FE0273
:100D8000FE02FE02FE02FE02FE02FE02FE02FE0263
:100D9000FE02FE02FE02FE02FE02FE02FE02FE0253
:100DA000FE02FE02FE02FE02FE02FE02FE02FE0243
:100DB000FE02FE02FE02FE02FE02FE02FE02FE0233
:100DC000FE02FE02FE02FE02FE02FE02FE02FE0223
:100DD000FE02FE02FE02FE02FE02FE02FE02FE0213
:100DE000FE02FE02FE02FE02FE02FE02FE02FE0203
:100DF000FE02FE02FE02FE02FE02FE02FE02FE02F3
:100E0000FE02FE02FE02FE02FE02FE02FE02FE02E2
:100E1000FE02FE02FE02FE02FE02FE02FE02FE02D2
:100E2000FE02FE02FE02FE02FE02FE02FE02FE02C2
:100E3000FE02FE02FE02FE02FE02FE02FE02FE02B2
:100E4000FE02FE02FE02FE02FE02FE02FE02FE02A2
:100E5000FE02FE02FE02FE02FE02FE02FE02FE0292
:100E6000FE02FE02FE02FE02FE02FE02FE02FE0282
:100E7000FE02FE02FE02FE02FE02FE02FE02FE0272
:100E8000FE02FE02FE02FE02FE02FE02FE02FE0262
:100E9000FE02FE02FE02FE02FE02FE02FE02FE0252
:100EA000FE02FE02FE02FE02FE02FE02FE02FE0242
:100EB000FE02FE02FE02FE02FE02FE02FE02FE0232
:100EC000FE02FE02FE02FE02FE02FE02FE02FE0222
:100ED000FE02FE02FE02FE02FE02FE02FE02FE0212
:100EE000FE02FE02FE02FE02FE02FE02FE02FE0202
:100EF000FE02FE02FE02FE02FE02FE02FE02FE02F2
:100F0000FE02FE02FE02FE02FE02FE02FE02FE02E1
:100F1000FE02FE02FE02FE02FE02FE02FE02FE02D1
:100F2000FE02FE02FE02FE02FE02FE02FE02FE02C1
:100F3000FE02FE02FE02FE02FE02FE02FE02FE02B1
:100F4000FE02FE02FE02FE02FE02FE02FE02FE02A1
:100F5000FE02FE02FE02FE02FE02FE02FE02FE0291
:100F6000FE02FE02FE02FE02FE02FE02FE02FE0281
:100F7000FE02FE02FE02FE02FE02FE02FE02FE0271
:100F8000FE02FE02FE02FE02FE02FE02FE02FE0261
:100F9000FE02FE02FE02FE02FE02FE02FE02FE0251
:100FA000FE02FE02FE02FE02FE02FE02FE02FE0241
:100FB000FE02FE02FE02FE02FE02FE02FE02FE0231
:100FC000FE02FE02FE02FE02FE02FE02FE02FE0221
:100FD000FE02FE02FE02FE02FE02FE02FE02FE0211
:100FE000FE02FE02FE02FE02FE02FE02FE02FE0201
:100FF000FE02FE02FE02FE02FE02FE02FE02FE02F1
:10100000FE02FE02FE02FE02FE02FE02FE02FE02E0
:10101000FE02FE02FE02FE02FE02FE02FE02FE02D0
:10102000FE02FE02FE02FE02FE02FE02FE02FE02C0
:10103000FE02FE02FE02FE02FE02FE02FE02FE02B0
:10104000FE02FE02FE02FE02FE02FE02FE02FE02A0
:10105000FE02FE02FE02FE02FE02FE02FE02FE0290
:10106000FE02FE02FE02FE02FE02FE02FE02FE0280
:10107000FE02FE02FE02FE02FE02FE02FE02FE0270
:10108000FE02FE02FE02FE02FE02FE02FE02FE0260
:10109000FE02FE02FE02FE02FE02FE02FE02FE0250
:1010A000FE02FE02FE02FE02FE02FE02FE02FE0240
:1010B000FE02FE02FE02FE02FE02FE02FE02FE0230
:1010C000FE02FE02FE02FE02FE02FE02FE02FE0220
:1010D000FE02FE02FE02FE02FE02FE02FE02FE0210
:1010E000FE02FE02FE02FE02FE02FE02FE02FE0200
:1010F000FE02FE02FE02FE02FE02FE02FE02FE02F0
:10110000FE02FE02FE02FE02FE02FE02FE02FE02DF
:10111000FE02FE02FE02FE02FE02FE02FE02FE02CF
:10112000FE02FE02FE02FE02FE02FE02FE02FE02BF
:10113000FE02FE02FE02FE02FE02FE02FE02FE02AF
:10114000FE02FE02FE02FE02FE02FE02FE02FE029F
:10115000FE02FE02FE02FE02FE02FE02FE02FE028F
:10116000FE02FE02FE02FE02FE02FE02FE02FE027F
:10117000FE02FE02FE02FE02FE02FE02FE02FE026F
:10118000FE02FE02FE02FE02FE02FE02FE02FE025F
:10119000FE02FE02FE02FE02FE02FE02FE02FE024F
:1011A000FE02FE02FE02FE02FE02FE02FE02FE023F
:1011B000FE02FE02FE02FE02FE02FE02FE02FE022F
:1011C000FE02FE02FE02FE02FE02FE02FE02FE021F
:1011D000FE02FE02FE02FE02FE02FE02FE02FE020F
:1011E000FE02FE02FE02FE02FE02FE02FE02FE02FF
:1011F000FE02FE02FE02FE02FE02FE02FE02FE02EF
:10120000FE02FE02FE02FE02FE02FE02FE02FE02DE
:10121000FE02FE02FE02FE02FE02FE02FE02FE02CE
:10122000FE02FE02FE02FE02FE02FE02FE02FE02BE
:10123000FE02FE02FE02FE02FE02FE02FE02FE02AE
:10124000FE02FE02FE02FE02FE02FE02FE02FE029E
:10125000FE02FE02FE02FE02FE02FE02FE02FE028E
:10126000FE02FE02FE02FE02FE02FE02FE02FE027E
:10127000FE02FE02FE02FE02FE02FE02FE02FE026E
:10128000FE02FE02FE02FE02FE02FE02FE02FE025E
:10129000FE02FE02FE02FE02FE02FE02FE02FE024E
:1012A000FE02FE02FE02FE02FE02FE02FE02FE023E
:1012B000FE02FE02FE02FE02FE02FE02FE02FE022E
:1012C000FE02FE02FE02FE02FE02FE02FE02FE021E
:1012D000FE02FE02FE02FE02FE02FE02FE02FE020E
:1012E000FE02FE02FE02FE02FE02FE02FE02FE02FE
:1012F000FE02FE02FE02FE02FE02FE02FE02FE02EE
:10130000FE02FE02FE02FE02FE02FE02FE02FE02DD
:10131000FE02FE02FE02FE02FE02FE02FE02FE02CD
:10132000FE02FE02FE02FE02FE02FE02FE02FE02BD
:10133000FE02FE02FE02FE02FE02FE02FE02FE02AD
:10134000FE02FE02FE02FE02FE02FE02FE02FE029D
:10135000FE02FE02FE02FE02FE02FE02FE02FE028D
:10136000FE02FE02FE02FE02FE02FE02FE02FE027D
:10137000FE02FE02FE02FE02FE02FE02FE02FE026D
:10138000FE02FE02FE02FE02FE02FE02FE02FE025D
:10139000FE02FE02FE02FE02FE02FE02FE02FE024D
:1013A000FE02FE02FE02FE02FE02FE02FE02FE023D
:1013B000FE02FE02FE02FE02FE02FE02FE02FE022D
:1013C000FE02FE02FE02FE02FE02FE02FE02FE021D
:1013D000FE02FE02FE02FE02FE02FE02FE02FE020D
:1013E000FE02FE02FE02FE02FE02FE02FE02FE02FD
:1013F000FE02FE02FE02FE02FE02FE02FE02FE02ED
:10140000FE02FE02FE02FE02FE02FE02FE02FE02DC
:10141000FE02FE02FE02FE02FE02FE02FE02FE02CC
:10142000FE02FE02FE02FE02FE02FE02FE02FE02BC
:10143000FE02FE02FE02FE02FE02FE02FE02FE02AC
:10144000FE02FE02FE02FE02FE02FE02FE02FE029C
:10145000FE02FE02FE02FE02FE02FE02FE02FE028C
:10146000FE02FE02FE02FE02FE02FE02FE02FE027C
:10147000FE02FE02FE02FE02FE02FE02FE02FE026C
:10148000FE02FE02FE02FE02FE02FE02FE02FE025C
:10149000FE02FE02FE02FE02FE02FE02FE02FE024C
:1014A000FE02FE02FE02FE02FE02FE02FE02FE023C
:1014B000FE02FE02FE02FE02FE02FE02FE02FE022C
:1014C000FE02FE02FE02FE02FE02FE02FE02FE021C
:1014D000FE02FE02FE02FE02FE02FE02FE02FE020C
:1014E000FE02FE02FE02FE02FE02FE02FE02FE02FC
:1014F000FE02FE02FE02FE02FE02FE02FE02FE02EC
:10150000FE02FE02FE02FE02FE02FE02FE02FE02DB
:10151000FE02FE02FE02FE02FE02FE02FE02FE02CB
:10152000FE02FE02FE02FE02FE02FE02FE02FE02BB
:10153000FE02FE02FE02FE02FE02FE02FE02FE02AB
:10154000FE02FE02FE02FE02FE02FE02FE02FE029B
:10155000FE02FE02FE02FE02FE02FE02FE02FE028B
:10156000FE02FE02FE02FE02FE02FE02FE02FE027B
:10157000FE02FE02FE02FE02FE02FE02FE02FE026B
:10158000FE02FE02FE02FE02FE02FE02FE02FE025B
:10159000FE02FE02FE02FE02FE02FE02FE02FE024B
:1015A000FE02FE02FE02FE02FE02FE02FE02FE023B
:1015B000FE02FE02FE02FE02FE02FE02FE02FE022B
:1015C000FE02FE02FE02FE02FE02FE02FE02FE021B
:1015D000FE02FE02FE02FE02FE02FE02FE02FE020B
:1015E000FE02FE02FE02FE02FE02FE02FE02FE02FB
:1015F000FE02FE02FE02FE02FE02FE02FE02FE02EB
:10160000FE02FE02FE02FE02FE02FE02FE02FE02DA
:10161000FE02FE02FE02FE02FE02FE02FE02FE02CA
:10162000FE02FE02FE02FE02FE02FE02FE02FE02BA
:10163000FE02FE02FE02FE02FE02FE02FE02FE02AA
:10164000FE02FE02FE02FE02FE02FE02FE02FE029A
:10165000FE02FE02FE02FE02FE02FE02FE02FE028A
:10166000FE02FE02FE02FE02FE02FE02FE02FE027A
:10167000FE02FE02FE02FE02FE02FE02FE02FE026A
:10168000FE02FE02FE02FE02FE02FE02FE02FE025A
:10169000FE02FE02FE02FE02FE02FE02FE02FE024A
:1016A000FE02FE02FE02FE02FE02FE02FE02FE023A
:1016B000FE02FE02FE02FE02FE02FE02FE02FE022A
:1016C000FE02FE02FE02FE02FE02FE02FE02FE021A
:1016D000FE02FE02FE02FE02FE02FE02FE02FE020A
:1016E000FE02FE02FE02FE02FE02FE02FE02FE02FA
:1016F000FE02FE02FE02FE02FE02FE02FE02FE02EA
:10170000FE02FE02FE02FE02FE02FE02FE02FE02D9
:10171000FE02FE02FE02FE02FE02FE02FE02FE02C9
:10172000FE02FE02FE02FE02FE02FE02FE02FE02B9
:10173000FE02FE02FE02FE02FE02FE02FE02FE02A9
:10174000FE02FE02FE02FE02FE02FE02FE02FE0299
:10175000FE02FE02FE02FE02FE02FE02FE02FE0289
:10176000FE02FE02FE02FE02FE02FE02FE02FE0279
:10177000FE02FE02FE02FE02FE02FE02FE02FE0269
:10178000FE02FE02FE02FE02FE02FE02FE02FE0259
:10179000FE02FE02FE02FE02FE02FE02FE02FE0249
:1017A000FE02FE02FE02FE02FE02FE02FE02FE0239
:1017B000FE02FE02FE02FE02FE02FE02FE02FE0229
:1017C000FE02FE02FE02FE02FE02FE02FE02FE0219
:1017D000FE02FE02FE02FE02FE02FE02FE02FE0209
:1017E000FE02FE02FE02FE02FE02FE02FE02FE02F9
:1017F000FE02FE02FE02FE02FE02FE02FE02FE02E9
:10180000FE02FE02FE02FE02FE02FE02FE02FE02D8
:10181000FE02FE02FE02FE02FE02FE02FE02FE02C8
:10182000FE02FE02FE02FE02FE02FE02FE02FE02B8
:10183000FE02FE02FE02FE02FE02FE02FE02FE02A8
:10184000FE02FE02FE02FE02FE02FE02FE02FE0298
:10185000FE02FE02FE02FE02FE02FE02FE02FE0288
:10186000FE02FE02FE02FE02FE02FE02FE02FE0278
:10187000FE02FE02FE02FE02FE02FE02FE02FE0268
:10188000FE02FE02FE02FE02FE02FE02FE02FE0258
:10189000FE02FE02FE02FE02FE02FE02FE02FE0248
:1018A000FE02FE02FE02FE02FE02FE02FE02FE0238
:1018B000FE02FE02FE02FE02FE02FE02FE02FE0228
:1018C000FE02FE02FE02FE02FE02FE02FE02FE0218
:1018D000FE02FE02FE02FE02FE02FE02FE02FE0208
:1018E000FE02FE02FE02FE02FE02FE02FE02FE02F8
:1018F000FE02FE02FE02FE02FE02FE02FE02FE02E8
:10190000FE02FE02FE02FE02FE02FE02FE02FE02D7
:10191000FE02FE02FE02FE02FE02FE02FE02FE02C7
:10192000FE02FE02FE02FE02FE02FE02FE02FE02B7
:10193000FE02FE02FE02FE02FE02FE02FE02FE02A7
:10194000FE02FE02FE02FE02FE02FE02FE02FE0297
:10195000FE02FE02FE02FE02FE02FE02FE02FE0287
:10196000FE02FE02FE02FE02FE02FE02FE02FE0277
:10197000FE02FE02FE02FE02FE02FE02FE02FE0267
:10198000FE02FE02FE02FE02FE02FE02FE02FE0257
:10199000FE02FE02FE02FE02FE02FE02FE02FE0247
:1019A000FE02FE02FE02FE02FE02FE02FE02FE0237
:1019B000FE02FE02FE02FE02FE02FE02FE02FE0227
:1019C000FE02FE02FE02FE02FE02FE02FE02FE0217
:1019D000FE02FE02FE02FE02FE02FE02FE02FE0207
:1019E000FE02FE02FE02FE02FE02FE02FE02FE02F7
:1019F000FE02FE02FE02FE02FE02FE02FE02FE02E7
:101A0000FE02FE02FE02FE02FE02FE02FE02FE02D6
:101A1000FE02FE02FE02FE02FE02FE02FE02FE02C6
:101A2000FE02FE02FE02FE02FE02FE02FE02FE02B6
:101A3000FE02FE02FE02FE02FE02FE02FE02FE02A6
:101A4000FE02FE02FE02FE02FE02FE02FE02FE0296
:101A5000FE02FE02FE02FE02FE02FE02FE02FE0286
:101A6000FE02FE02FE02FE02FE02FE02FE02FE0276
:101A7000FE02FE02FE02FE02FE02FE02FE02FE0266
:101A8000FE02FE02FE02FE02FE02FE02FE02FE0256
:101A9000FE02FE02FE02FE02FE02FE02FE02FE0246
:101AA000FE02FE02FE02FE02FE02FE02FE02FE0236
:101AB000FE02FE02FE02FE02FE02FE02FE02FE0226
:101AC000FE02FE02FE02FE02FE02FE02FE02FE0216
:101AD000FE02FE02FE02FE02FE02FE02FE02FE0206
:101AE000FE02FE02FE02FE02FE02FE02FE02FE02F6
:101AF000FE02FE02FE02FE02FE02FE02FE02FE02E6
:101B0000FE02FE02FE02FE02FE02FE02FE02FE02D5
:101B1000FE02FE02FE02FE02FE02FE02FE02FE02C5
:101B2000FE02FE02FE02FE02FE02FE02FE02FE02B5
:101B3000FE02FE02FE02FE02FE02FE02FE02FE02A5
:101B4000FE02FE02FE02FE02FE02FE02FE02FE0295
:101B5000FE02FE02FE02FE02FE02FE02FE02FE0285
:101B6000FE02FE02FE02FE02FE02FE02FE02FE0275
:101B7000FE02FE02FE02FE02FE02FE02FE02FE0265
:101B8000FE02FE02FE02FE02FE02FE02FE02FE0255
:101B9000FE02FE02FE02FE02FE02FE02FE02FE0245
:101BA000FE02FE02FE02FE02FE02FE02FE02FE0235
:101BB000FE02FE02FE02FE02FE02FE02FE02FE0225
:101BC000FE02FE02FE02FE02FE02FE02FE02FE0215
:101BD000FE02FE02FE02FE02FE02FE02FE02FE0205
:101BE000FE02FE02FE02FE02FE02FE02FE02FE02F5
:101BF000FE02FE02FE02FE02FE02FE02FE02FE02E5
:101C0000FE02FE02FE02FE02FE02FE02FE02FE02D4
:101C1000FE02FE02FE02FE02FE02FE02FE02FE02C4
:101C2000FE02FE02FE02FE02FE02FE02FE02FE02B4
:101C3000FE02FE02FE02FE02FE02FE02FE02FE02A4
:101C4000FE02FE02FE02FE02FE02FE02FE02FE0294
:101C5000FE02FE02FE02FE02FE02FE02FE02FE0284
:101C6000FE02FE02FE02FE02FE02FE02FE02FE0274
:101C7000FE02FE02FE02FE02FE02FE02FE02FE0264
:101C8000FE02FE02FE02FE02FE02FE02FE02FE0254
:101C9000FE02FE02FE02FE02FE02FE02FE02FE0244
:101CA000FE02FE02FE02FE02FE02FE02FE02FE0234
:101CB000FE02FE02FE02FE02FE02FE02FE02FE0224
:101CC000FE02FE02FE02FE02FE02FE02FE02FE0214
:101CD000FE02FE02FE02FE02FE02FE02FE02FE0204
:101CE000FE02FE02FE02FE02FE02FE02FE02FE02F4
:101CF000FE02FE02FE02FE02FE02FE02FE02FE02E4
:101D0000FE02FE02FE02FE02FE02FE02FE02FE02D3
:101D1000FE02FE02FE02FE02FE02FE02FE02FE02C3
:101D2000FE02FE02FE02FE02FE02FE02FE02FE02B3
:101D3000FE02FE02FE02FE02FE02FE02FE02FE02A3
:101D4000FE02FE02FE02FE02FE02FE02FE02FE0293
:101D5000FE02FE02FE02FE02FE02FE02FE02FE0283
:101D6000FE02FE02FE02FE02FE02FE02FE02FE0273
:101D7000FE02FE02FE02FE02FE02FE02FE02FE0263
:101D8000FE02FE02FE02FE02FE02FE02FE02FE0253
:101D9000FE02FE02FE02FE02FE02FE02FE02FE0243
:101DA000FE02FE02FE02FE02FE02FE02FE02FE0233
:101DB000FE02FE02FE02FE02FE02FE02FE02FE0223
:101DC000FE02FE02FE02FE02FE02FE02FE02FE0213
:101DD000FE02FE02FE02FE02FE02FE02FE02FE0203
:101DE000FE02FE02FE02FE02FE02FE02FE02FE02F3
:101DF000FE02FE02FE02FE02FE02FE02FE02FE02E3
:101E0000FE02FE02FE02FE02FE02FE02FE02FE02D2
:101E1000FE02FE02FE02FE02FE02FE02FE02FE02C2
:101E2000FE02FE02FE02FE02FE02FE02FE02FE02B2
:101E3000FE02FE02FE02FE02FE02FE02FE02FE02A2
:101E4000FE02FE02FE02FE02FE02FE02FE02FE0292
:101E5000FE02FE02FE02FE02FE02FE02FE02FE0282
:101E6000FE02FE02FE02FE02FE02FE02FE02FE0272
:101E7000FE02FE02FE02FE02FE02FE02FE02FE0262
:101E8000FE02FE02FE02FE02FE02FE02FE02FE0252
:101E9000FE02FE02FE02FE02FE02FE02FE02FE0242
:101EA000FE02FE02FE02FE02FE02FE02FE02FE0232
:101EB000FE02FE02FE02FE02FE02FE02FE02FE0222
:101EC000FE02FE02FE02FE02FE02FE02FE02FE0212
:101ED000FE02FE02FE02FE02FE02FE02FE02FE0202
:101EE000FE02FE02FE02FE02FE02FE02FE02FE02F2
:101EF000FE02FE02FE02FE02FE02FE02FE02FE02E2
:101F0000FE02FE02FE02FE02FE02FE02FE02FE02D1
:101F1000FE02FE02FE02FE02FE02FE02FE02FE02C1
:101F2000FE02FE02FE02FE02FE02FE02FE02FE02B1
:101F3000FE02FE02FE02FE02FE02FE02FE02FE02A1
:101F4000FE02FE02FE02FE02FE02FE02FE02FE0291
:101F5000FE02FE02FE02FE02FE02FE02FE02FE0281
:101F6000FE02FE02FE02FE02FE02FE02FE02FE0271
:101F7000FE02FE02FE02FE02FE02FE02FE02FE0261
:101F8000FE02FE02FE02FE02FE02FE02FE02FE0251
:101F9000FE02FE02FE02FE02FE02FE02FE02FE0241
:101FA000FE02FE02FE02FE02FE02FE02FE02FE0231
:101FB000FE02FE02FE02FE02FE02FE02FE02FE0221
:101FC000FE02FE02FE02FE02FE02FE02FE02FE0211
:101FD000FE02FE02FE02FE02FE02FE02FE02FE0201
:101FE000FE02FE02FE02FE02FE02FE02FE02FE02F1
:101FF000FE02FE02FE02FE02FE02FE02FE02FE02E1
:10200000FE02FE02FE02FE02FE02FE02FE02FE02D0
:10201000FE02FE02FE02FE02FE02FE02FE02FE02C0
:10202000FE02FE02FE02FE02FE02FE02FE02FE02B0
:10203000FE02FE02FE02FE02FE02FE02FE02FE02A0
:10204000FE02FE02FE02FE02FE02FE02FE02FE0290
:10205000FE02FE02FE02FE02FE02FE02FE02FE0280
:10206000FE02FE02FE02FE02FE02FE02FE02FE0270
:10207000FE02FE02FE02FE02FE02FE02FE02FE0260
:10208000FE02FE02FE02FE02FE02FE02FE02FE0250
:10209000FE02FE02FE02FE02FE02FE02FE02FE0240
:1020A000FE02FE02FE02FE02FE02FE02FE02FE0230
:1020B000FE02FE02FE02FE02FE02FE02FE02FE0220
:1020C000FE02FE02FE02FE02FE02FE02FE02FE0210
:1020D000FE02FE02FE02FE02FE02FE02FE02FE0200
:1020E000FE02FE02FE02FE02FE02FE02FE02FE02F0
:1020F000FE02FE02FE02FE02FE02FE02FE02FE02E0
:10210000FE02FE02FE02FE02FE02FE02FE02FE02CF
:10211000FE02FE02FE02FE02FE02FE02FE02FE02BF
:10212000FE02FE02FE02FE02FE02FE02FE02FE02AF
:10213000FE02FE02FE02FE02FE02FE02FE02FE029F
:10214000FE02FE02FE02FE02FE02FE02FE02FE028F
:10215000FE02FE02FE02FE02FE02FE02FE02FE027F
:10216000FE02FE02FE02FE02FE02FE02FE02FE026F
:10217000FE02FE02FE02FE02FE02FE02FE02FE025F
:10218000FE02FE02FE02FE02FE02FE02FE02FE024F
:10219000FE02FE02FE02FE02FE02FE02FE02FE023F
:1021A000FE02FE02FE02FE02FE02FE02FE02FE022F
:1021B000FE02FE02FE02FE02FE02FE02FE02FE021F
:1021C000FE02FE02FE02FE02FE02FE02FE02FE020F
:1021D000FE02FE02FE02FE02FE02FE02FE02FE02FF
:1021E000FE02FE02FE02FE02FE02FE02FE02FE02EF
:1021F000FE02FE02FE02FE02FE02FE02FE02FE02DF
:10220000FE02FE02FE02FE02FE02FE02FE02FE02CE
:10221000FE02FE02FE02FE02FE02FE02FE02FE02BE
:10222000FE02FE02FE02FE02FE02FE02FE02FE02AE
:10223000FE02FE02FE02FE02FE02FE02FE02FE029E
:10224000FE02FE02FE02FE02FE02FE02FE02FE028E
:10225000FE02FE02FE02FE02FE02FE02FE02FE027E
:10226000FE02FE02FE02FE02FE02FE02FE02FE026E
:10227000FE02FE02FE02FE02FE02FE02FE02FE025E
:10228000FE02FE02FE02FE02FE02FE02FE02FE024E
:10229000FE02FE02FE02FE02FE02FE02FE02FE023E
:1022A000FE02FE02FE02FE02FE02FE02FE02FE022E
:1022B000FE02FE02FE02FE02FE02FE02FE02FE021E
:1022C000FE02FE02FE02FE02FE02FE02FE02FE020E
:1022D000FE02FE02FE02FE02FE02FE02FE02FE02FE
:1022E000FE02FE02FE02FE02FE02FE02FE02FE02EE
:1022F000FE02FE02FE02FE02FE02FE02FE02FE02DE
:10230000FE02FE02FE02FE02FE02FE02FE02FE02CD
:10231000FE02FE02FE02FE02FE02FE02FE02FE02BD
:10232000FE02FE02FE02FE02FE02FE02FE02FE02AD
:10233000FE02FE02FE02FE02FE02FE02FE02FE029D
:10234000FE02FE02FE02FE02FE02FE02FE02FE028D
:10235000FE02FE02FE02FE02FE02FE02FE02FE027D
:10236000FE02FE02FE02FE02FE02FE02FE02FE026D
:10237000FE02FE02FE02FE02FE02FE02FE02FE025D
:10238000FE02FE02FE02FE02FE02FE02FE02FE024D
:10239000FE02FE02FE02FE02FE02FE02FE02FE023D
:1023A000FE02FE02FE02FE02FE02FE02FE02FE022D
:1023B000FE02FE02FE02FE02FE02FE02FE02FE021D
:1023C000FE02FE02FE02FE02FE02FE02FE02FE020D
:1023D000FE02FE02FE02FE02FE02FE02FE02FE02FD
:1023E000FE02FE02FE02FE02FE02FE02FE02FE02ED
:1023F000FE02FE02FE02FE02FE02FE02FE02FE02DD
:10240000FE02FE02FE02FE02FE02FE02FE02FE02CC
:10241000FE02FE02FE02FE02FE02FE02FE02FE02BC
:10242000FE02FE02FE02FE02FE02FE02FE02FE02AC
:10243000FE02FE02FE02FE02FE02FE02FE02FE029C
:10244000FE02FE02FE02FE02FE02FE02FE02FE028C
:10245000FE02FE02FE02FE02FE02FE02FE02FE027C
:10246000FE02FE02FE02FE02FE02FE02FE02FE026C
:10247000FE02FE02FE02FE02FE02FE02FE02FE025C
:10248000FE02FE02FE02FE02FE02FE02FE02FE024C
:10249000FE02FE02FE02FE02FE02FE02FE02FE023C
:1024A000FE02FE02FE02FE02FE02FE02FE02FE022C
:1024B000FE02FE02FE02FE02FE02FE02FE02FE021C
:1024C000FE02FE02FE02FE02FE02FE02FE02FE020C
:1024D000FE02FE02FE02FE02FE02FE02FE02FE02FC
:1024E000FE02FE02FE02FE02FE02FE02FE02FE02EC
:1024F000FE02FE02FE02FE02FE02FE02FE02FE02DC
:10250000FE02FE02FE02FE02FE02FE02FE02FE02CB
:10251000FE02FE02FE02FE02FE02FE02FE02FE02BB
:10252000FE02FE02FE02FE02FE02FE02FE02FE02AB
:10253000FE02FE02FE02FE02FE02FE02FE02FE029B
:10254000FE02FE02FE02FE02FE02FE02FE02FE028B
:10255000FE02FE02FE02FE02FE02FE02FE02FE027B
:10256000FE02FE02FE02FE02FE02FE02FE02FE026B
:10257000FE02FE02FE02FE02FE02FE02FE02FE025B
:10258000FE02FE02FE02FE02FE02FE02FE02FE024B
:10259000FE02FE02FE02FE02FE02FE02FE02FE023B
:1025A000FE02FE02FE02FE02FE02FE02FE02FE022B
:1025B000FE02FE02FE02FE02FE02FE02FE02FE021B
:1025C000FE02FE02FE02FE02FE02FE02FE02FE020B
:1025D000FE02FE02FE02FE02FE02FE02FE02FE02FB
:1025E000FE02FE02FE02FE02FE02FE02FE02FE02EB
:1025F000FE02FE02FE02FE02FE02FE02FE02FE02DB
:10260000FE02FE02FE02FE02FE02FE02FE02FE02CA
:10261000FE02FE02FE02FE02FE02FE02FE02FE02BA
:10262000FE02FE02FE02FE02FE02FE02FE02FE02AA
:10263000FE02FE02FE02FE02FE02FE02FE02FE029A
:10264000FE02FE02FE02FE02FE02FE02FE02FE028A
:10265000FE02FE02FE02FE02FE02FE02FE02FE027A
:10266000FE02FE02FE02FE02FE02FE02FE02FE026A
:10267000FE02FE02FE02FE02FE02FE02FE02FE025A
:10268000FE02FE02FE02FE02FE02FE02FE02FE024A
:10269000FE02FE02FE02FE02FE02FE02FE02FE023A
:1026A000FE02FE02FE02FE02FE02FE02FE02FE022A
:1026B000FE02FE02FE02FE02FE02FE02FE02FE021A
:1026C000FE02FE02FE02FE02FE02FE02FE02FE020A
:1026D000FE02FE02FE02FE02FE02FE02FE02FE02FA
:1026E000FE02FE02FE02FE02FE02FE02FE02FE02EA
:1026F000FE02FE02FE02FE02FE02FE02FE02FE02DA
:10270000FE02FE02FE02FE02FE02FE02FE02FE02C9
:10271000FE02FE02FE02FE02FE02FE02FE02FE02B9
:10272000FE02FE02FE02FE02FE02FE02FE02FE02A9
:10273000FE02FE02FE02FE02FE02FE02FE02FE0299
:10274000FE02FE02FE02FE02FE02FE02FE02FE0289
:10275000FE02FE02FE02FE02FE02FE02FE02FE0279
:10276000FE02FE02FE02FE02FE02FE02FE02FE0269
:10277000FE02FE02FE02FE02FE02FE02FE02FE0259
:10278000FE02FE02FE02FE02FE02FE02FE02FE0249
:10279000FE02FE02FE02FE02FE02FE02FE02FE0239
:1027A000FE02FE02FE02FE02FE02FE02FE02FE0229
:1027B000FE02FE02FE02FE02FE02FE02FE02FE0219
:1027C000FE02FE02FE02FE02FE02FE02FE02FE0209
:1027D000FE02FE02FE02FE02FE02FE02FE02FE02F9
:1027E000FE02FE02FE02FE02FE02FE02FE02FE02E9
:1027F000FE02FE02FE02FE02FE02FE02FE02FE02D9
:10280000FE02FE02FE02FE02FE02FE02FE02FE02C8
:10281000FE02FE02FE02FE02FE02FE02FE02FE02B8
:10282000FE02FE02FE02FE02FE02FE02FE02FE02A8
:10283000FE02FE02FE02FE02FE02FE02FE02FE0298
:10284000FE02FE02FE02FE02FE02FE02FE02FE0288
:10285000FE02FE02FE02FE02FE02FE02FE02FE0278
:10286000FE02FE02FE02FE02FE02FE02FE02FE0268
:10287000FE02FE02FE02FE02FE02FE02FE02FE0258
:10288000FE02FE02FE02FE02FE02FE02FE02FE0248
:10289000FE02FE02FE02FE02FE02FE02FE02FE0238
:1028A000FE02FE02FE02FE02FE02FE02FE02FE0228
:1028B000FE02FE02FE02FE02FE02FE02FE02FE0218
:1028C000FE02FE02FE02FE02FE02FE02FE02FE0208
:1028D000FE02FE02FE02FE02FE02FE02FE02FE02F8
:1028E000FE02FE02FE02FE02FE02FE02FE02FE02E8
:1028F000FE02FE02FE02FE02FE02FE02FE02FE02D8
:10290000FE02FE02FE02FE02FE02FE02FE02FE02C7
:10291000FE02FE02FE02FE02FE02FE02FE02FE02B7
:10292000FE02FE02FE02FE02FE02FE02FE02FE02A7
:10293000FE02FE02FE02FE02FE02FE02FE02FE0297
:10294000FE02FE02FE02FE02FE02FE02FE02FE0287
:10295000FE02FE02FE02FE02FE02FE02FE02FE0277
:10296000FE02FE02FE02FE02FE02FE02FE02FE0267
:10297000FE02FE02FE02FE02FE02FE02FE02FE0257
:10298000FE02FE02FE02FE02FE02FE02FE02FE0247
:10299000FE02FE02FE02FE02FE02FE02FE02FE0237
:1029A000FE02FE02FE02FE02FE02FE02FE02FE0227
:1029B000FE02FE02FE02FE02FE02FE02FE02FE0217
:1029C000FE02FE02FE02FE02FE02FE02FE02FE0207
:1029D000FE02FE02FE02FE02FE02FE02FE02FE02F7
:1029E000FE02FE02FE02FE02FE02FE02FE02FE02E7
:1029F000FE02FE02FE02FE02FE02FE02FE02FE02D7
:102A0000FE02FE02FE02FE02FE02FE02FE02FE02C6
:102A1000FE02FE02FE02FE02FE02FE02FE02FE02B6
:102A2000FE02FE02FE02FE02FE02FE02FE02FE02A6
:102A3000FE02FE02FE02FE02FE02FE02FE02FE0296
:102A4000FE02FE02FE02FE02FE02FE02FE02FE0286
:102A5000FE02FE02FE02FE02FE02FE02FE02FE0276
:102A6000FE02FE02FE02FE02FE02FE02FE02FE0266
:102A7000FE02FE02FE02FE02FE02FE02FE02FE0256
:102A8000FE02FE02FE02FE02FE02FE02FE02FE0246
:102A9000FE02FE02FE02FE02FE02FE02FE02FE0236
:102AA000FE02FE02FE02FE02FE02FE02FE02FE0226
:102AB000FE02FE02FE02FE02FE02FE02FE02FE0216
:102AC000FE02FE02FE02FE02FE02FE02FE02FE0206
:102AD000FE02FE02FE02FE02FE02FE02FE02FE02F6
:102AE000FE02FE02FE02FE02FE02FE02FE02FE02E6
:102AF000FE02FE02FE02FE02FE02FE02FE02FE02D6
:102B0000FE02FE02FE02FE02FE02FE02FE02FE02C5
:102B1000FE02FE02FE02FE02FE02FE02FE02FE02B5
:102B2000FE02FE02FE02FE02FE02FE02FE02FE02A5
:102B3000FE02FE02FE02FE02FE02FE02FE02FE0295
:102B4000FE02FE02FE02FE02FE02FE02FE02FE0285
:102B5000FE02FE02FE02FE02FE02FE02FE02FE0275
:102B6000FE02FE02FE02FE02FE02FE02FE02FE0265
:102B7000FE02FE02FE02FE02FE02FE02FE02FE0255
:102B8000FE02FE02FE02FE02FE02FE02FE02FE0245
:102B9000FE02FE02FE02FE02FE02FE02FE02FE0235
:102BA000FE02FE02FE02FE02FE02FE02FE02FE0225
:102BB000FE02FE02FE02FE02FE02FE02FE02FE0215
:102BC000FE02FE02FE02FE02FE02FE02FE02FE0205
:102BD000FE02FE02FE02FE02FE02FE02FE02FE02F5
:102BE000FE02FE02FE02FE02FE02FE02FE02FE02E5
:102BF000FE02FE02FE02FE02FE02FE02FE02FE02D5
:102C0000FE02FE02FE02FE02FE02FE02FE02FE02C4
:102C1000FE02FE02FE02FE02FE02FE02FE02FE02B4
:102C2000FE02FE02FE02FE02FE02FE02FE02FE02A4
:102C3000FE02FE02FE02FE02FE02FE02FE02FE0294
:102C4000FE02FE02FE02FE02FE02FE02FE02FE0284
:102C5000FE02FE02FE02FE02FE02FE02FE02FE0274
:102C6000FE02FE02FE02FE02FE02FE02FE02FE0264
:102C7000FE02FE02FE02FE02FE02FE02FE02FE0254
:102C8000FE02FE02FE02FE02FE02FE02FE02FE0244
:102C9000FE02FE02FE02FE02FE02FE02FE02FE0234
:102CA000FE02FE02FE02FE02FE02FE02FE02FE0224
:102CB000FE02FE02FE02FE02FE02FE02FE02FE0214
:102CC000FE02FE02FE02FE02FE02FE02FE02FE0204
:102CD000FE02FE02FE02FE02FE02FE02FE02FE02F4
:102CE000FE02FE02FE02FE02FE02FE02FE02FE02E4
:102CF000FE02FE02FE02FE02FE02FE02FE02FE02D4
:102D0000FE02FE02FE02FE02FE02FE02FE02FE02C3
:102D1000FE02FE02FE02FE02FE02FE02FE02FE02B3
:102D2000FE02FE02FE02FE02FE02FE02FE02FE02A3
:102D3000FE02FE02FE02FE02FE02FE02FE02FE0293
:102D4000FE02FE02FE02FE02FE02FE02FE02FE0283
:102D5000FE02FE02FE02FE02FE02FE02FE02FE0273
:102D6000FE02FE02FE02FE02FE02FE02FE02FE0263
:102D7000FE02FE02FE02FE02FE02FE02FE02FE0253
:102D8000FE02FE02FE02FE02FE02FE02FE02FE0243
:102D9000FE02FE02FE02FE02FE02FE02FE02FE0233
:102DA000FE02FE02FE02FE02FE02FE02FE02FE0223
:102DB000FE02FE02FE02FE02FE02FE02FE02FE0213
:102DC000FE02FE02FE02FE02FE02FE02FE02FE0203
:102DD000FE02FE02FE02FE02FE02FE02FE02FE02F3
:102DE000FE02FE02FE02FE02FE02FE02FE02FE02E3
:102DF000FE02FE02FE02FE02FE02FE02FE02FE02D3
:102E0000FE02FE02FE02FE02FE02FE02FE02FE02C2
:102E1000FE02FE02FE02FE02FE02FE02FE02FE02B2
:102E2000FE02FE02FE02FE02FE02FE02FE02FE02A2
:102E3000FE02FE02FE02FE02FE02FE02FE02FE0292
:102E4000FE02FE02FE02FE02FE02FE02FE02FE0282
:102E5000FE02FE02FE02FE02FE02FE02FE02FE0272
:102E6000FE02FE02FE02FE02FE02FE02FE02FE0262
:102E7000FE02FE02FE02FE02FE02FE02FE02FE0252
:102E8000FE02FE02FE02FE02FE02FE02FE02FE0242
:102E9000FE02FE02FE02FE02FE02FE02FE02FE0232
:102EA000FE02FE02FE02FE02FE02FE02FE02FE0222
:102EB000FE02FE02FE02FE02FE02FE02FE02FE0212
:102EC000FE02FE02FE02FE02FE02FE02FE02FE0202
:102ED000FE02FE02FE02FE02FE02FE02FE02FE02F2
:102EE000FE02FE02FE02FE02FE02FE02FE02FE02E2
:102EF000FE02FE02FE02FE02FE02FE02FE02FE02D2
:102F0000FE02FE02FE02FE02FE02FE02FE02FE02C1
:102F1000FE02FE02FE02FE02FE02FE02FE02FE02B1
:102F2000FE02FE02FE02FE02FE02FE02FE02FE02A1
:102F3000FE02FE02FE02FE02FE02FE02FE02FE0291
:102F4000FE02FE02FE02FE02FE02FE02FE02FE0281
:102F5000FE02FE02FE02FE02FE02FE02FE02FE0271
:102F6000FE02FE02FE02FE02FE02FE02FE02FE0261
:102F7000FE02FE02FE02FE02FE02FE02FE02FE0251
:102F8000FE02FE02FE02FE02FE02FE02FE02FE0241
:102F9000FE02FE02FE02FE02FE02FE02FE02FE0231
:102FA000FE02FE02FE02FE02FE02FE02FE02FE0221
:102FB000FE02FE02FE02FE02FE02FE02FE02FE0211
:102FC000FE02FE02FE02FE02FE02FE02FE02FE0201
:102FD000FE02FE02FE02FE02FE02FE02FE02FE02F1
:102FE000FE02FE02FE02FE02FE02FE02FE02FE02E1
:102FF000FE02FE02FE02FE02FE02FE02FE02FE02D1
:10300000FE02FE02FE02FE02FE02FE02FE02FE02C0
:10301000FE02FE02FE02FE02FE02FE02FE02FE02B0
:10302000FE02FE02FE02FE02FE02FE02FE02FE02A0
:10303000FE02FE02FE02FE02FE02FE02FE02FE0290
:10304000FE02FE02FE02FE02FE02FE02FE02FE0280
:10305000FE02FE02FE02FE02FE02FE02FE02FE0270
:10306000FE02FE02FE02FE02FE02FE02FE02FE0260
:10307000FE02FE02FE02FE02FE02FE02FE02FE0250
:10308000FE02FE02FE02FE02FE02FE02FE02FE0240
:10309000FE02FE02FE02FE02FE02FE02FE02FE0230
:1030A000FE02FE02FE02FE02FE02FE02FE02FE0220
:1030B000FE02FE02FE02FE02FE02FE02FE02FE0210
:1030C000FE02FE02FE02FE02FE02FE02FE02FE0200
:1030D000FE02FE02FE02FE02FE02FE02FE02FE02F0
:1030E000FE02FE02FE02FE02FE02FE02FE02FE02E0
:1030F000FE02FE02FE02FE02FE02FE02FE02FE02D0
:10310000FE02FE02FE02FE02FE02FE02FE02FE02BF
:10311000FE02FE02FE02FE02FE02FE02FE02FE02AF
:10312000FE02FE02FE02FE02FE02FE02FE02FE029F
:10313000FE02FE02FE02FE02FE02FE02FE02FE028F
:10314000FE02FE02FE02FE02FE02FE02FE02FE027F
:10315000FE02FE02FE02FE02FE02FE02FE02FE026F
:10316000FE02FE02FE02FE02FE02FE02FE02FE025F
:10317000FE02FE02FE02FE02FE02FE02FE02FE024F
:10318000FE02FE02FE02FE02FE02FE02FE02FE023F
:10319000FE02FE02FE02FE02FE02FE02FE02FE022F
:1031A000FE02FE02FE02FE02FE02FE02FE02FE021F
:1031B000FE02FE02FE02FE02FE02FE02FE02FE020F
:1031C000FE02FE02FE02FE02FE02FE02FE02FE02FF
:1031D000FE02FE02FE02FE02FE02FE02FE02FE02EF
:1031E000FE02FE02FE02FE02FE02FE02FE02FE02DF
:1031F000FE02FE02FE02FE02FE02FE02FE02FE02CF
:10320000FE02FE02FE02FE02FE02FE02FE02FE02BE
:10321000FE02FE02FE02FE02FE02FE02FE02FE02AE
:10322000FE02FE02FE02FE02FE02FE02FE02FE029E
:10323000FE02FE02FE02FE02FE02FE02FE02FE028E
:10324000FE02FE02FE02FE02FE02FE02FE02FE027E
:10325000FE02FE02FE02FE02FE02FE02FE02FE026E
:10326000FE02FE02FE02FE02FE02FE02FE02FE025E
:10327000FE02FE02FE02FE02FE02FE02FE02FE024E
:10328000FE02FE02FE02FE02FE02FE02FE02FE023E
:10329000FE02FE02FE02FE02FE02FE02FE02FE022E
:1032A000FE02FE02FE02FE02FE02FE02FE02FE021E
:1032B000FE02FE02FE02FE02FE02FE02FE02FE020E
:1032C000FE02FE02FE02FE02FE02FE02FE02FE02FE
:1032D000FE02FE02FE02FE02FE02FE02FE02FE02EE
:1032E000FE02FE02FE02FE02FE02FE02FE02FE02DE
:1032F000FE02FE02FE02FE02FE02FE02FE02FE02CE
:10330000FE02FE02FE02FE02FE02FE02FE02FE02BD
:10331000FE02FE02FE02FE02FE02FE02FE02FE02AD
:10332000FE02FE02FE02FE02FE02FE02FE02FE029D
:10333000FE02FE02FE02FE02FE02FE02FE02FE028D
:10334000FE02FE02FE02FE02FE02FE02FE02FE027D
:10335000FE02FE02FE02FE02FE02FE02FE02FE026D
:10336000FE02FE02FE02FE02FE02FE02FE02FE025D
:10337000FE02FE02FE02FE02FE02FE02FE02FE024D
:10338000FE02FE02FE02FE02FE02FE02FE02FE023D
:10339000FE02FE02FE02FE02FE02FE02FE02FE022D
:1033A000FE02FE02FE02FE02FE02FE02FE02FE021D
:1033B000FE02FE02FE02FE02FE02FE02FE02FE020D
:1033C000FE02FE02FE02FE02FE02FE02FE02FE02FD
:1033D000FE02FE02FE02FE02FE02FE02FE02FE02ED
:1033E000FE02FE02FE02FE02FE02FE02FE02FE02DD
:1033F000FE02FE02FE02FE02FE02FE02FE02FE02CD
:10340000FE02FE02FE02FE02FE02FE02FE02FE02BC
:10341000FE02FE02FE02FE02FE02FE02FE02FE02AC
:10342000FE02FE02FE02FE02FE02FE02FE02FE029C
:10343000FE02FE02FE02FE02FE02FE02FE02FE028C
:10344000FE02FE02FE02FE02FE02FE02FE02FE027C
:10345000FE02FE02FE02FE02FE02FE02FE02FE026C
:10346000FE02FE02FE02FE02FE02FE02FE02FE025C
:10347000FE02FE02FE02FE02FE02FE02FE02FE024C
:10348000FE02FE02FE02FE02FE02FE02FE02FE023C
:10349000FE02FE02FE02FE02FE02FE02FE02FE022C
:1034A000FE02FE02FE02FE02FE02FE02FE02FE021C
:1034B000FE02FE02FE02FE02FE02FE02FE02FE020C
:1034C000FE02FE02FE02FE02FE02FE02FE02FE02FC
:1034D000FE02FE02FE02FE02FE02FE02FE02FE02EC
:1034E000FE02FE02FE02FE02FE02FE02FE02FE02DC
:1034F000FE02FE02FE02FE02FE02FE02FE02FE02CC
:10350000FE02FE02FE02FE02FE02FE02FE02FE02BB
:10351000FE02FE02FE02FE02FE02FE02FE02FE02AB
:10352000FE02FE02FE02FE02FE02FE02FE02FE029B
:10353000FE02FE02FE02FE02FE02FE02FE02FE028B
:10354000FE02FE02FE02FE02FE02FE02FE02FE027B
:10355000FE02FE02FE02FE02FE02FE02FE02FE026B
:10356000FE02FE02FE02FE02FE02FE02FE02FE025B
:10357000FE02FE02FE02FE02FE02FE02FE02FE024B
:10358000FE02FE02FE02FE02FE02FE02FE02FE023B
:10359000FE02FE02FE02FE02FE02FE02FE02FE022B
:1035A000FE02FE02FE02FE02FE02FE02FE02FE021B
:1035B000FE02FE02FE02FE02FE02FE02FE02FE020B
:1035C000FE02FE02FE02FE02FE02FE02FE02FE02FB
:1035D000FE02FE02FE02FE02FE02FE02FE02FE02EB
:1035E000FE02FE02FE02FE02FE02FE02FE02FE02DB
:1035F000FE02FE02FE02FE02FE02FE02FE02FE02CB
:10360000FE02FE02FE02FE02FE02FE02FE02FE02BA
:10361000FE02FE02FE02FE02FE02FE02FE02FE02AA
:10362000FE02FE02FE02FE02FE02FE02FE02FE029A
:10363000FE02FE02FE02FE02FE02FE02FE02FE028A
:10364000FE02FE02FE02FE02FE02FE02FE02FE027A
:10365000FE02FE02FE02FE02FE02FE02FE02FE026A
:10366000FE02FE02FE02FE02FE02FE02FE02FE025A
:10367000FE02FE02FE02FE02FE02FE02FE02FE024A
:10368000FE02FE02FE02FE02FE02FE02FE02FE023A
:10369000FE02FE02FE02FE02FE02FE02FE02FE022A
:1036A000FE02FE02FE02FE02FE02FE02FE02FE021A
:1036B000FE02FE02FE02FE02FE02FE02FE02FE020A
:1036C000FE02FE02FE02FE02FE02FE02FE02FE02FA
:1036D000FE02FE02FE02FE02FE02FE02FE02FE02EA
:1036E000FE02FE02FE02FE02FE02FE02FE02FE02DA
:1036F000FE02FE02FE02FE02FE02FE02FE02FE02CA
:10370000FE02FE02FE02FE02FE02FE02FE02FE02B9
:10371000FE02FE02FE02FE02FE02FE02FE02FE02A9
:10372000FE02FE02FE02FE02FE02FE02FE02FE0299
:10373000FE02FE02FE02FE02FE02FE02FE02FE0289
:10374000FE02FE02FE02FE02FE02FE02FE02FE0279
:10375000FE02FE02FE02FE02FE02FE02FE02FE0269
:10376000FE02FE02FE02FE02FE02FE02FE02FE0259
:10377000FE02FE02FE02FE02FE02FE02FE02FE0249
:10378000FE02FE02FE02FE02FE02FE02FE02FE0239
:10379000FE02FE02FE02FE02FE02FE02FE02FE0229
:1037A000FE02FE02FE02FE02FE02FE02FE02FE0219
:1037B000FE02FE02FE02FE02FE02FE02FE02FE0209
:1037C000FE02FE02FE02FE02FE02FE02FE02FE02F9
:1037D000FE02FE02FE02FE02FE02FE02FE02FE02E9
:1037E000FE02FE02FE02FE02FE02FE02FE02FE02D9
:1037F000FE02FE02FE02FE02FE02FE02FE02FE02C9
:10380000FE02FE02FE02FE02FE02FE02FE02FE02B8
:10381000FE02FE02FE02FE02FE02FE02FE02FE02A8
:10382000FE02FE02FE02FE02FE02FE02FE02FE0298
:10383000FE02FE02FE02FE02FE02FE02FE02FE0288
:10384000FE02FE02FE02FE02FE02FE02FE02FE0278
:10385000FE02FE02FE02FE02FE02FE02FE02FE0268
:10386000FE02FE02FE02FE02FE02FE02FE02FE0258
:10387000FE02FE02FE02FE02FE02FE02FE02FE0248
:10388000FE02FE02FE02FE02FE02FE02FE02FE0238
:10389000FE02FE02FE02FE02FE02FE02FE02FE0228
:1038A000FE02FE02FE02FE02FE02FE02FE02FE0218
:1038B000FE02FE02FE02FE02FE02FE02FE02FE0208
:1038C000FE02FE02FE02FE02FE02FE02FE02FE02F8
:1038D000FE02FE02FE02FE02FE02FE02FE02FE02E8
:1038E000FE02FE02FE02FE02FE02FE02FE02FE02D8
:1038F000FE02FE02FE02FE02FE02FE02FE02FE02C8
:10390000FE02FE02FE02FE02FE02FE02FE02FE02B7
:10391000FE02FE02FE02FE02FE02FE02FE02FE02A7
:10392000FE02FE02FE02FE02FE02FE02FE02FE0297
:10393000FE02FE02FE02FE02FE02FE02FE02FE0287
:10394000FE02FE02FE02FE02FE02FE02FE02FE0277
:10395000FE02FE02FE02FE02FE02FE02FE02FE0267
:10396000FE02FE02FE02FE02FE02FE02FE02FE0257
:10397000FE02FE02FE02FE02FE02FE02FE02FE0247
:10398000FE02FE02FE02FE02FE02FE02FE02FE0237
:10399000FE02FE02FE02FE02FE02FE02FE02FE0227
:1039A000FE02FE02FE02FE02FE02FE02FE02FE0217
:1039B000FE02FE02FE02FE02FE02FE02FE02FE0207
:1039C000FE02FE02FE02FE02FE02FE02FE02FE02F7
:1039D000FE02FE02FE02FE02FE02FE02FE02FE02E7
:1039E000FE02FE02FE02FE02FE02FE02FE02FE02D7
:1039F000FE02FE02FE02FE02FE02FE02FE02FE02C7
:103A0000FE02FE02FE02FE02FE02FE02FE02FE02B6
:103A1000FE02FE02FE02FE02FE02FE02FE02FE02A6
:103A2000FE02FE02FE02FE02FE02FE02FE02FE0296
:103A3000FE02FE02FE02FE02FE02FE02FE02FE0286
:103A4000FE02FE02FE02FE02FE02FE02FE02FE0276
:103A5000FE02FE02FE02FE02FE02FE02FE02FE0266
:103A6000FE02FE02FE02FE02FE02FE02FE02FE0256
:103A7000FE02FE02FE02FE02FE02FE02FE02FE0246
:103A8000FE02FE02FE02FE02FE02FE02FE02FE0236
:103A9000FE02FE02FE02FE02FE02FE02FE02FE0226
:103AA000FE02FE02FE02FE02FE02FE02FE02FE0216
:103AB000FE02FE02FE02FE02FE02FE02FE02FE0206
:103AC000FE02FE02FE02FE02FE02FE02FE02FE02F6
:103AD000FE02FE02FE02FE02FE02FE02FE02FE02E6
:103AE000FE02FE02FE02FE02FE02FE02FE02FE02D6
:103AF000FE02FE02FE02FE02FE02FE02FE02FE02C6
:103B0000FE02FE02FE02FE02FE02FE02FE02FE02B5
:103B1000FE02FE02FE02FE02FE02FE02FE02FE02A5
:103B2000FE02FE02FE02FE02FE02FE02FE02FE0295
:103B3000FE02FE02FE02FE02FE02FE02FE02FE0285
:103B4000FE02FE02FE02FE02FE02FE02FE02FE0275
:103B5000FE02FE02FE02FE02FE02FE02FE02FE0265
:103B6000FE02FE02FE02FE02FE02FE02FE02FE0255
:103B7000FE02FE02FE02FE02FE02FE02FE02FE0245
:103B8000FE02FE02FE02FE02FE02FE02FE02FE0235
:103B9000FE02FE02FE02FE02FE02FE02FE02FE0225
:103BA000FE02FE02FE02FE02FE02FE02FE02FE0215
:103BB000FE02FE02FE02FE02FE02FE02FE02FE0205
:103BC000FE02FE02FE02FE02FE02FE02FE02FE02F5
:103BD000FE02FE02FE02FE02FE02FE02FE02FE02E5
:103BE000FE02FE02FE02FE02FE02FE02FE02FE02D5
:103BF000FE02FE02FE02FE02FE02FE02FE02FE02C5
:103C0000FE02FE02FE02FE02FE02FE02FE02FE02B4
:103C1000FE02FE02FE02FE02FE02FE02FE02FE02A4
:103C2000FE02FE02FE02FE02FE02FE02FE02FE0294
:103C3000FE02FE02FE02FE02FE02FE02FE02FE0284
:103C4000FE02FE02FE02FE02FE02FE02FE02FE0274
:103C5000FE02FE02FE02FE02FE02FE02FE02FE0264
:103C6000FE02FE02FE02FE02FE02FE02FE02FE0254
:103C7000FE02FE02FE02FE02FE02FE02FE02FE0244
:103C8000FE02FE02FE02FE02FE02FE02FE02FE0234
:103C9000FE02FE02FE02FE02FE02FE02FE02FE0224
:103CA000FE02FE02FE02FE02FE02FE02FE02FE0214
:103CB000FE02FE02FE02FE02FE02FE02FE02FE0204
:103CC000FE02FE02FE02FE02FE02FE02FE02FE02F4
:103CD000FE02FE02FE02FE02FE02FE02FE02FE02E4
:103CE000FE02FE02FE02FE02FE02FE02FE02FE02D4
:103CF000FE02FE02FE02FE02FE02FE02FE02FE02C4
:103D0000FE02FE02FE02FE02FE02FE02FE02FE02B3
:103D1000FE02FE02FE02FE02FE02FE02FE02FE02A3
:103D2000FE02FE02FE02FE02FE02FE02FE02FE0293
:103D3000FE02FE02FE02FE02FE02FE02FE02FE0283
:103D4000FE02FE02FE02FE02FE02FE02FE02FE0273
:103D5000FE02FE02FE02FE02FE02FE02FE02FE0263
:103D6000FE02FE02FE02FE02FE02FE02FE02FE0253
:103D7000FE02FE02FE02FE02FE02FE02FE02FE0243
:103D8000FE02FE02FE02FE02FE02FE02FE02FE0233
:103D9000FE02FE02FE02FE02FE02FE02FE02FE0223
:103DA000FE02FE02FE02FE02FE02FE02FE02FE0213
:103DB000FE02FE02FE02FE02FE02FE02FE02FE0203
:103DC000FE02FE02FE02FE02FE02FE02FE02FE02F3
:103DD000FE02FE02FE02FE02FE02FE02FE02FE02E3
:103DE000FE02FE02FE02FE02FE02FE02FE02FE02D3
:103DF000FE02FE02FE02FE02FE02FE02FE02FE02C3
:103E0000FE02FE02FE02FE02FE02FE02FE02FE02B2
:103E1000FE02FE02FE02FE02FE02FE02FE02FE02A2
:103E2000FE02FE02FE02FE02FE02FE02FE02FE0292
:103E3000FE02FE02FE02FE02FE02FE02FE02FE0282
:103E4000FE02FE02FE02FE02FE02FE02FE02FE0272
:103E5000FE02FE02FE02FE02FE02FE02FE02FE0262
:103E6000FE02FE02FE02FE02FE02FE02FE02FE0252
:103E7000FE02FE02FE02FE02FE02FE02FE02FE0242
:103E8000FE02FE02FE02FE02FE02FE02FE02FE0232
:103E9000FE02FE02FE02FE02FE02FE02FE02FE0222
:103EA000FE02FE02FE02FE02FE02FE02FE02FE0212
:103EB000FE02FE02FE02FE02FE02FE02FE02FE0202
:103EC000FE02FE02FE02FE02FE02FE02FE02FE02F2
:103ED000FE02FE02FE02FE02FE02FE02FE02FE02E2
:103EE000FE02FE02FE02FE02FE02FE02FE02FE02D2
:103EF000FE02FE02FE02FE02FE02FE02FE02FE02C2
:103F0000FE02FE02FE02FE02FE02FE02FE02FE02B1
:103F1000FE02FE02FE02FE02FE02FE02FE02FE02A1
:103F2000FE02FE02FE02FE02FE02FE02FE02FE0291
:103F3000FE02FE02FE02FE02FE02FE02FE02FE0281
:103F4000FE02FE02FE02FE02FE02FE02FE02FE0271
:103F5000FE02FE02FE02FE02FE02FE02FE02FE0261
:103F6000FE02FE02FE02FE02FE02FE02FE02FE0251
:103F7000FE02FE02FE02FE02FE02FE02FE02FE0241
:103F8000FE02FE02FE02FE02FE02FE02FE02FE0231
:103F9000FE02FE02FE02FE02FE02FE02FE02FE0221
:103FA000FE02FE02FE02FE02FE02FE02FE02FE0211
:103FB000FE02FE02FE02FE02FE02FE02FE02FE0201
:103FC000FE02FE02FE02FE02FE02FE02FE02FE02F1
:103FD000FE02FE02FE02FE02FE02FE02FE02FE02E1
:103FE000FE02FE02FE02FE02FE02FE02FE02FE02D1
:103FF000FE02FE02FE02FE02FE02FE02FE02FE02C1
:10400000FE02FE02FE02FE02FE02FE02FE02FE02B0
:10401000FE02FE02FE02FE02FE02FE02FE02FE02A0
:10402000FE02FE02FE02FE02FE02FE02FE02FE0290
:10403000FE02FE02FE02FE02FE02FE02FE02FE0280
:10404000FE02FE02FE02FE02FE02FE02FE02FE0270
:10405000FE02FE02FE02FE02FE02FE02FE02FE0260
:10406000FE02FE02FE02FE02FE02FE02FE02FE0250
:10407000FE02FE02FE02FE02FE02FE02FE02FE0240
:10408000FE02FE02FE02FE02FE02FE02FE02FE0230
:10409000FE02FE02FE02FE02FE02FE02FE02FE0220
:1040A000FE02FE02FE02FE02FE02FE02FE02FE0210
:1040B000FE02FE02FE02FE02FE02FE02FE02FE0200
:1040C000FE02FE02FE02FE02FE02FE02FE02FE02F0
:1040D000FE02FE02FE02FE02FE02FE02FE02FE02E0
:1040E000FE02FE02FE02FE02FE02FE02FE02FE02D0
:1040F000FE02FE02FE02FE02FE02FE02FE02FE02C0
:10410000FE02FE02FE02FE02FE02FE02FE02FE02AF
:10411000FE02FE02FE02FE02FE02FE02FE02FE029F
:10412000FE02FE02FE02FE02FE02FE02FE02FE028F
:10413000FE02FE02FE02FE02FE02FE02FE02FE027F
:10414000FE02FE02FE02FE02FE02FE02FE02FE026F
:10415000FE02FE02FE02FE02FE02FE02FE02FE025F
:10416000FE02FE02FE02FE02FE02FE02FE02FE024F
:10417000FE02FE02FE02FE02FE02FE02FE02FE023F
:10418000FE02FE02FE02FE02FE02FE02FE02FE022F
:10419000FE02FE02FE02FE02FE02FE02FE02FE021F
:1041A000FE02FE02FE02FE02FE02FE02FE02FE020F
:1041B000FE02FE02FE02FE02FE02FE02FE02FE02FF
:1041C000FE02FE02FE02FE02FE02FE02FE02FE02EF
:1041D000FE02FE02FE02FE02FE02FE02FE02FE02DF
:1041E000FE02FE02FE02FE02FE02FE02FE02FE02CF
:1041F000FE02FE02FE02FE02FE02FE02FE02FE02BF
:10420000FE02FE02FE02FE02FE02FE02FE02FE02AE
:10421000FE02FE02FE02FE02FE02FE02FE02FE029E
:10422000FE02FE02FE02FE02FE02FE02FE02FE028E
:10423000FE02FE02FE02FE02FE02FE02FE02FE027E
:10424000FE02FE02FE02FE02FE02FE02FE02FE026E
:10425000FE02FE02FE02FE02FE02FE02FE02FE025E
:10426000FE02FE02FE02FE02FE02FE02FE02FE024E
:10427000FE02FE02FE02FE02FE02FE02FE02FE023E
:10428000FE02FE02FE02FE02FE02FE02FE02FE022E
:10429000FE02FE02FE02FE02FE02FE02FE02FE021E
:1042A000FE02FE02FE02FE02FE02FE02FE02FE020E
:1042B000FE02FE02FE02FE02FE02FE02FE02FE02FE
:1042C000FE02FE02FE02FE02FE02FE02FE02FE02EE
:1042D000FE02FE02FE02FE02FE02FE02FE02FE02DE
:1042E000FE02FE02FE02FE02FE02FE02FE02FE02CE
:1042F000FE02FE02FE02FE02FE02FE02FE02FE02BE
:10430000FE02FE02FE02FE02FE02FE02FE02FE02AD
:10431000FE02FE02FE02FE02FE02FE02FE02FE029D
:10432000FE02FE02FE02FE02FE02FE02FE02FE028D
:10433000FE02FE02FE02FE02FE02FE02FE02FE027D
:10434000FE02FE02FE02FE02FE02FE02FE02FE026D
:10435000FE02FE02FE02FE02FE02FE02FE02FE025D
:10436000FE02FE02FE02FE02FE02FE02FE02FE024D
:10437000FE02FE02FE02FE02FE02FE02FE02FE023D
:10438000FE02FE02FE02FE02FE02FE02FE02FE022D
:10439000FE02FE02FE02FE02FE02FE02FE02FE021D
:1043A000FE02FE02FE02FE02FE02FE02FE02FE020D
:1043B000FE02FE02FE02FE02FE02FE02FE02FE02FD
:1043C000FE02FE02FE02FE02FE02FE02FE02FE02ED
:1043D000FE02FE02FE02FE02FE02FE02FE02FE02DD
:1043E000FE02FE02FE02FE02FE02FE02FE02FE02CD
:1043F000FE02FE02FE02FE02FE02FE02FE02FE02BD
:10440000FE02FE02FE02FE02FE02FE02FE02FE02AC
:10441000FE02FE02FE02FE02FE02FE02FE02FE029C
:10442000FE02FE02FE02FE02FE02FE02FE02FE028C
:10443000FE02FE02FE02FE02FE02FE02FE02FE027C
:10444000FE02FE02FE02FE02FE02FE02FE02FE026C
:10445000FE02FE02FE02FE02FE02FE02FE02FE025C
:10446000FE02FE02FE02FE02FE02FE02FE02FE024C
:10447000FE02FE02FE02FE02FE02FE02FE02FE023C
:10448000FE02FE02FE02FE02FE02FE02FE02FE022C
:10449000FE02FE02FE02FE02FE02FE02FE02FE021C
:1044A000FE02FE02FE02FE02FE02FE02FE02FE020C
:1044B000FE02FE02FE02FE02FE02FE02FE02FE02FC
:1044C000FE02FE02FE02FE02FE02FE02FE02FE02EC
:1044D000FE02FE02FE02FE02FE02FE02FE02FE02DC
:1044E000FE02FE02FE02FE02FE02FE02FE02FE02CC
:1044F000FE02FE02FE02FE02FE02FE02FE02FE02BC
:10450000FE02FE02FE02FE02FE02FE02FE02FE02AB
:10451000FE02FE02FE02FE02FE02FE02FE02FE029B
:10452000FE02FE02FE02FE02FE02FE02FE02FE028B
:10453000FE02FE02FE02FE02FE02FE02FE02FE027B
:10454000FE02FE02FE02FE02FE02FE02FE02FE026B
:10455000FE02FE02FE02FE02FE02FE02FE02FE025B
:10456000FE02FE02FE02FE02FE02FE02FE02FE024B
:10457000FE02FE02FE02FE02FE02FE02FE02FE023B
:10458000FE02FE02FE02FE02FE02FE02FE02FE022B
:10459000FE02FE02FE02FE02FE02FE02FE02FE021B
:1045A000FE02FE02FE02FE02FE02FE02FE02FE020B
:1045B000FE02FE02FE02FE02FE02FE02FE02FE02FB
:1045C000FE02FE02FE02FE02FE02FE02FE02FE02EB
:1045D000FE02FE02FE02FE02FE02FE02FE02FE02DB
:1045E000FE02FE02FE02FE02FE02FE02FE02FE02CB
:1045F000FE02FE02FE02FE02FE02FE02FE02FE02BB
:10460000FE02FE02FE02FE02FE02FE02FE02FE02AA
:10461000FE02FE02FE02FE02FE02FE02FE02FE029A
:10462000FE02FE02FE02FE02FE02FE02FE02FE028A
:10463000FE02FE02FE02FE02FE02FE02FE02FE027A
:10464000FE02FE02FE02FE02FE02FE02FE02FE026A
:10465000FE02FE02FE02FE02FE02FE02FE02FE025A
:10466000FE02FE02FE02FE02FE02FE02FE02FE024A
:10467000FE02FE02FE02FE02FE02FE02FE02FE023A
:10468000FE02FE02FE02FE02FE02FE02FE02FE022A
:10469000FE02FE02FE02FE02FE02FE02FE02FE021A
:1046A000FE02FE02FE02FE02FE02FE02FE02FE020A
:1046B000FE02FE02FE02FE02FE02FE02FE02FE02FA
:1046C000FE02FE02FE02FE02FE02FE02FE02FE02EA
:1046D000FE02FE02FE02FE02FE02FE02FE02FE02DA
:1046E000FE02FE02FE02FE02FE02FE02FE02FE02CA
:1046F000FE02FE02FE02FE02FE02FE02FE02FE02BA
:10470000FE02FE02FE02FE02FE02FE02FE02FE02A9
:10471000FE02FE02FE02FE02FE02FE02FE02FE0299
:10472000FE02FE02FE02FE02FE02FE02FE02FE0289
:10473000FE02FE02FE02FE02FE02FE02FE02FE0279
:10474000FE02FE02FE02FE02FE02FE02FE02FE0269
:10475000FE02FE02FE02FE02FE02FE02FE02FE0259
:10476000FE02FE02FE02FE02FE02FE02FE02FE0249
:10477000FE02FE02FE02FE02FE02FE02FE02FE0239
:10478000FE02FE02FE02FE02FE02FE02FE02FE0229
:10479000FE02FE02FE02FE02FE02FE02FE02FE0219
:1047A000FE02FE02FE02FE02FE02FE02FE02FE0209
:1047B000FE02FE02FE02FE02FE02FE02FE02FE02F9
:1047C000FE02FE02FE02FE02FE02FE02FE02FE02E9
:1047D000FE02FE02FE02FE02FE02FE02FE02FE02D9
:1047E000FE02FE02FE02FE02FE02FE02FE02FE02C9
:1047F000FE02FE02FE02FE02FE02FE02FE02FE02B9
:10480000FE02FE02FE02FE02FE02FE02FE02FE02A8
:10481000FE02FE02FE02FE02FE02FE02FE02FE0298
:10482000FE02FE02FE02FE02FE02FE02FE02FE0288
:10483000FE02FE02FE02FE02FE02FE02FE02FE0278
:10484000FE02FE02FE02FE02FE02FE02FE02FE0268
:10485000FE02FE02FE02FE02FE02FE02FE02FE0258
:10486000FE02FE02FE02FE02FE02FE02FE02FE0248
:10487000FE02FE02FE02FE02FE02FE02FE02FE0238
:10488000FE02FE02FE02FE02FE02FE02FE02FE0228
:10489000FE02FE02FE02FE02FE02FE02FE02FE0218
:1048A000FE02FE02FE02FE02FE02FE02FE02FE0208
:1048B000FE02FE02FE02FE02FE02FE02FE02FE02F8
:1048C000FE02FE02FE02FE02FE02FE02FE02FE02E8
:1048D000FE02FE02FE02FE02FE02FE02FE02FE02D8
:1048E000FE02FE02FE02FE02FE02FE02FE02FE02C8
:1048F000FE02FE02FE02FE02FE02FE02FE02FE02B8
:10490000FE02FE02FE02FE02FE02FE02FE02FE02A7
:10491000FE02FE02FE02FE02FE02FE02FE02FE0297
:10492000FE02FE02FE02FE02FE02FE02FE02FE0287
:10493000FE02FE02FE02FE02FE02FE02FE02FE0277
:10494000FE02FE02FE02FE02FE02FE02FE02FE0267
:10495000FE02FE02FE02FE02FE02FE02FE02FE0257
:10496000FE02FE02FE02FE02FE02FE02FE02FE0247
:10497000FE02FE02FE02FE02FE02FE02FE02FE0237
:10498000FE02FE02FE02FE02FE02FE02FE02FE0227
:10499000FE02FE02FE02FE02FE02FE02FE02FE0217
:1049A000FE02FE02FE02FE02FE02FE02FE02FE0207
:1049B000FE02FE02FE02FE02FE02FE02FE02FE02F7
:1049C000FE02FE02FE02FE02FE02FE02FE02FE02E7
:1049D000FE02FE02FE02FE02FE02FE02FE02FE02D7
:1049E000FE02FE02FE02FE02FE02FE02FE02FE02C7
:1049F000FE02FE02FE02FE02FE02FE02FE02FE02B7
:104A0000FE02FE02FE02FE02FE02FE02FE02FE02A6
:104A1000FE02FE02FE02FE02FE02FE02FE02FE0296
:104A2000FE02FE02FE02FE02FE02FE02FE02FE0286
:104A3000FE02FE02FE02FE02FE02FE02FE02FE0276
:104A4000FE02FE02FE02FE02FE02FE02FE02FE0266
:104A5000FE02FE02FE02FE02FE02FE02FE02FE0256
:104A6000FE02FE02FE02FE02FE02FE02FE02FE0246
:104A7000FE02FE02FE02FE02FE02FE02FE02FE0236
:104A8000FE02FE02FE02FE02FE02FE02FE02FE0226
:104A9000FE02FE02FE02FE02FE02FE02FE02FE0216
:104AA000FE02FE02FE02FE02FE02FE02FE02FE0206
:104AB000FE02FE02FE02FE02FE02FE02FE02FE02F6
:104AC000FE02FE02FE02FE02FE02FE02FE02FE02E6
:104AD000FE02FE02FE02FE02FE02FE02FE02FE02D6
:104AE000FE02FE02FE02FE02FE02FE02FE02FE02C6
:104AF000FE02FE02FE02FE02FE02FE02FE02FE02B6
:104B0000FE02FE02FE02FE02FE02FE02FE02FE02A5
:104B1000FE02FE02FE02FE02FE02FE02FE02FE0295
:104B2000FE02FE02FE02FE02FE02FE02FE02FE0285
:104B3000FE02FE02FE02FE02FE02FE02FE02FE0275
:104B4000FE02FE02FE02FE02FE02FE02FE02FE0265
:104B5000FE02FE02FE02FE02FE02FE02FE02FE0255
:104B6000FE02FE02FE02FE02FE02FE02FE02FE0245
:104B7000FE02FE02FE02FE02FE02FE02FE02FE0235
:104B8000FE02FE02FE02FE02FE02FE02FE02FE0225
:104B9000FE02FE02FE02FE02FE02FE02FE02FE0215
:104BA000FE02FE02FE02FE02FE02FE02FE02FE0205
:104BB000FE02FE02FE02FE02FE02FE02FE02FE02F5
:104BC000FE02FE02FE02FE02FE02FE02FE02FE02E5
:104BD000FE02FE02FE02FE02FE02FE02FE02FE02D5
:104BE000FE02FE02FE02FE02FE02FE02FE02FE02C5
:104BF000FE02FE02FE02FE02FE02FE02FE02FE02B5
:104C0000FE02FE02FE02FE02FE02FE02FE02FE02A4
:104C1000FE02FE02FE02FE02FE02FE02FE02FE0294
:104C2000FE02FE02FE02FE02FE02FE02FE02FE0284
:104C3000FE02FE02FE02FE02FE02FE02FE02FE0274
:104C4000FE02FE02FE02FE02FE02FE02FE02FE0264
:104C5000FE02FE02FE02FE02FE02FE02FE02FE0254
:104C6000FE02FE02FE02FE02FE02FE02FE02FE0244
:104C7000FE02FE02FE02FE02FE02FE02FE02FE0234
:104C8000FE02FE02FE02FE02FE02FE02FE02FE0224
:104C9000FE02FE02FE02FE02FE02FE02FE02FE0214
:104CA000FE02FE02FE02FE02FE02FE02FE02FE0204
:104CB000FE02FE02FE02FE02FE02FE02FE02FE02F4
:104CC000FE02FE02FE02FE02FE02FE02FE02FE02E4
:104CD000FE02FE02FE02FE02FE02FE02FE02FE02D4
:104CE000FE02FE02FE02FE02FE02FE02FE02FE02C4
:104CF000FE02FE02FE02FE02FE02FE02FE02FE02B4
:104D0000FE02FE02FE02FE02FE02FE02FE02FE02A3
:104D1000FE02FE02FE02FE02FE02FE02FE02FE0293
:104D2000FE02FE02FE02FE02FE02FE02FE02FE0283
:104D3000FE02FE02FE02FE02FE02FE02FE02FE0273
:104D4000FE02FE02FE02FE02FE02FE02FE02FE0263
:104D5000FE02FE02FE02FE02FE02FE02FE02FE0253
:104D6000FE02FE02FE02FE02FE02FE02FE02FE0243
:104D7000FE02FE02FE02FE02FE02FE02FE02FE0233
:104D8000FE02FE02FE02FE02FE02FE02FE02FE0223
:104D9000FE02FE02FE02FE02FE02FE02FE02FE0213
:104DA000FE02FE02FE02FE02FE02FE02FE02FE0203
:104DB000FE02FE02FE02FE02FE02FE02FE02FE02F3
:104DC000FE02FE02FE02FE02FE02FE02FE02FE02E3
:104DD000FE02FE02FE02FE02FE02FE02FE02FE02D3
:104DE000FE02FE02FE02FE02FE02FE02FE02FE02C3
:104DF000FE02FE02FE02FE02FE02FE02FE02FE02B3
:104E0000FE02FE02FE02FE02FE02FE02FE02FE02A2
:104E1000FE02FE02FE02FE02FE02FE02FE02FE0292
:104E2000FE02FE02FE02FE02FE02FE02FE02FE0282
:104E3000FE02FE02FE02FE02FE02FE02FE02FE0272
:104E4000FE02FE02FE02FE02FE02FE02FE02FE0262
:104E5000FE02FE02FE02FE02FE02FE02FE02FE0252
:104E6000FE02FE02FE02FE02FE02FE02FE02FE0242
:104E7000FE02FE02FE02FE02FE02FE02FE02FE0232
:104E8000FE02FE02FE02FE02FE02FE02FE02FE0222
:104E9000FE02FE02FE02FE02FE02FE02FE02FE0212
:104EA000FE02FE02FE02FE02FE02FE02FE02FE0202
:104EB000FE02FE02FE02FE02FE02FE02FE02FE02F2
:104EC000FE02FE02FE02FE02FE02FE02FE02FE02E2
:104ED000FE02FE02FE02FE02FE02FE02FE02FE02D2
:104EE000FE02FE02FE02FE02FE02FE02FE02FE02C2
:104EF000FE02FE02FE02FE02FE02FE02FE02FE02B2
:104F0000FE02FE02FE02FE02FE02FE02FE02FE02A1
:104F1000FE02FE02FE02FE02FE02FE02FE02FE0291
:104F2000FE02FE02FE02FE02FE02FE02FE02FE0281
:104F3000FE02FE02FE02FE02FE02FE02FE02FE0271
:104F4000FE02FE02FE02FE02FE02FE02FE02FE0261
:104F5000FE02FE02FE02FE02FE02FE02FE02FE0251
:104F6000FE02FE02FE02FE02FE02FE02FE02FE0241
:104F7000FE02FE02FE02FE02FE02FE02FE02FE0231
:104F8000FE02FE02FE02FE02FE02FE02FE02FE0221
:104F9000FE02FE02FE02FE02FE02FE02FE02FE0211
:104FA000FE02FE02FE02FE02FE02FE02FE02FE0201
:104FB000FE02FE02FE02FE02FE02FE02FE02FE02F1
:104FC000FE02FE02FE02FE02FE02FE02FE02FE02E1
:104FD000FE02FE02FE02FE02FE02FE02FE02FE02D1
:104FE000FE02FE02FE02FE02FE02FE02FE02FE02C1
:104FF000FE02FE02FE02FE02FE02FE02FE02FE02B1
:10500000FE02FE02FE02FE02FE02FE02FE02FE02A0
:10501000FE02FE02FE02FE02FE02FE02FE02FE0290
:10502000FE02FE02FE02FE02FE02FE02FE02FE0280
:10503000FE02FE02FE02FE02FE02FE02FE02FE0270
:10504000FE02FE02FE02FE02FE02FE02FE02FE0260
:10505000FE02FE02FE02FE02FE02FE02FE02FE0250
:10506000FE02FE02FE02FE02FE02FE02FE02FE0240
:10507000FE02FE02FE02FE02FE02FE02FE02FE0230
:10508000FE02FE02FE02FE02FE02FE02FE02FE0220
:10509000FE02FE02FE02FE02FE02FE02FE02FE0210
:1050A000FE02FE02FE02FE02FE02FE02FE02FE0200
:1050B000FE02FE02FE02FE02FE02FE02FE02FE02F0
:1050C000FE02FE02FE02FE02FE02FE02FE02FE02E0
:1050D000FE02FE02FE02FE02FE02FE02FE02FE02D0
:1050E000FE02FE02FE02FE02FE02FE02FE02FE02C0
:1050F000FE02FE02FE02FE02FE02FE02FE02FE02B0
:10510000FE02FE02FE02FE02FE02FE02FE02FE029F
:10511000FE02FE02FE02FE02FE02FE02FE02FE028F
:10512000FE02FE02FE02FE02FE02FE02FE02FE027F
:10513000FE02FE02FE02FE02FE02FE02FE02FE026F
:10514000FE02FE02FE02FE02FE02FE02FE02FE025F
:10515000FE02FE02FE02FE02FE02FE02FE02FE024F
:10516000FE02FE02FE02FE02FE02FE02FE02FE023F
:10517000FE02FE02FE02FE02FE02FE02FE02FE022F
:10518000FE02FE02FE02FE02FE02FE02FE02FE021F
:10519000FE02FE02FE02FE02FE02FE02FE02FE020F
:1051A000FE02FE02FE02FE02FE02FE02FE02FE02FF
:1051B000FE02FE02FE02FE02FE02FE02FE02FE02EF
:1051C000FE02FE02FE02FE02FE02FE02FE02FE02DF
:1051D000FE02FE02FE02FE02FE02FE02FE02FE02CF
:1051E000FE02FE02FE02FE02FE02FE02FE02FE02BF
:1051F000FE02FE02FE02FE02FE02FE02FE02FE02AF
:10520000FE02FE02FE02FE02FE02FE02FE02FE029E
:10521000FE02FE02FE02FE02FE02FE02FE02FE028E
:10522000FE02FE02FE02FE02FE02FE02FE02FE027E
:10523000FE02FE02FE02FE02FE02FE02FE02FE026E
:10524000FE02FE02FE02FE02FE02FE02FE02FE025E
:10525000FE02FE02FE02FE02FE02FE02FE02FE024E
:10526000FE02FE02FE02FE02FE02FE02FE02FE023E
:10527000FE02FE02FE02FE02FE02FE02FE02FE022E
:10528000FE02FE02FE02FE02FE02FE02FE02FE021E
:10529000FE02FE02FE02FE02FE02FE02FE02FE020E
:1052A000FE02FE02FE02FE02FE02FE02FE02FE02FE
:1052B000FE02FE02FE02FE02FE02FE02FE02FE02EE
:1052C000FE02FE02FE02FE02FE02FE02FE02FE02DE
:1052D000FE02FE02FE02FE02FE02FE02FE02FE02CE
:1052E000FE02FE02FE02FE02FE02FE02FE02FE02BE
:1052F000FE02FE02FE02FE02FE02FE02FE02FE02AE
:10530000FE02FE02FE02FE02FE02FE02FE02FE029D
:10531000FE02FE02FE02FE02FE02FE02FE02FE028D
:10532000FE02FE02FE02FE02FE02FE02FE02FE027D
:10533000FE02FE02FE02FE02FE02FE02FE02FE026D
:10534000FE02FE02FE02FE02FE02FE02FE02FE025D
:10535000FE02FE02FE02FE02FE02FE02FE02FE024D
:10536000FE02FE02FE02FE02FE02FE02FE02FE023D
:10537000FE02FE02FE02FE02FE02FE02FE02FE022D
:10538000FE02FE02FE02FE02FE02FE02FE02FE021D
:10539000FE02FE02FE02FE02FE02FE02FE02FE020D
:1053A000FE02FE02FE02FE02FE02FE02FE02FE02FD
:1053B000FE02FE02FE02FE02FE02FE02FE02FE02ED
:1053C000FE02FE02FE02FE02FE02FE02FE02FE02DD
:1053D000FE02FE02FE02FE02FE02FE02FE02FE02CD
:1053E000FE02FE02FE02FE02FE02FE02FE02FE02BD
:1053F000FE02FE02FE02FE02FE02FE02FE02FE02AD
:10540000FE02FE02FE02FE02FE02FE02FE02FE029C
:10541000FE02FE02FE02FE02FE02FE02FE02FE028C
:10542000FE02FE02FE02FE02FE02FE02FE02FE027C
:10543000FE02FE02FE02FE02FE02FE02FE02FE026C
:10544000FE02FE02FE02FE02FE02FE02FE02FE025C
:10545000FE02FE02FE02FE02FE02FE02FE02FE024C
:10546000FE02FE02FE02FE02FE02FE02FE02FE023C
:10547000FE02FE02FE02FE02FE02FE02FE02FE022C
:10548000FE02FE02FE02FE02FE02FE02FE02FE021C
:10549000FE02FE02FE02FE02FE02FE02FE02FE020C
:1054A000FE02FE02FE02FE02FE02FE02FE02FE02FC
:1054B000FE02FE02FE02FE02FE02FE02FE02FE02EC
:1054C000FE02FE02FE02FE02FE02FE02FE02FE02DC
:1054D000FE02FE02FE02FE02FE02FE02FE02FE02CC
:1054E000FE02FE02FE02FE02FE02FE02FE02FE02BC
:1054F000FE02FE02FE02FE02FE02FE02FE02FE02AC
:10550000FE02FE02FE02FE02FE02FE02FE02FE029B
:10551000FE02FE02FE02FE02FE02FE02FE02FE028B
:10552000FE02FE02FE02FE02FE02FE02FE02FE027B
:10553000FE02FE02FE02FE02FE02FE02FE02FE026B
:10554000FE02FE02FE02FE02FE02FE02FE02FE025B
:10555000FE02FE02FE02FE02FE02FE02FE02FE024B
:10556000FE02FE02FE02FE02FE02FE02FE02FE023B
:10557000FE02FE02FE02FE02FE02FE02FE02FE022B
:10558000FE02FE02FE02FE02FE02FE02FE02FE021B
:10559000FE02FE02FE02FE02FE02FE02FE02FE020B
:1055A000FE02FE02FE02FE02FE02FE02FE02FE02FB
:1055B000FE02FE02FE02FE02FE02FE02FE02FE02EB
:1055C000FE02FE02FE02FE02FE02FE02FE02FE02DB
:1055D000FE02FE02FE02FE02FE02FE02FE02FE02CB
:1055E000FE02FE02FE02FE02FE02FE02FE02FE02BB
:1055F000FE02FE02FE02FE02FE02FE02FE02FE02AB
:10560000FE02FE02FE02FE02FE02FE02FE02FE029A
:10561000FE02FE02FE02FE02FE02FE02FE02FE028A
:10562000FE02FE02FE02FE02FE02FE02FE02FE027A
:10563000FE02FE02FE02FE02FE02FE02FE02FE026A
:10564000FE02FE02FE02FE02FE02FE02FE02FE025A
:10565000FE02FE02FE02FE02FE02FE02FE02FE024A
:10566000FE02FE02FE02FE02FE02FE02FE02FE023A
:10567000FE02FE02FE02FE02FE02FE02FE02FE022A
:10568000FE02FE02FE02FE02FE02FE02FE02FE021A
:10569000FE02FE02FE02FE02FE02FE02FE02FE020A
:1056A000FE02FE02FE02FE02FE02FE02FE02FE02FA
:1056B000FE02FE02FE02FE02FE02FE02FE02FE02EA
:1056C000FE02FE02FE02FE02FE02FE02FE02FE02DA
:1056D000FE02FE02FE02FE02FE02FE02FE02FE02CA
:1056E000FE02FE02FE02FE02FE02FE02FE02FE02BA
:1056F000FE02FE02FE02FE02FE02FE02FE02FE02AA
:10570000FE02FE02FE02FE02FE02FE02FE02FE0299
:10571000FE02FE02FE02FE02FE02FE02FE02FE0289
:10572000FE02FE02FE02FE02FE02FE02FE02FE0279
:10573000FE02FE02FE02FE02FE02FE02FE02FE0269
:10574000FE02FE02FE02FE02FE02FE02FE02FE0259
:10575000FE02FE02FE02FE02FE02FE02FE02FE0249
:10576000FE02FE02FE02FE02FE02FE02FE02FE0239
:10577000FE02FE02FE02FE02FE02FE02FE02FE0229
:10578000FE02FE02FE02FE02FE02FE02FE02FE0219
:10579000FE02FE02FE02FE02FE02FE02FE02FE0209
:1057A000FE02FE02FE02FE02FE02FE02FE02FE02F9
:1057B000FE02FE02FE02FE02FE02FE02FE02FE02E9
:1057C000FE02FE02FE02FE02FE02FE02FE02FE02D9
:1057D000FE02FE02FE02FE02FE02FE02FE02FE02C9
:1057E000FE02FE02FE02FE02FE02FE02FE02FE02B9
:1057F000FE02FE02FE02FE02FE02FE02FE02FE02A9
:10580000FE02FE02FE02FE02FE02FE02FE02FE0298
:10581000FE02FE02FE02FE02FE02FE02FE02FE0288
:10582000FE02FE02FE02FE02FE02FE02FE02FE0278
:10583000FE02FE02FE02FE02FE02FE02FE02FE0268
:10584000FE02FE02FE02FE02FE02FE02FE02FE0258
:10585000FE02FE02FE02FE02FE02FE02FE02FE0248
:10586000FE02FE02FE02FE02FE02FE02FE02FE0238
:10587000FE02FE02FE02FE02FE02FE02FE02FE0228
:10588000FE02FE02FE02FE02FE02FE02FE02FE0218
:10589000FE02FE02FE02FE02FE02FE02FE02FE0208
:1058A000FE02FE02FE02FE02FE02FE02FE02FE02F8
:1058B000FE02FE02FE02FE02FE02FE02FE02FE02E8
:1058C000FE02FE02FE02FE02FE02FE02FE02FE02D8
:1058D000FE02FE02FE02FE02FE02FE02FE02FE02C8
:1058E000FE02FE02FE02FE02FE02FE02FE02FE02B8
:1058F000FE02FE02FE02FE02FE02FE02FE02FE02A8
:10590000FE02FE02FE02FE02FE02FE02FE02FE0297
:10591000FE02FE02FE02FE02FE02FE02FE02FE0287
:10592000FE02FE02FE02FE02FE02FE02FE02FE0277
:10593000FE02FE02FE02FE02FE02FE02FE02FE0267
:10594000FE02FE02FE02FE02FE02FE02FE02FE0257
:10595000FE02FE02FE02FE02FE02FE02FE02FE0247
:10596000FE02FE02FE02FE02FE02FE02FE02FE0237
:10597000FE02FE02FE02FE02FE02FE02FE02FE0227
:10598000FE02FE02FE02FE02FE02FE02FE02FE0217
:10599000FE02FE02FE02FE02FE02FE02FE02FE0207
:1059A000FE02FE02FE02FE02FE02FE02FE02FE02F7
:1059B000FE02FE02FE02FE02FE02FE02FE02FE02E7
:1059C000FE02FE02FE02FE02FE02FE02FE02FE02D7
:1059D000FE02FE02FE02FE02FE02FE02FE02FE02C7
:1059E000FE02FE02FE02FE02FE02FE02FE02FE02B7
:1059F000FE02FE02FE02FE02FE02FE02FE02FE02A7
:105A0000FE02FE02FE02FE02FE02FE02FE02FE0296
:105A1000FE02FE02FE02FE02FE02FE02FE02FE0286
:105A2000FE02FE02FE02FE02FE02FE02FE02FE0276
:105A3000FE02FE02FE02FE02FE02FE02FE02FE0266
:105A4000FE02FE02FE02FE02FE02FE02FE02FE0256
:105A5000FE02FE02FE02FE02FE02FE02FE02FE0246
:105A6000FE02FE02FE02FE02FE02FE02FE02FE0236
:105A7000FE02FE02FE02FE02FE02FE02FE02FE0226
:105A8000FE02FE02FE02FE02FE02FE02FE02FE0216
:105A9000FE02FE02FE02FE02FE02FE02FE02FE0206
:105AA000FE02FE02FE02FE02FE02FE02FE02FE02F6
:105AB000FE02FE02FE02FE02FE02FE02FE02FE02E6
:105AC000FE02FE02FE02FE02FE02FE02FE02FE02D6
:105AD000FE02FE02FE02FE02FE02FE02FE02FE02C6
:105AE000FE02FE02FE02FE02FE02FE02FE02FE02B6
:105AF000FE02FE02FE02FE02FE02FE02FE02FE02A6
:105B0000FE02FE02FE02FE02FE02FE02FE02FE0295
:105B1000FE02FE02FE02FE02FE02FE02FE02FE0285
:105B2000FE02FE02FE02FE02FE02FE02FE02FE0275
:105B3000FE02FE02FE02FE02FE02FE02FE02FE0265
:105B4000FE02FE02FE02FE02FE02FE02FE02FE0255
:105B5000FE02FE02FE02FE02FE02FE02FE02FE0245
:105B6000FE02FE02FE02FE02FE02FE02FE02FE0235
:105B7000FE02FE02FE02FE02FE02FE02FE02FE0225
:105B8000FE02FE02FE02FE02FE02FE02FE02FE0215
:105B9000FE02FE02FE02FE02FE02FE02FE02FE0205
:105BA000FE02FE02FE02FE02FE02FE02FE02FE02F5
:105BB000FE02FE02FE02FE02FE02FE02FE02FE02E5
:105BC000FE02FE02FE02FE02FE02FE02FE02FE02D5
:105BD000FE02FE02FE02FE02FE02FE02FE02FE02C5
:105BE000FE02FE02FE02FE02FE02FE02FE02FE02B5
:105BF000FE02FE02FE02FE02FE02FE02FE02FE02A5
:105C0000FE02FE02FE02FE02FE02FE02FE02FE0294
:105C1000FE02FE02FE02FE02FE02FE02FE02FE0284
:105C2000FE02FE02FE02FE02FE02FE02FE02FE0274
:105C3000FE02FE02FE02FE02FE02FE02FE02FE0264
:105C4000FE02FE02FE02FE02FE02FE02FE02FE0254
:105C5000FE02FE02FE02FE02FE02FE02FE02FE0244
:105C6000FE02FE02FE02FE02FE02FE02FE02FE0234
:105C7000FE02FE02FE02FE02FE02FE02FE02FE0224
:105C8000FE02FE02FE02FE02FE02FE02FE02FE0214
:105C9000FE02FE02FE02FE02FE02FE02FE02FE0204
:105CA000FE02FE02FE02FE02FE02FE02FE02FE02F4
:105CB000FE02FE02FE02FE02FE02FE02FE02FE02E4
:105CC000FE02FE02FE02FE02FE02FE02FE02FE02D4
:105CD000FE02FE02FE02FE02FE02FE02FE02FE02C4
:105CE000FE02FE02FE02FE02FE02FE02FE02FE02B4
:105CF000FE02FE02FE02FE02FE02FE02FE02FE02A4
:105D0000FE02FE02FE02FE02FE02FE02FE02FE0293
:105D1000FE02FE02FE02FE02FE02FE02FE02FE0283
:105D2000FE02FE02FE02FE02FE02FE02FE02FE0273
:105D3000FE02FE02FE02FE02FE02FE02FE02FE0263
:105D4000FE02FE02FE02FE02FE02FE02FE02FE0253
:105D5000FE02FE02FE02FE02FE02FE02FE02FE0243
:105D6000FE02FE02FE02FE02FE02FE02FE02FE0233
:105D7000FE02FE02FE02FE02FE02FE02FE02FE0223
:105D8000FE02FE02FE02FE02FE02FE02FE02FE0213
:105D9000FE02FE02FE02FE02FE02FE02FE02FE0203
:105DA000FE02FE02FE02FE02FE02FE02FE02FE02F3
:105DB000FE02FE02FE02FE02FE02FE02FE02FE02E3
:105DC000FE02FE02FE02FE02FE02FE02FE02FE02D3
:105DD000FE02FE02FE02FE02FE02FE02FE02FE02C3
:105DE000FE02FE02FE02FE02FE02FE02FE02FE02B3
:105DF000FE02FE02FE02FE02FE02FE02FE02FE02A3
:105E0000FE02FE02FE02FE02FE02FE02FE02FE0292
:105E1000FE02FE02FE02FE02FE02FE02FE02FE0282
:105E2000FE02FE02FE02FE02FE02FE02FE02FE0272
:105E3000FE02FE02FE02FE02FE02FE02FE02FE0262
:105E4000FE02FE02FE02FE02FE02FE02FE02FE0252
:105E5000FE02FE02FE02FE02FE02FE02FE02FE0242
:105E6000FE02FE02FE02FE02FE02FE02FE02FE0232
:105E7000FE02FE02FE02FE02FE02FE02FE02FE0222
:105E8000FE02FE02FE02FE02FE02FE02FE02FE0212
:105E9000FE02FE02FE02FE02FE02FE02FE02FE0202
:105EA000FE02FE02FE02FE02FE02FE02FE02FE02F2
:105EB000FE02FE02FE02FE02FE02FE02FE02FE02E2
:105EC000FE02FE02FE02FE02FE02FE02FE02FE02D2
:105ED000FE02FE02FE02FE02FE02FE02FE02FE02C2
:105EE000FE02FE02FE02FE02FE02FE02FE02FE02B2
:105EF000FE02FE02FE02FE02FE02FE02FE02FE02A2
:105F0000FE02FE02FE02FE02FE02FE02FE02FE0291
:105F1000FE02FE02FE02FE02FE02FE02FE02FE0281
:105F2000FE02FE02FE02FE02FE02FE02FE02FE0271
:105F3000FE02FE02FE02FE02FE02FE02FE02FE0261
:105F4000FE02FE02FE02FE02FE02FE02FE02FE0251
:105F5000FE02FE02FE02FE02FE02FE02FE02FE0241
:105F6000FE02FE02FE02FE02FE02FE02FE02FE0231
:105F7000FE02FE02FE02FE02FE02FE02FE02FE0221
:105F8000FE02FE02FE02FE02FE02FE02FE02FE0211
:105F9000FE02FE02FE02FE02FE02FE02FE02FE0201
:105FA000FE02FE02FE02FE02FE02FE02FE02FE02F1
:105FB000FE02FE02FE02FE02FE02FE02FE02FE02E1
:105FC000FE02FE02FE02FE02FE02FE02FE02FE02D1
:105FD000FE02FE02FE02FE02FE02FE02FE02FE02C1
:105FE000FE02FE02FE02FE02FE02FE02FE02FE02B1
:105FF000FE02FE02FE02FE02FE02FE02FE02FE02A1
:10600000FE02FE02FE02FE02FE02FE02FE02FE0290
:10601000FE02FE02FE02FE02FE02FE02FE02FE0280
:10602000FE02FE02FE02FE02FE02FE02FE02FE0270
:10603000FE02FE02FE02FE02FE02FE02FE02FE0260
:10604000FE02FE02FE02FE02FE02FE02FE02FE0250
:10605000FE02FE02FE02FE02FE02FE02FE02FE0240
:10606000FE02FE02FE02FE02FE02FE02FE02FE0230
:10607000FE02FE02FE02FE02FE02FE02FE02FE0220
:10608000FE02FE02FE02FE02FE02FE02FE02FE0210
:10609000FE02FE02FE02FE02FE02FE02FE02FE0200
:1060A000FE02FE02FE02FE02FE02FE02FE02FE02F0
:1060B000FE02FE02FE02FE02FE02FE02FE02FE02E0
:1060C000FE02FE02FE02FE02FE02FE02FE02FE02D0
:1060D000FE02FE02FE02FE02FE02FE02FE02FE02C0
:1060E000FE02FE02FE02FE02FE02FE02FE02FE02B0
:1060F000FE02FE02FE02FE02FE02FE02FE02FE02A0
:10610000FE02FE02FE02FE02FE02FE02FE02FE028F
:10611000FE02FE02FE02FE02FE02FE02FE02FE027F
:10612000FE02FE02FE02FE02FE02FE02FE02FE026F
:10613000FE02FE02FE02FE02FE02FE02FE02FE025F
:10614000FE02FE02FE02FE02FE02FE02FE02FE024F
:10615000FE02FE02FE02FE02FE02FE02FE02FE023F
:10616000FE02FE02FE02FE02FE02FE02FE02FE022F
:10617000FE02FE02FE02FE02FE02FE02FE02FE021F
:10618000FE02FE02FE02FE02FE02FE02FE02FE020F
:10619000FE02FE02FE02FE02FE02FE02FE02FE02FF
:1061A000FE02FE02FE02FE02FE02FE02FE02FE02EF
:1061B000FE02FE02FE02FE02FE02FE02FE02FE02DF
:1061C000FE02FE02FE02FE02FE02FE02FE02FE02CF
:1061D000FE02FE02FE02FE02FE02FE02FE02FE02BF
:1061E000FE02FE02FE02FE02FE02FE02FE02FE02AF
:1061F000FE02FE02FE02FE02FE02FE02FE02FE029F
:10620000FE02FE02FE02FE02FE02FE02FE02FE028E
:10621000FE02FE02FE02FE02FE02FE02FE02FE027E
:10622000FE02FE02FE02FE02FE02FE02FE02FE026E
:10623000FE02FE02FE02FE02FE02FE02FE02FE025E
:10624000FE02FE02FE02FE02FE02FE02FE02FE024E
:10625000FE02FE02FE02FE02FE02FE02FE02FE023E
:10626000FE02FE02FE02FE02FE02FE02FE02FE022E
:10627000FE02FE02FE02FE02FE02FE02FE02FE021E
:10628000FE02FE02FE02FE02FE02FE02FE02FE020E
:10629000FE02FE02FE02FE02FE02FE02FE02FE02FE
:1062A000FE02FE02FE02FE02FE02FE02FE02FE02EE
:1062B000FE02FE02FE02FE02FE02FE02FE02FE02DE
:1062C000FE02FE02FE02FE02FE02FE02FE02FE02CE
:1062D000FE02FE02FE02FE02FE02FE02FE02FE02BE
:1062E000FE02FE02FE02FE02FE02FE02FE02FE02AE
:1062F000FE02FE02FE02FE02FE02FE02FE02FE029E
:10630000FE02FE02FE02FE02FE02FE02FE02FE028D
:10631000FE02FE02FE02FE02FE02FE02FE02FE027D
:10632000FE02FE02FE02FE02FE02FE02FE02FE026D
:10633000FE02FE02FE02FE02FE02FE02FE02FE025D
:10634000FE02FE02FE02FE02FE02FE02FE02FE024D
:10635000FE02FE02FE02FE02FE02FE02FE02FE023D
:10636000FE02FE02FE02FE02FE02FE02FE02FE022D
:10637000FE02FE02FE02FE02FE02FE02FE02FE021D
:10638000FE02FE02FE02FE02FE02FE02FE02FE020D
:10639000FE02FE02FE02FE02FE02FE02FE02FE02FD
:1063A000FE02FE02FE02FE02FE02FE02FE02FE02ED
:1063B000FE02FE02FE02FE02FE02FE02FE02FE02DD
:1063C000FE02FE02FE02FE02FE02FE02FE02FE02CD
:1063D000FE02FE02FE02FE02FE02FE02FE02FE02BD
:1063E000FE02FE02FE02FE02FE02FE02FE02FE02AD
:1063F000FE02FE02FE02FE02FE02FE02FE02FE029D
:10640000FE02FE02FE02FE02FE02FE02FE02FE028C
:10641000FE02FE02FE02FE02FE02FE02FE02FE027C
:10642000FE02FE02FE02FE02FE02FE02FE02FE026C
:10643000FE02FE02FE02FE02FE02FE02FE02FE025C
:10644000FE02FE02FE02FE02FE02FE02FE02FE024C
:10645000FE02FE02FE02FE02FE02FE02FE02FE023C
:10646000FE02FE02FE02FE02FE02FE02FE02FE022C
:10647000FE02FE02FE02FE02FE02FE02FE02FE021C
:10648000FE02FE02FE02FE02FE02FE02FE02FE020C
:10649000FE02FE02FE02FE02FE02FE02FE02FE02FC
:1064A000FE02FE02FE02FE02FE02FE02FE02FE02EC
:1064B000FE02FE02FE02FE02FE02FE02FE02FE02DC
:1064C000FE02FE02FE02FE02FE02FE02FE02FE02CC
:1064D000FE02FE02FE02FE02FE02FE02FE02FE02BC
:1064E000FE02FE02FE02FE02FE02FE02FE02FE02AC
:1064F000FE02FE02FE02FE02FE02FE02FE02FE029C
:10650000FE02FE02FE02FE02FE02FE02FE02FE028B
:10651000FE02FE02FE02FE02FE02FE02FE02FE027B
:10652000FE02FE02FE02FE02FE02FE02FE02FE026B
:10653000FE02FE02FE02FE02FE02FE02FE02FE025B
:10654000FE02FE02FE02FE02FE02FE02FE02FE024B
:10655000FE02FE02FE02FE02FE02FE02FE02FE023B
:10656000FE02FE02FE02FE02FE02FE02FE02FE022B
:10657000FE02FE02FE02FE02FE02FE02FE02FE021B
:10658000FE02FE02FE02FE02FE02FE02FE02FE020B
:10659000FE02FE02FE02FE02FE02FE02FE02FE02FB
:1065A000FE02FE02FE02FE02FE02FE02FE02FE02EB
:1065B000FE02FE02FE02FE02FE02FE02FE02FE02DB
:1065C000FE02FE02FE02FE02FE02FE02FE02FE02CB
:1065D000FE02FE02FE02FE02FE02FE02FE02FE02BB
:1065E000FE02FE02FE02FE02FE02FE02FE02FE02AB
:1065F000FE02FE02FE02FE02FE02FE02FE02FE029B
:10660000FE02FE02FE02FE02FE02FE02FE02FE028A
:10661000FE02FE02FE02FE02FE02FE02FE02FE027A
:10662000FE02FE02FE02FE02FE02FE02FE02FE026A
:10663000FE02FE02FE02FE02FE02FE02FE02FE025A
:10664000FE02FE02FE02FE02FE02FE02FE02FE024A
:10665000FE02FE02FE02FE02FE02FE02FE02FE023A
:10666000FE02FE02FE02FE02FE02FE02FE02FE022A
:10667000FE02FE02FE02FE02FE02FE02FE02FE021A
:10668000FE02FE02FE02FE02FE02FE02FE02FE020A
:10669000FE02FE02FE02FE02FE02FE02FE02FE02FA
:1066A000FE02FE02FE02FE02FE02FE02FE02FE02EA
:1066B000FE02FE02FE02FE02FE02FE02FE02FE02DA
:1066C000FE02FE02FE02FE02FE02FE02FE02FE02CA
:1066D000FE02FE02FE02FE02FE02FE02FE02FE02BA
:1066E000FE02FE02FE02FE02FE02FE02FE02FE02AA
:1066F000FE02FE02FE02FE02FE02FE02FE02FE029A
:10670000FE02FE02FE02FE02FE02FE02FE02FE0289
:10671000FE02FE02FE02FE02FE02FE02FE02FE0279
:10672000FE02FE02FE02FE02FE02FE02FE02FE0269
:10673000FE02FE02FE02FE02FE02FE02FE02FE0259
:10674000FE02FE02FE02FE02FE02FE02FE02FE0249
:10675000FE02FE02FE02FE02FE02FE02FE02FE0239
:10676000FE02FE02FE02FE02FE02FE02FE02FE0229
:10677000FE02FE02FE02FE02FE02FE02FE02FE0219
:10678000FE02FE02FE02FE02FE02FE02FE02FE0209
:10679000FE02FE02FE02FE02FE02FE02FE02FE02F9
:1067A000FE02FE02FE02FE02FE02FE02FE02FE02E9
:1067B000FE02FE02FE02FE02FE02FE02FE02FE02D9
:1067C000FE02FE02FE02FE02FE02FE02FE02FE02C9
:1067D000FE02FE02FE02FE02FE02FE02FE02FE02B9
:1067E000FE02FE02FE02FE02FE02FE02FE02FE02A9
:1067F000FE02FE02FE02FE02FE02FE02FE02FE0299
:10680000FE02FE02FE02FE02FE02FE02FE02FE0288
:10681000FE02FE02FE02FE02FE02FE02FE02FE0278
:10682000FE02FE02FE02FE02FE02FE02FE02FE0268
:10683000FE02FE02FE02FE02FE02FE02FE02FE0258
:10684000FE02FE02FE02FE02FE02FE02FE02FE0248
:10685000FE02FE02FE02FE02FE02FE02FE02FE0238
:10686000FE02FE02FE02FE02FE02FE02FE02FE0228
:10687000FE02FE02FE02FE02FE02FE02FE02FE0218
:10688000FE02FE02FE02FE02FE02FE02FE02FE0208
:10689000FE02FE02FE02FE02FE02FE02FE02FE02F8
:1068A000FE02FE02FE02FE02FE02FE02FE02FE02E8
:1068B000FE02FE02FE02FE02FE02FE02FE02FE02D8
:1068C000FE02FE02FE02FE02FE02FE02FE02FE02C8
:1068D000FE02FE02FE02FE02FE02FE02FE02FE02B8
:1068E000FE02FE02FE02FE02FE02FE02FE02FE02A8
:1068F000FE02FE02FE02FE02FE02FE02FE02FE0298
:10690000FE02FE02FE02FE02FE02FE02FE02FE0287
:10691000FE02FE02FE02FE02FE02FE02FE02FE0277
:10692000FE02FE02FE02FE02FE02FE02FE02FE0267
:10693000FE02FE02FE02FE02FE02FE02FE02FE0257
:10694000FE02FE02FE02FE02FE02FE02FE02FE0247
:10695000FE02FE02FE02FE02FE02FE02FE02FE0237
:10696000FE02FE02FE02FE02FE02FE02FE02FE0227
:10697000FE02FE02FE02FE02FE02FE02FE02FE0217
:10698000FE02FE02FE02FE02FE02FE02FE02FE0207
:10699000FE02FE02FE02FE02FE02FE02FE02FE02F7
:1069A000FE02FE02FE02FE02FE02FE02FE02FE02E7
:1069B000FE02FE02FE02FE02FE02FE02FE02FE02D7
:1069C000FE02FE02FE02FE02FE02FE02FE02FE02C7
:1069D000FE02FE02FE02FE02FE02FE02FE02FE02B7
:1069E000FE02FE02FE02FE02FE02FE02FE02FE02A7
:1069F000FE02FE02FE02FE02FE02FE02FE02FE0297
:106A0000FE02FE02FE02FE02FE02FE02FE02FE0286
:106A1000FE02FE02FE02FE02FE02FE02FE02FE0276
:106A2000FE02FE02FE02FE02FE02FE02FE02FE0266
:106A3000FE02FE02FE02FE02FE02FE02FE02FE0256
:106A4000FE02FE02FE02FE02FE02FE02FE02FE0246
:106A5000FE02FE02FE02FE02FE02FE02FE02FE0236
:106A6000FE02FE02FE02FE02FE02FE02FE02FE0226
:106A7000FE02FE02FE02FE02FE02FE02FE02FE0216
:106A8000FE02FE02FE02FE02FE02FE02FE02FE0206
:106A9000FE02FE02FE02FE02FE02FE02FE02FE02F6
:106AA000FE02FE02FE02FE02FE02FE02FE02FE02E6
:106AB000FE02FE02FE02FE02FE02FE02FE02FE02D6
:106AC000FE02FE02FE02FE02FE02FE02FE02FE02C6
:106AD000FE02FE02FE02FE02FE02FE02FE02FE02B6
:106AE000FE02FE02FE02FE02FE02FE02FE02FE02A6
:106AF000FE02FE02FE02FE02FE02FE02FE02FE0296
:106B0000FE02FE02FE02FE02FE02FE02FE02FE0285
:106B1000FE02FE02FE02FE02FE02FE02FE02FE0275
:106B2000FE02FE02FE02FE02FE02FE02FE02FE0265
:106B3000FE02FE02FE02FE02FE02FE02FE02FE0255
:106B4000FE02FE02FE02FE02FE02FE02FE02FE0245
:106B5000FE02FE02FE02FE02FE02FE02FE02FE0235
:106B6000FE02FE02FE02FE02FE02FE02FE02FE0225
:106B7000FE02FE02FE02FE02FE02FE02FE02FE0215
:106B8000FE02FE02FE02FE02FE02FE02FE02FE0205
:106B9000FE02FE02FE02FE02FE02FE02FE02FE02F5
:106BA000FE02FE02FE02FE02FE02FE02FE02FE02E5
:106BB000FE02FE02FE02FE02FE02FE02FE02FE02D5
:106BC000FE02FE02FE02FE02FE02FE02FE02FE02C5
:106BD000FE02FE02FE02FE02FE02FE02FE02FE02B5
:106BE000FE02FE02FE02FE02FE02FE02FE02FE02A5
:106BF000FE02FE02FE02FE02FE02FE02FE02FE0295
:106C0000FE02FE02FE02FE02FE02FE02FE02FE0284
:106C1000FE02FE02FE02FE02FE02FE02FE02FE0274
:106C2000FE02FE02FE02FE02FE02FE02FE02FE0264
:106C3000FE02FE02FE02FE02FE02FE02FE02FE0254
:106C4000FE02FE02FE02FE02FE02FE02FE02FE0244
:106C5000FE02FE02FE02FE02FE02FE02FE02FE0234
:106C6000FE02FE02FE02FE02FE02FE02FE02FE0224
:106C7000FE02FE02FE02FE02FE02FE02FE02FE0214
:106C8000FE02FE02FE02FE02FE02FE02FE02FE0204
:106C9000FE02FE02FE02FE02FE02FE02FE02FE02F4
:106CA000FE02FE02FE02FE02FE02FE02FE02FE02E4
:106CB000FE02FE02FE02FE02FE02FE02FE02FE02D4
:106CC000FE02FE02FE02FE02FE02FE02FE02FE02C4
:106CD000FE02FE02FE02FE02FE02FE02FE02FE02B4
:106CE000FE02FE02FE02FE02FE02FE02FE02FE02A4
:106CF000FE02FE02FE02FE02FE02FE02FE02FE0294
:106D0000FE02FE02FE02FE02FE02FE02FE02FE0283
:106D1000FE02FE02FE02FE02FE02FE02FE02FE0273
:106D2000FE02FE02FE02FE02FE02FE02FE02FE0263
:106D3000FE02FE02FE02FE02FE02FE02FE02FE0253
:106D4000FE02FE02FE02FE02FE02FE02FE02FE0243
:106D5000FE02FE02FE02FE02FE02FE02FE02FE0233
:106D6000FE02FE02FE02FE02FE02FE02FE02FE0223
:106D7000FE02FE02FE02FE02FE02FE02FE02FE0213
:106D8000FE02FE02FE02FE02FE02FE02FE02FE0203
:106D9000FE02FE02FE02FE02FE02FE02FE02FE02F3
:106DA000FE02FE02FE02FE02FE02FE02FE02FE02E3
:106DB000FE02FE02FE02FE02FE02FE02FE02FE02D3
:106DC000FE02FE02FE02FE02FE02FE02FE02FE02C3
:106DD000FE02FE02FE02FE02FE02FE02FE02FE02B3
:106DE000FE02FE02FE02FE02FE02FE02FE02FE02A3
:106DF000FE02FE02FE02FE02FE02FE02FE02FE0293
:106E0000FE02FE02FE02FE02FE02FE02FE02FE0282
:106E1000FE02FE02FE02FE02FE02FE02FE02FE0272
:106E2000FE02FE02FE02FE02FE02FE02FE02FE0262
:106E3000FE02FE02FE02FE02FE02FE02FE02FE0252
:106E4000FE02FE02FE02FE02FE02FE02FE02FE0242
:106E5000FE02FE02FE02FE02FE02FE02FE02FE0232
:106E6000FE02FE02FE02FE02FE02FE02FE02FE0222
:106E7000FE02FE02FE02FE02FE02FE02FE02FE0212
:106E8000FE02FE02FE02FE02FE02FE02FE02FE0202
:106E9000FE02FE02FE02FE02FE02FE02FE02FE02F2
:106EA000FE02FE02FE02FE02FE02FE02FE02FE02E2
:106EB000FE02FE02FE02FE02FE02FE02FE02FE02D2
:106EC000FE02FE02FE02FE02FE02FE02FE02FE02C2
:106ED000FE02FE02FE02FE02FE02FE02FE02FE02B2
:106EE000FE02FE02FE02FE02FE02FE02FE02FE02A2
:106EF000FE02FE02FE02FE02FE02FE02FE02FE0292
:106F0000FE02FE02FE02FE02FE02FE02FE02FE0281
:106F1000FE02FE02FE02FE02FE02FE02FE02FE0271
:106F2000FE02FE02FE02FE02FE02FE02FE02FE0261
:106F3000FE02FE02FE02FE02FE02FE02FE02FE0251
:106F4000FE02FE02FE02FE02FE02FE02FE02FE0241
:106F5000FE02FE02FE02FE02FE02FE02FE02FE0231
:106F6000FE02FE02FE02FE02FE02FE02FE02FE0221
:106F7000FE02FE02FE02FE02FE02FE02FE02FE0211
:106F8000FE02FE02FE02FE02FE02FE02FE02FE0201
:106F9000FE02FE02FE02FE02FE02FE02FE02FE02F1
:106FA000FE02FE02FE02FE02FE02FE02FE02FE02E1
:106FB000FE02FE02FE02FE02FE02FE02FE02FE02D1
:106FC000FE02FE02FE02FE02FE02FE02FE02FE02C1
:106FD000FE02FE02FE02FE02FE02FE02FE02FE02B1
:106FE000FE02FE02FE02FE02FE02FE02FE02FE02A1
:106FF000FE02FE02FE02FE02FE02FE02FE02FE0291
:10700000FE02FE02FE02FE02FE02FE02FE02FE0280
:10701000FE02FE02FE02FE02FE02FE02FE02FE0270
:10702000FE02FE02FE02FE02FE02FE02FE02FE0260
:10703000FE02FE02FE02FE02FE02FE02FE02FE0250
:10704000FE02FE02FE02FE02FE02FE02FE02FE0240
:10705000FE02FE02FE02FE02FE02FE02FE02FE0230
:10706000FE02FE02FE02FE02FE02FE02FE02FE0220
:10707000FE02FE02FE02FE02FE02FE02FE02FE0210
:10708000FE02FE02FE02FE02FE02FE02FE02FE0200
:10709000FE02FE02FE02FE02FE02FE02FE02FE02F0
:1070A000FE02FE02FE02FE02FE02FE02FE02FE02E0
:1070B000FE02FE02FE02FE02FE02FE02FE02FE02D0
:1070C000FE02FE02FE02FE02FE02FE02FE02FE02C0
:1070D000FE02FE02FE02FE02FE02FE02FE02FE02B0
:1070E000FE02FE02FE02FE02FE02FE02FE02FE02A0
:1070F000FE02FE02FE02FE02FE02FE02FE02FE0290
:10710000FE02FE02FE02FE02FE02FE02FE02FE027F
:10711000FE02FE02FE02FE02FE02FE02FE02FE026F
:10712000FE02FE02FE02FE02FE02FE02FE02FE025F
:10713000FE02FE02FE02FE02FE02FE02FE02FE024F
:10714000FE02FE02FE02FE02FE02FE02FE02FE023F
:10715000FE02FE02FE02FE02FE02FE02FE02FE022F
:10716000FE02FE02FE02FE02FE02FE02FE02FE021F
:10717000FE02FE02FE02FE02FE02FE02FE02FE020F
:10718000FE02FE02FE02FE02FE02FE02FE02FE02FF
:10719000FE02FE02FE02FE02FE02FE02FE02FE02EF
:1071A000FE02FE02FE02FE02FE02FE02FE02FE02DF
:1071B000FE02FE02FE02FE02FE02FE02FE02FE02CF
:1071C000FE02FE02FE02FE02FE02FE02FE02FE02BF
:1071D000FE02FE02FE02FE02FE02FE02FE02FE02AF
:1071E000FE02FE02FE02FE02FE02FE02FE02FE029F
:1071F000FE02FE02FE02FE02FE02FE02FE02FE028F
:10720000FE02FE02FE02FE02FE02FE02FE02FE027E
:10721000FE02FE02FE02FE02FE02FE02FE02FE026E
:10722000FE02FE02FE02FE02FE02FE02FE02FE025E
:10723000FE02FE02FE02FE02FE02FE02FE02FE024E
:10724000FE02FE02FE02FE02FE02FE02FE02FE023E
:10725000FE02FE02FE02FE02FE02FE02FE02FE022E
:10726000FE02FE02FE02FE02FE02FE02FE02FE021E
:10727000FE02FE02FE02FE02FE02FE02FE02FE020E
:10728000FE02FE02FE02FE02FE02FE02FE02FE02FE
:10729000FE02FE02FE02FE02FE02FE02FE02FE02EE
:1072A000FE02FE02FE02FE02FE02FE02FE02FE02DE
:1072B000FE02FE02FE02FE02FE02FE02FE02FE02CE
:1072C000FE02FE02FE02FE02FE02FE02FE02FE02BE
:1072D000FE02FE02FE02FE02FE02FE02FE02FE02AE
:1072E000FE02FE02FE02FE02FE02FE02FE02FE029E
:1072F000FE02FE02FE02FE02FE02FE02FE02FE028E
:10730000FE02FE02FE02FE02FE02FE02FE02FE027D
:10731000FE02FE02FE02FE02FE02FE02FE02FE026D
:10732000FE02FE02FE02FE02FE02FE02FE02FE025D
:10733000FE02FE02FE02FE02FE02FE02FE02FE024D
:10734000FE02FE02FE02FE02FE02FE02FE02FE023D
:10735000FE02FE02FE02FE02FE02FE02FE02FE022D
:10736000FE02FE02FE02FE02FE02FE02FE02FE021D
:10737000FE02FE02FE02FE02FE02FE02FE02FE020D
:10738000FE02FE02FE02FE02FE02FE02FE02FE02FD
:10739000FE02FE02FE02FE02FE02FE02FE02FE02ED
:1073A000FE02FE02FE02FE02FE02FE02FE02FE02DD
:1073B000FE02FE02FE02FE02FE02FE02FE02FE02CD
:1073C000FE02FE02FE02FE02FE02FE02FE02FE02BD
:1073D000FE02FE02FE02FE02FE02FE02FE02FE02AD
:1073E000FE02FE02FE02FE02FE02FE02FE02FE029D
:1073F000FE02FE02FE02FE02FE02FE02FE02FE028D
:10740000FE02FE02FE02FE02FE02FE02FE02FE027C
:10741000FE02FE02FE02FE02FE02FE02FE02FE026C
:10742000FE02FE02FE02FE02FE02FE02FE02FE025C
:10743000FE02FE02FE02FE02FE02FE02FE02FE024C
:10744000FE02FE02FE02FE02FE02FE02FE02FE023C
:10745000FE02FE02FE02FE02FE02FE02FE02FE022C
:10746000FE02FE02FE02FE02FE02FE02FE02FE021C
:10747000FE02FE02FE02FE02FE02FE02FE02FE020C
:10748000FE02FE02FE02FE02FE02FE02FE02FE02FC
:10749000FE02FE02FE02FE02FE02FE02FE02FE02EC
:1074A000FE02FE02FE02FE02FE02FE02FE02FE02DC
:1074B000FE02FE02FE02FE02FE02FE02FE02FE02CC
:1074C000FE02FE02FE02FE02FE02FE02FE02FE02BC
:1074D000FE02FE02FE02FE02FE02FE02FE02FE02AC
:1074E000FE02FE02FE02FE02FE02FE02FE02FE029C
:1074F000FE02FE02FE02FE02FE02FE02FE02FE028C
:10750000FE02FE02FE02FE02FE02FE02FE02FE027B
:10751000FE02FE02FE02FE02FE02FE02FE02FE026B
:10752000FE02FE02FE02FE02FE02FE02FE02FE025B
:10753000FE02FE02FE02FE02FE02FE02FE02FE024B
:10754000FE02FE02FE02FE02FE02FE02FE02FE023B
:10755000FE02FE02FE02FE02FE02FE02FE02FE022B
:10756000FE02FE02FE02FE02FE02FE02FE02FE021B
:10757000FE02FE02FE02FE02FE02FE02FE02FE020B
:10758000FE02FE02FE02FE02FE02FE02FE02FE02FB
:10759000FE02FE02FE02FE02FE02FE02FE02FE02EB
:1075A000FE02FE02FE02FE02FE02FE02FE02FE02DB
:1075B000FE02FE02FE02FE02FE02FE02FE02FE02CB
:1075C000FE02FE02FE02FE02FE02FE02FE02FE02BB
:1075D000FE02FE02FE02FE02FE02FE02FE02FE02AB
:1075E000FE02FE02FE02FE02FE02FE02FE02FE029B
:1075F000FE02FE02FE02FE02FE02FE02FE02FE028B
:10760000FE02FE02FE02FE02FE02FE02FE02FE027A
:10761000FE02FE02FE02FE02FE02FE02FE02FE026A
:10762000FE02FE02FE02FE02FE02FE02FE02FE025A
:10763000FE02FE02FE02FE02FE02FE02FE02FE024A
:10764000FE02FE02FE02FE02FE02FE02FE02FE023A
:10765000FE02FE02FE02FE02FE02FE02FE02FE022A
:10766000FE02FE02FE02FE02FE02FE02FE02FE021A
:10767000FE02FE02FE02FE02FE02FE02FE02FE020A
:10768000FE02FE02FE02FE02FE02FE02FE02FE02FA
:10769000FE02FE02FE02FE02FE02FE02FE02FE02EA
:1076A000FE02FE02FE02FE02FE02FE02FE02FE02DA
:1076B000FE02FE02FE02FE02FE02FE02FE02FE02CA
:1076C000FE02FE02FE02FE02FE02FE02FE02FE02BA
:1076D000FE02FE02FE02FE02FE02FE02FE02FE02AA
:1076E000FE02FE02FE02FE02FE02FE02FE02FE029A
:1076F000FE02FE02FE02FE02FE02FE02FE02FE028A
:10770000FE02FE02FE02FE02FE02FE02FE02FE0279
:10771000FE02FE02FE02FE02FE02FE02FE02FE0269
:10772000FE02FE02FE02FE02FE02FE02FE02FE0259
:10773000FE02FE02FE02FE02FE02FE02FE02FE0249
:10774000FE02FE02FE02FE02FE02FE02FE02FE0239
:10775000FE02FE02FE02FE02FE02FE02FE02FE0229
:10776000FE02FE02FE02FE02FE02FE02FE02FE0219
:10777000FE02FE02FE02FE02FE02FE02FE02FE0209
:10778000FE02FE02FE02FE02FE02FE02FE02FE02F9
:10779000FE02FE02FE02FE02FE02FE02FE02FE02E9
:1077A000FE02FE02FE02FE02FE02FE02FE02FE02D9
:1077B000FE02FE02FE02FE02FE02FE02FE02FE02C9
:1077C000FE02FE02FE02FE02FE02FE02FE02FE02B9
:1077D000FE02FE02FE02FE02FE02FE02FE02FE02A9
:1077E000FE02FE02FE02FE02FE02FE02FE02FE0299
:1077F000FE02FE02FE02FE02FE02FE02FE02FE0289
:10780000FE02FE02FE02FE02FE02FE02FE02FE0278
:10781000FE02FE02FE02FE02FE02FE02FE02FE0268
:10782000FE02FE02FE02FE02FE02FE02FE02FE0258
:10783000FE02FE02FE02FE02FE02FE02FE02FE0248
:10784000FE02FE02FE02FE02FE02FE02FE02FE0238
:10785000FE02FE02FE02FE02FE02FE02FE02FE0228
:10786000FE02FE02FE02FE02FE02FE02FE02FE0218
:10787000FE02FE02FE02FE02FE02FE02FE02FE0208
:10788000FE02FE02FE02FE02FE02FE02FE02FE02F8
:10789000FE02FE02FE02FE02FE02FE02FE02FE02E8
:1078A000FE02FE02FE02FE02FE02FE02FE02FE02D8
:1078B000FE02FE02FE02FE02FE02FE02FE02FE02C8
:1078C000FE02FE02FE02FE02FE02FE02FE02FE02B8
:1078D000FE02FE02FE02FE02FE02FE02FE02FE02A8
:1078E000FE02FE02FE02FE02FE02FE02FE02FE0298
:1078F000FE02FE02FE02FE02FE02FE02FE02FE0288
:10790000FE02FE02FE02FE02FE02FE02FE02FE0277
:10791000FE02FE02FE02FE02FE02FE02FE02FE0267
:10792000FE02FE02FE02FE02FE02FE02FE02FE0257
:10793000FE02FE02FE02FE02FE02FE02FE02FE0247
:10794000FE02FE02FE02FE02FE02FE02FE02FE0237
:10795000FE02FE02FE02FE02FE02FE02FE02FE0227
:10796000FE02FE02FE02FE02FE02FE02FE02FE0217
:10797000FE02FE02FE02FE02FE02FE02FE02FE0207
:10798000FE02FE02FE02FE02FE02FE02FE02FE02F7
:10799000FE02FE02FE02FE02FE02FE02FE02FE02E7
:1079A000FE02FE02FE02FE02FE02FE02FE02FE02D7
:1079B000FE02FE02FE02FE02FE02FE02FE02FE02C7
:1079C000FE02FE02FE02FE02FE02FE02FE02FE02B7
:1079D000FE02FE02FE02FE02FE02FE02FE02FE02A7
:1079E000FE02FE02FE02FE02FE02FE02FE02FE0297
:1079F000FE02FE02FE02FE02FE02FE02FE02FE0287
:107A0000FE02FE02FE02FE02FE02FE02FE02FE0276
:107A1000FE02FE02FE02FE02FE02FE02FE02FE0266
:107A2000FE02FE02FE02FE02FE02FE02FE02FE0256
:107A3000FE02FE02FE02FE02FE02FE02FE02FE0246
:107A4000FE02FE02FE02FE02FE02FE02FE02FE0236
:107A5000FE02FE02FE02FE02FE02FE02FE02FE0226
:107A6000FE02FE02FE02FE02FE02FE02FE02FE0216
:107A7000FE02FE02FE02FE02FE02FE02FE02FE0206
:107A8000FE02FE02FE02FE02FE02FE02FE02FE02F6
:107A9000FE02FE02FE02FE02FE02FE02FE02FE02E6
:107AA000FE02FE02FE02FE02FE02FE02FE02FE02D6
:107AB000FE02FE02FE02FE02FE02FE02FE02FE02C6
:107AC000FE02FE02FE02FE02FE02FE02FE02FE02B6
:107AD000FE02FE02FE02FE02FE02FE02FE02FE02A6
:107AE000FE02FE02FE02FE02FE02FE02FE02FE0296
:107AF000FE02FE02FE02FE02FE02FE02FE02FE0286
:107B0000FE02FE02FE02FE02FE02FE02FE02FE0275
:107B1000FE02FE02FE02FE02FE02FE02FE02FE0265
:107B2000FE02FE02FE02FE02FE02FE02FE02FE0255
:107B3000FE02FE02FE02FE02FE02FE02FE02FE0245
:107B4000FE02FE02FE02FE02FE02FE02FE02FE0235
:107B5000FE02FE02FE02FE02FE02FE02FE02FE0225
:107B6000FE02FE02FE02FE02FE02FE02FE02FE0215
:107B7000FE02FE02FE02FE02FE02FE02FE02FE0205
:107B8000FE02FE02FE02FE02FE02FE02FE02FE02F5
:107B9000FE02FE02FE02FE02FE02FE02FE02FE02E5
:107BA000FE02FE02FE02FE02FE02FE02FE02FE02D5
:107BB000FE02FE02FE02FE02FE02FE02FE02FE02C5
:107BC000FE02FE02FE02FE02FE02FE02FE02FE02B5
:107BD000FE02FE02FE02FE02FE02FE02FE02FE02A5
:107BE000FE02FE02FE02FE02FE02FE02FE02FE0295
:107BF000FE02FE02FE02FE02FE02FE02FE02FE0285
:107C0000FE02FE02FE02FE02FE02FE02FE02FE0274
:107C1000FE02FE02FE02FE02FE02FE02FE02FE0264
:107C2000FE02FE02FE02FE02FE02FE02FE02FE0254
:107C3000FE02FE02FE02FE02FE02FE02FE02FE0244
:107C4000FE02FE02FE02FE02FE02FE02FE02FE0234
:107C5000FE02FE02FE02FE02FE02FE02FE02FE0224
:107C6000FE02FE02FE02FE02FE02FE02FE02FE0214
:107C7000FE02FE02FE02FE02FE02FE02FE02FE0204
:107C8000FE02FE02FE02FE02FE02FE02FE02FE02F4
:107C9000FE02FE02FE02FE02FE02FE02FE02FE02E4
:107CA000FE02FE02FE02FE02FE02FE02FE02FE02D4
:107CB000FE02FE02FE02FE02FE02FE02FE02FE02C4
:107CC000FE02FE02FE02FE02FE02FE02FE02FE02B4
:107CD000FE02FE02FE02FE02FE02FE02FE02FE02A4
:107CE000FE02FE02FE02FE02FE02FE02FE02FE0294
:107CF000FE02FE02FE02FE02FE02FE02FE02FE0284
:107D0000FE02FE02FE02FE02FE02FE02FE02FE0273
:107D1000FE02FE02FE02FE02FE02FE02FE02FE0263
:107D2000FE02FE02FE02FE02FE02FE02FE02FE0253
:107D3000FE02FE02FE02FE02FE02FE02FE02FE0243
:107D4000FE02FE02FE02FE02FE02FE02FE02FE0233
:107D5000FE02FE02FE02FE02FE02FE02FE02FE0223
:107D6000FE02FE02FE02FE02FE02FE02FE02FE0213
:107D7000FE02FE02FE02FE02FE02FE02FE02FE0203
:107D8000FE02FE02FE02FE02FE02FE02FE02FE02F3
:107D9000FE02FE02FE02FE02FE02FE02FE02FE02E3
:107DA000FE02FE02FE02FE02FE02FE02FE02FE02D3
:107DB000FE02FE02FE02FE02FE02FE02FE02FE02C3
:107DC000FE02FE02FE02FE02FE02FE02FE02FE02B3
:107DD000FE02FE02FE02FE02FE02FE02FE02FE02A3
:107DE000FE02FE02FE02FE02FE02FE02FE02FE0293
:107DF000FE02FE02FE02FE02FE02FE02FE02FE0283
:107E0000FE02FE02FE02FE02FE02FE02FE02FE0272
:107E1000FE02FE02FE02FE02FE02FE02FE02FE0262
:107E2000FE02FE02FE02FE02FE02FE02FE02FE0252
:107E3000FE02FE02FE02FE02FE02FE02FE02FE0242
:107E4000FE02FE02FE02FE02FE02FE02FE02FE0232
:107E5000FE02FE02FE02FE02FE02FE02FE02FE0222
:107E6000FE02FE02FE02FE02FE02FE02FE02FE0212
:107E7000FE02FE02FE02FE02FE02FE02FE02FE0202
:107E8000FE02FE02FE02FE02FE02FE02FE02FE02F2
:107E9000FE02FE02FE02FE02FE02FE02FE02FE02E2
:107EA000FE02FE02FE02FE02FE02FE02FE02FE02D2
:107EB000FE02FE02FE02FE02FE02FE02FE02FE02C2
:107EC000FE02FE02FE02FE02FE02FE02FE02FE02B2
:107ED000FE02FE02FE02FE02FE02FE02FE02FE02A2
:107EE000FE02FE02FE02FE02FE02FE02FE02FE0292
:107EF000FE02FE02FE02FE02FE02FE02FE02FE0282
:107F0000FE02FE02FE02FE02FE02FE02FE02FE0271
:107F1000FE02FE02FE02FE02FE02FE02FE02FE0261
:107F2000FE02FE02FE02FE02FE02FE02FE02FE0251
:107F3000FE02FE02FE02FE02FE02FE02FE02FE0241
:107F4000FE02FE02FE02FE02FE02FE02FE02FE0231
:107F5000FE02FE02FE02FE02FE02FE02FE02FE0221
:107F6000FE02FE02FE02FE02FE02FE02FE02FE0211
:107F7000FE02FE02FE02FE02FE02FE02FE02FE0201
:107F8000FE02FE02FE02FE02FE02FE02FE02FE02F1
:107F9000FE02FE02FE02FE02FE02FE02FE02FE02E1
:107FA000FE02FE02FE02FE02FE02FE02FE02FE02D1
:107FB000FE02FE02FE02FE02FE02FE02FE02FE02C1
:107FC000FE02FE02FE02FE02FE02FE02FE02FE02B1
:107FD000FE02FE02FE02FE02FE02FE02FE02FE02A1
:107FE000FE02FE02FE02FE02FE02FE02FE02FE0291
:107FF000FE02FE02FE02FE02FE02FE02FE02FE0281
:10800000FE02FE02FE02FE02FE02FE02FE02FE0270
:10801000FE02FE02FE02FE02FE02FE02FE02FE0260
:10802000FE02FE02FE02FE02FE02FE02FE02FE0250
:10803000FE02FE02FE02FE02FE02FE02FE02FE0240
:10804000FE02FE02FE02FE02FE02FE02FE02FE0230
:10805000FE02FE02FE02FE02FE02FE02FE02FE0220
:10806000FE02FE02FE02FE02FE02FE02FE02FE0210
:10807000FE02FE02FE02FE02FE02FE02FE02FE0200
:10808000FE02FE02FE02FE02FE02FE02FE02FE02F0
:10809000FE02FE02FE02FE02FE02FE02FE02FE02E0
:1080A000FE02FE02FE02FE02FE02FE02FE02FE02D0
:1080B000FE02FE02FE02FE02FE02FE02FE02FE02C0
:1080C000FE02FE02FE02FE02FE02FE02FE02FE02B0
:1080D000FE02FE02FE02FE02FE02FE02FE02FE02A0
:1080E000FE02FE02FE02FE02FE02FE02FE02FE0290
:1080F000FE02FE02FE02FE02FE02FE02FE02FE0280
:10810000FE02FE02FE02FE02FE02FE02FE02FE026F
:10811000FE02FE02FE02FE02FE02FE02FE02FE025F
:10812000FE02FE02FE02FE02FE02FE02FE02FE024F
:10813000FE02FE02FE02FE02FE02FE02FE02FE023F
:10814000FE02FE02FE02FE02FE02FE02FE02FE022F
:10815000FE02FE02FE02FE02FE02FE02FE02FE021F
:10816000FE02FE02FE02FE02FE02FE02FE02FE020F
:10817000FE02FE02FE02FE02FE02FE02FE02FE02FF
:10818000FE02FE02FE02FE02FE02FE02FE02FE02EF
:10819000FE02FE02FE02FE02FE02FE02FE02FE02DF
:1081A000FE02FE02FE02FE02FE02FE02FE02FE02CF
:1081B000FE02FE02FE02FE02FE02FE02FE02FE02BF
:1081C000FE02FE02FE02FE02FE02FE02FE02FE02AF
:1081D000FE02FE02FE02FE02FE02FE02FE02FE029F
:1081E000FE02FE02FE02FE02FE02FE02FE02FE028F
:1081F000FE02FE02FE02FE02FE02FE02FE02FE027F
:10820000FE02FE02FE02FE02FE02FE02FE02FE026E
:10821000FE02FE02FE02FE02FE02FE02FE02FE025E
:10822000FE02FE02FE02FE02FE02FE02FE02FE024E
:10823000FE02FE02FE02FE02FE02FE02FE02FE023E
:10824000FE02FE02FE02FE02FE02FE02FE02FE022E
:10825000FE02FE02FE02FE02FE02FE02FE02FE021E
:10826000FE02FE02FE02FE02FE02FE02FE02FE020E
:10827000FE02FE02FE02FE02FE02FE02FE02FE02FE
:10828000FE02FE02FE02FE02FE02FE02FE02FE02EE
:10829000FE02FE02FE02FE02FE02FE02FE02FE02DE
:1082A000FE02FE02FE02FE02FE02FE02FE02FE02CE
:1082B000FE02FE02FE02FE02FE02FE02FE02FE02BE
:1082C000FE02FE02FE02FE02FE02FE02FE02FE02AE
:1082D000FE02FE02FE02FE02FE02FE02FE02FE029E
:1082E000FE02FE02FE02FE02FE02FE02FE02FE028E
:1082F000FE02FE02FE02FE02FE02FE02FE02FE027E
:10830000FE02FE02FE02FE02FE02FE02FE02FE026D
:10831000FE02FE02FE02FE02FE02FE02FE02FE025D
:10832000FE02FE02FE02FE02FE02FE02FE02FE024D
:10833000FE02FE02FE02FE02FE02FE02FE02FE023D
:10834000FE02FE02FE02FE02FE02FE02FE02FE022D
:10835000FE02FE02FE02FE02FE02FE02FE02FE021D
:10836000FE02FE02FE02FE02FE02FE02FE02FE020D
:10837000FE02FE02FE02FE02FE02FE02FE02FE02FD
:10838000FE02FE02FE02FE02FE02FE02FE02FE02ED
:10839000FE02FE02FE02FE02FE02FE02FE02FE02DD
:1083A000FE02FE02FE02FE02FE02FE02FE02FE02CD
:1083B000FE02FE02FE02FE02FE02FE02FE02FE02BD
:1083C000FE02FE02FE02FE02FE02FE02FE02FE02AD
:1083D000FE02FE02FE02FE02FE02FE02FE02FE029D
:1083E000FE02FE02FE02FE02FE02FE02FE02FE028D
:1083F000FE02FE02FE02FE02FE02FE02FE02FE027D
:10840000FE02FE02FE02FE02FE02FE02FE02FE026C
:10841000FE02FE02FE02FE02FE02FE02FE02FE025C
:10842000FE02FE02FE02FE02FE02FE02FE02FE024C
:10843000FE02FE02FE02FE02FE02FE02FE02FE023C
:10844000FE02FE02FE02FE02FE02FE02FE02FE022C
:10845000FE02FE02FE02FE02FE02FE02FE02FE021C
:10846000FE02FE02FE02FE02FE02FE02FE02FE020C
:10847000FE02FE02FE02FE02FE02FE02FE02FE02FC
:10848000FE02FE02FE02FE02FE02FE02FE02FE02EC
:10849000FE02FE02FE02FE02FE02FE02FE02FE02DC
:1084A000FE02FE02FE02FE02FE02FE02FE02FE02CC
:1084B000FE02FE02FE02FE02FE02FE02FE02FE02BC
:1084C000FE02FE02FE02FE02FE02FE02FE02FE02AC
:1084D000FE02FE02FE02FE02FE02FE02FE02FE029C
:1084E000FE02FE02FE02FE02FE02FE02FE02FE028C
:1084F000FE02FE02FE02FE02FE02FE02FE02FE027C
:10850000FE02FE02FE02FE02FE02FE02FE02FE026B
:10851000FE02FE02FE02FE02FE02FE02FE02FE025B
:10852000FE02FE02FE02FE02FE02FE02FE02FE024B
:10853000FE02FE02FE02FE02FE02FE02FE02FE023B
:10854000FE02FE02FE02FE02FE02FE02FE02FE022B
:10855000FE02FE02FE02FE02FE02FE02FE02FE021B
:10856000FE02FE02FE02FE02FE02FE02FE02FE020B
:10857000FE02FE02FE02FE02FE02FE02FE02FE02FB
:10858000FE02FE02FE02FE02FE02FE02FE02FE02EB
:10859000FE02FE02FE02FE02FE02FE02FE02FE02DB
:1085A000FE02FE02FE02FE02FE02FE02FE02FE02CB
:1085B000FE02FE02FE02FE02FE02FE02FE02FE02BB
:1085C000FE02FE02FE02FE02FE02FE02FE02FE02AB
:1085D000FE02FE02FE02FE02FE02FE02FE02FE029B
:1085E000FE02FE02FE02FE02FE02FE02FE02FE028B
:1085F000FE02FE02FE02FE02FE02FE02FE02FE027B
:10860000FE02FE02FE02FE02FE02FE02FE02FE026A
:10861000FE02FE02FE02FE02FE02FE02FE02FE025A
:10862000FE02FE02FE02FE02FE02FE02FE02FE024A
:10863000FE02FE02FE02FE02FE02FE02FE02FE023A
:10864000FE02FE02FE02FE02FE02FE02FE02FE022A
:10865000FE02FE02FE02FE02FE02FE02FE02FE021A
:10866000FE02FE02FE02FE02FE02FE02FE02FE020A
:10867000FE02FE02FE02FE02FE02FE02FE02FE02FA
:10868000FE02FE02FE02FE02FE02FE02FE02FE02EA
:10869000FE02FE02FE02FE02FE02FE02FE02FE02DA
:1086A000FE02FE02FE02FE02FE02FE02FE02FE02CA
:1086B000FE02FE02FE02FE02FE02FE02FE02FE02BA
:1086C000FE02FE02FE02FE02FE02FE02FE02FE02AA
:1086D000FE02FE02FE02FE02FE02FE02FE02FE029A
:1086E000FE02FE02FE02FE02FE02FE02FE02FE028A
:1086F000FE02FE02FE02FE02FE02FE02FE02FE027A
:10870000FE02FE02FE02FE02FE02FE02FE02FE0269
:10871000FE02FE02FE02FE02FE02FE02FE02FE0259
:10872000FE02FE02FE02FE02FE02FE02FE02FE0249
:10873000FE02FE02FE02FE02FE02FE02FE02FE0239
:10874000FE02FE02FE02FE02FE02FE02FE02FE0229
:10875000FE02FE02FE02FE02FE02FE02FE02FE0219
:10876000FE02FE02FE02FE02FE02FE02FE02FE0209
:10877000FE02FE02FE02FE02FE02FE02FE02FE02F9
:10878000FE02FE02FE02FE02FE02FE02FE02FE02E9
:10879000FE02FE02FE02FE02FE02FE02FE02FE02D9
:1087A000FE02FE02FE02FE02FE02FE02FE02FE02C9
:1087B000FE02FE02FE02FE02FE02FE02FE02FE02B9
:1087C000FE02FE02FE02FE02FE02FE02FE02FE02A9
:1087D000FE02FE02FE02FE02FE02FE02FE02FE0299
:1087E000FE02FE02FE02FE02FE02FE02FE02FE0289
:1087F000FE02FE02FE02FE02FE02FE02FE02FE0279
:10880000FE02FE02FE02FE02FE02FE02FE02FE0268
:10881000FE02FE02FE02FE02FE02FE02FE02FE0258
:10882000FE02FE02FE02FE02FE02FE02FE02FE0248
:10883000FE02FE02FE02FE02FE02FE02FE02FE0238
:10884000FE02FE02FE02FE02FE02FE02FE02FE0228
:10885000FE02FE02FE02FE02FE02FE02FE02FE0218
:10886000FE02FE02FE02FE02FE02FE02FE02FE0208
:10887000FE02FE02FE02FE02FE02FE02FE02FE02F8
:10888000FE02FE02FE02FE02FE02FE02FE02FE02E8
:10889000FE02FE02FE02FE02FE02FE02FE02FE02D8
:1088A000FE02FE02FE02FE02FE02FE02FE02FE02C8
:1088B000FE02FE02FE02FE02FE02FE02FE02FE02B8
:1088C000FE02FE02FE02FE02FE02FE02FE02FE02A8
:1088D000FE02FE02FE02FE02FE02FE02FE02FE0298
:1088E000FE02FE02FE02FE02FE02FE02FE02FE0288
:1088F000FE02FE02FE02FE02FE02FE02FE02FE0278
:10890000FE02FE02FE02FE02FE02FE02FE02FE0267
:10891000FE02FE02FE02FE02FE02FE02FE02FE0257
:10892000FE02FE02FE02FE02FE02FE02FE02FE0247
:10893000FE02FE02FE02FE02FE02FE02FE02FE0237
:10894000FE02FE02FE02FE02FE02FE02FE02FE0227
:10895000FE02FE02FE02FE02FE02FE02FE02FE0217
:10896000FE02FE02FE02FE02FE02FE02FE02FE0207
:10897000FE02FE02FE02FE02FE02FE02FE02FE02F7
:10898000FE02FE02FE02FE02FE02FE02FE02FE02E7
:10899000FE02FE02FE02FE02FE02FE02FE02FE02D7
:1089A000FE02FE02FE02FE02FE02FE02FE02FE02C7
:1089B000FE02FE02FE02FE02FE02FE02FE02FE02B7
:1089C000FE02FE02FE02FE02FE02FE02FE02FE02A7
:1089D000FE02FE02FE02FE02FE02FE02FE02FE0297
:1089E000FE02FE02FE02FE02FE02FE02FE02FE0287
:1089F000FE02FE02FE02FE02FE02FE02FE02FE0277
:108A0000FE02FE02FE02FE02FE02FE02FE02FE0266
:108A1000FE02FE02FE02FE02FE02FE02FE02FE0256
:108A2000FE02FE02FE02FE02FE02FE02FE02FE0246
:108A3000FE02FE02FE02FE02FE02FE02FE02FE0236
:108A4000FE02FE02FE02FE02FE02FE02FE02FE0226
:108A5000FE02FE02FE02FE02FE02FE02FE02FE0216
:108A6000FE02FE02FE02FE02FE02FE02FE02FE0206
:108A7000FE02FE02FE02FE02FE02FE02FE02FE02F6
:108A8000FE02FE02FE02FE02FE02FE02FE02FE02E6
:108A9000FE02FE02FE02FE02FE02FE02FE02FE02D6
:108AA000FE02FE02FE02FE02FE02FE02FE02FE02C6
:108AB000FE02FE02FE02FE02FE02FE02FE02FE02B6
:108AC000FE02FE02FE02FE02FE02FE02FE02FE02A6
:108AD000FE02FE02FE02FE02FE02FE02FE02FE0296
:108AE000FE02FE02FE02FE02FE02FE02FE02FE0286
:108AF000FE02FE02FE02FE02FE02FE02FE02FE0276
:108B0000FE02FE02FE02FE02FE02FE02FE02FE0265
:108B1000FE02FE02FE02FE02FE02FE02FE02FE0255
:108B2000FE02FE02FE02FE02FE02FE02FE02FE0245
:108B3000FE02FE02FE02FE02FE02FE02FE02FE0235
:108B4000FE02FE02FE02FE02FE02FE02FE02FE0225
:108B5000FE02FE02FE02FE02FE02FE02FE02FE0215
:108B6000FE02FE02FE02FE02FE02FE02FE02FE0205
:108B7000FE02FE02FE02FE02FE02FE02FE02FE02F5
:108B8000FE02FE02FE02FE02FE02FE02FE02FE02E5
:108B9000FE02FE02FE02FE02FE02FE02FE02FE02D5
:108BA000FE02FE02FE02FE02FE02FE02FE02FE02C5
:108BB000FE02FE02FE02FE02FE02FE02FE02FE02B5
:108BC000FE02FE02FE02FE02FE02FE02FE02FE02A5
:108BD000FE02FE02FE02FE02FE02FE02FE02FE0295
:108BE000FE02FE02FE02FE02FE02FE02FE02FE0285
:108BF000FE02FE02FE02FE02FE02FE02FE02FE0275
:108C0000FE02FE02FE02FE02FE02FE02FE02FE0264
:108C1000FE02FE02FE02FE02FE02FE02FE02FE0254
:108C2000FE02FE02FE02FE02FE02FE02FE02FE0244
:108C3000FE02FE02FE02FE02FE02FE02FE02FE0234
:108C4000FE02FE02FE02FE02FE02FE02FE02FE0224
:108C5000FE02FE02FE02FE02FE02FE02FE02FE0214
:108C6000FE02FE02FE02FE02FE02FE02FE02FE0204
:108C7000FE02FE02FE02FE02FE02FE02FE02FE02F4
:108C8000FE02FE02FE02FE02FE02FE02FE02FE02E4
:108C9000FE02FE02FE02FE02FE02FE02FE02FE02D4
:108CA000FE02FE02FE02FE02FE02FE02FE02FE02C4
:108CB000FE02FE02FE02FE02FE02FE02FE02FE02B4
:108CC000FE02FE02FE02FE02FE02FE02FE02FE02A4
:108CD000FE02FE02FE02FE02FE02FE02FE02FE0294
:108CE000FE02FE02FE02FE02FE02FE02FE02FE0284
:108CF000FE02FE02FE02FE02FE02FE02FE02FE0274
:108D0000FE02FE02FE02FE02FE02FE02FE02FE0263
:108D1000FE02FE02FE02FE02FE02FE02FE02FE0253
:108D2000FE02FE02FE02FE02FE02FE02FE02FE0243
:108D3000FE02FE02FE02FE02FE02FE02FE02FE0233
:108D4000FE02FE02FE02FE02FE02FE02FE02FE0223
:108D5000FE02FE02FE02FE02FE02FE02FE02FE0213
:108D6000FE02FE02FE02FE02FE02FE02FE02FE0203
:108D7000FE02FE02FE02FE02FE02FE02FE02FE02F3
:108D8000FE02FE02FE02FE02FE02FE02FE02FE02E3
:108D9000FE02FE02FE02FE02FE02FE02FE02FE02D3
:108DA000FE02FE02FE02FE02FE02FE02FE02FE02C3
:108DB000FE02FE02FE02FE02FE02FE02FE02FE02B3
:108DC000FE02FE02FE02FE02FE02FE02FE02FE02A3
:108DD000FE02FE02FE02FE02FE02FE02FE02FE0293
:108DE000FE02FE02FE02FE02FE02FE02FE02FE0283
:108DF000FE02FE02FE02FE02FE02FE02FE02FE0273
:108E0000FE02FE02FE02FE02FE02FE02FE02FE0262
:108E1000FE02FE02FE02FE02FE02FE02FE02FE0252
:108E2000FE02FE02FE02FE02FE02FE02FE02FE0242
:108E3000FE02FE02FE02FE02FE02FE02FE02FE0232
:108E4000FE02FE02FE02FE02FE02FE02FE02FE0222
:108E5000FE02FE02FE02FE02FE02FE02FE02FE0212
:108E6000FE02FE02FE02FE02FE02FE02FE02FE0202
:108E7000FE02FE02FE02FE02FE02FE02FE02FE02F2
:108E8000FE02FE02FE02FE02FE02FE02FE02FE02E2
:108E9000FE02FE02FE02FE02FE02FE02FE02FE02D2
:108EA000FE02FE02FE02FE02FE02FE02FE02FE02C2
:108EB000FE02FE02FE02FE02FE02FE02FE02FE02B2
:108EC000FE02FE02FE02FE02FE02FE02FE02FE02A2
:108ED000FE02FE02FE02FE02FE02FE02FE02FE0292
:108EE000FE02FE02FE02FE02FE02FE02FE02FE0282
:108EF000FE02FE02FE02FE02FE02FE02FE02FE0272
:108F0000FE02FE02FE02FE02FE02FE02FE02FE0261
:108F1000FE02FE02FE02FE02FE02FE02FE02FE0251
:108F2000FE02FE02FE02FE02FE02FE02FE02FE0241
:108F3000FE02FE02FE02FE02FE02FE02FE02FE0231
:108F4000FE02FE02FE02FE02FE02FE02FE02FE0221
:108F5000FE02FE02FE02FE02FE02FE02FE02FE0211
:108F6000FE02FE02FE02FE02FE02FE02FE02FE0201
:108F7000FE02FE02FE02FE02FE02FE02FE02FE02F1
:108F8000FE02FE02FE02FE02FE02FE02FE02FE02E1
:108F9000FE02FE02FE02FE02FE02FE02FE02FE02D1
:108FA000FE02FE02FE02FE02FE02FE02FE02FE02C1
:108FB000FE02FE02FE02FE02FE02FE02FE02FE02B1
:108FC000FE02FE02FE02FE02FE02FE02FE02FE02A1
:108FD000FE02FE02FE02FE02FE02FE02FE02FE0291
:108FE000FE02FE02FE02FE02FE02FE02FE02FE0281
:108FF000FE02FE02FE02FE02FE02FE02FE02FE0271
:10900000FE02FE02FE02FE02FE02FE02FE02FE0260
:10901000FE02FE02FE02FE02FE02FE02FE02FE0250
:10902000FE02FE02FE02FE02FE02FE02FE02FE0240
:10903000FE02FE02FE02FE02FE02FE02FE02FE0230
:10904000FE02FE02FE02FE02FE02FE02FE02FE0220
:10905000FE02FE02FE02FE02FE02FE02FE02FE0210
:10906000FE02FE02FE02FE02FE02FE02FE02FE0200
:10907000FE02FE02FE02FE02FE02FE02FE02FE02F0
:10908000FE02FE02FE02FE02FE02FE02FE02FE02E0
:10909000FE02FE02FE02FE02FE02FE02FE02FE02D0
:1090A000FE02FE02FE02FE02FE02FE02FE02FE02C0
:1090B000FE02FE02FE02FE02FE02FE02FE02FE02B0
:1090C000FE02FE02FE02FE02FE02FE02FE02FE02A0
:1090D000FE02FE02FE02FE02FE02FE02FE02FE0290
:1090E000FE02FE02FE02FE02FE02FE02FE02FE0280
:1090F000FE02FE02FE02FE02FE02FE02FE02FE0270
:10910000FE02FE02FE02FE02FE02FE02FE02FE025F
:10911000FE02FE02FE02FE02FE02FE02FE02FE024F
:10912000FE02FE02FE02FE02FE02FE02FE02FE023F
:10913000FE02FE02FE02FE02FE02FE02FE02FE022F
:10914000FE02FE02FE02FE02FE02FE02FE02FE021F
:10915000FE02FE02FE02FE02FE02FE02FE02FE020F
:10916000FE02FE02FE02FE02FE02FE02FE02FE02FF
:10917000FE02FE02FE02FE02FE02FE02FE02FE02EF
:10918000FE02FE02FE02FE02FE02FE02FE02FE02DF
:10919000FE02FE02FE02FE02FE02FE02FE02FE02CF
:1091A000FE02FE02FE02FE02FE02FE02FE02FE02BF
:1091B000FE02FE02FE02FE02FE02FE02FE02FE02AF
:1091C000FE02FE02FE02FE02FE02FE02FE02FE029F
:1091D000FE02FE02FE02FE02FE02FE02FE02FE028F
:1091E000FE02FE02FE02FE02FE02FE02FE02FE027F
:1091F000FE02FE02FE02FE02FE02FE02FE02FE026F
:10920000FE02FE02FE02FE02FE02FE02FE02FE025E
:10921000FE02FE02FE02FE02FE02FE02FE02FE024E
:10922000FE02FE02FE02FE02FE02FE02FE02FE023E
:10923000FE02FE02FE02FE02FE02FE02FE02FE022E
:10924000FE02FE02FE02FE02FE02FE02FE02FE021E
:10925000FE02FE02FE02FE02FE02FE02FE02FE020E
:10926000FE02FE02FE02FE02FE02FE02FE02FE02FE
:10927000FE02FE02FE02FE02FE02FE02FE02FE02EE
:10928000FE02FE02FE02FE02FE02FE02FE02FE02DE
:10929000FE02FE02FE02FE02FE02FE02FE02FE02CE
:1092A000FE02FE02FE02FE02FE02FE02FE02FE02BE
:1092B000FE02FE02FE02FE02FE02FE02FE02FE02AE
:1092C000FE02FE02FE02FE02FE02FE02FE02FE029E
:1092D000FE02FE02FE02FE02FE02FE02FE02FE028E
:1092E000FE02FE02FE02FE02FE02FE02FE02FE027E
:1092F000FE02FE02FE02FE02FE02FE02FE02FE026E
:10930000FE02FE02FE02FE02FE02FE02FE02FE025D
:10931000FE02FE02FE02FE02FE02FE02FE02FE024D
:10932000FE02FE02FE02FE02FE02FE02FE02FE023D
:10933000FE02FE02FE02FE02FE02FE02FE02FE022D
:10934000FE02FE02FE02FE02FE02FE02FE02FE021D
:10935000FE02FE02FE02FE02FE02FE02FE02FE020D
:10936000FE02FE02FE02FE02FE02FE02FE02FE02FD
:10937000FE02FE02FE02FE02FE02FE02FE02FE02ED
:10938000FE02FE02FE02FE02FE02FE02FE02FE02DD
:10939000FE02FE02FE02FE02FE02FE02FE02FE02CD
:1093A000FE02FE02FE02FE02FE02FE02FE02FE02BD
:1093B000FE02FE02FE02FE02FE02FE02FE02FE02AD
:1093C000FE02FE02FE02FE02FE02FE02FE02FE029D
:1093D000FE02FE02FE02FE02FE02FE02FE02FE028D
:1093E000FE02FE02FE02FE02FE02FE02FE02FE027D
:1093F000FE02FE02FE02FE02FE02FE02FE02FE026D
:10940000FE02FE02FE02FE02FE02FE02FE02FE025C
:10941000FE02FE02FE02FE02FE02FE02FE02FE024C
:10942000FE02FE02FE02FE02FE02FE02FE02FE023C
:10943000FE02FE02FE02FE02FE02FE02FE02FE022C
:10944000FE02FE02FE02FE02FE02FE02FE02FE021C
:10945000FE02FE02FE02FE02FE02FE02FE02FE020C
:10946000FE02FE02FE02FE02FE02FE02FE02FE02FC
:10947000FE02FE02FE02FE02FE02FE02FE02FE02EC
:10948000FE02FE02FE02FE02FE02FE02FE02FE02DC
:10949000FE02FE02FE02FE02FE02FE02FE02FE02CC
:1094A000FE02FE02FE02FE02FE02FE02FE02FE02BC
:1094B000FE02FE02FE02FE02FE02FE02FE02FE02AC
:1094C000FE02FE02FE02FE02FE02FE02FE02FE029C
:1094D000FE02FE02FE02FE02FE02FE02FE02FE028C
:1094E000FE02FE02FE02FE02FE02FE02FE02FE027C
:1094F000FE02FE02FE02FE02FE02FE02FE02FE026C
:10950000FE02FE02FE02FE02FE02FE02FE02FE025B
:10951000FE02FE02FE02FE02FE02FE02FE02FE024B
:10952000FE02FE02FE02FE02FE02FE02FE02FE023B
:10953000FE02FE02FE02FE02FE02FE02FE02FE022B
:10954000FE02FE02FE02FE02FE02FE02FE02FE021B
:10955000FE02FE02FE02FE02FE02FE02FE02FE020B
:10956000FE02FE02FE02FE02FE02FE02FE02FE02FB
:10957000FE02FE02FE02FE02FE02FE02FE02FE02EB
:10958000FE02FE02FE02FE02FE02FE02FE02FE02DB
:10959000FE02FE02FE02FE02FE02FE02FE02FE02CB
:1095A000FE02FE02FE02FE02FE02FE02FE02FE02BB
:1095B000FE02FE02FE02FE02FE02FE02FE02FE02AB
:1095C000FE02FE02FE02FE02FE02FE02FE02FE029B
:1095D000FE02FE02FE02FE02FE02FE02FE02FE028B
:1095E000FE02FE02FE02FE02FE02FE02FE02FE027B
:1095F000FE02FE02FE02FE02FE02FE02FE02FE026B
:10960000FE02FE02FE02FE02FE02FE02FE02FE025A
:10961000FE02FE02FE02FE02FE02FE02FE02FE024A
:10962000FE02FE02FE02FE02FE02FE02FE02FE023A
:10963000FE02FE02FE02FE02FE02FE02FE02FE022A
:10964000FE02FE02FE02FE02FE02FE02FE02FE021A
:10965000FE02FE02FE02FE02FE02FE02FE02FE020A
:10966000FE02FE02FE02FE02FE02FE02FE02FE02FA
:10967000FE02FE02FE02FE02FE02FE02FE02FE02EA
:10968000FE02FE02FE02FE02FE02FE02FE02FE02DA
:10969000FE02FE02FE02FE02FE02FE02FE02FE02CA
:1096A000FE02FE02FE02FE02FE02FE02FE02FE02BA
:1096B000FE02FE02FE02FE02FE02FE02FE02FE02AA
:1096C000FE02FE02FE02FE02FE02FE02FE02FE029A
:1096D000FE02FE02FE02FE02FE02FE02FE02FE028A
:1096E000FE02FE02FE02FE02FE02FE02FE02FE027A
:1096F000FE02FE02FE02FE02FE02FE02FE02FE026A
:10970000FE02FE02FE02FE02FE02FE02FE02FE0259
:10971000FE02FE02FE02FE02FE02FE02FE02FE0249
:10972000FE02FE02FE02FE02FE02FE02FE02FE0239
:10973000FE02FE02FE02FE02FE02FE02FE02FE0229
:10974000FE02FE02FE02FE02FE02FE02FE02FE0219
:10975000FE02FE02FE02FE02FE02FE02FE02FE0209
:10976000FE02FE02FE02FE02FE02FE02FE02FE02F9
:10977000FE02FE02FE02FE02FE02FE02FE02FE02E9
:10978000FE02FE02FE02FE02FE02FE02FE02FE02D9
:10979000FE02FE02FE02FE02FE02FE02FE02FE02C9
:1097A000FE02FE02FE02FE02FE02FE02FE02FE02B9
:1097B000FE02FE02FE02FE02FE02FE02FE02FE02A9
:1097C000FE02FE02FE02FE02FE02FE02FE02FE0299
:1097D000FE02FE02FE02FE02FE02FE02FE02FE0289
:1097E000FE02FE02FE02FE02FE02FE02FE02FE0279
:1097F000FE02FE02FE02FE02FE02FE02FE02FE0269
:10980000FE02FE02FE02FE02FE02FE02FE02FE0258
:10981000FE02FE02FE02FE02FE02FE02FE02FE0248
:10982000FE02FE02FE02FE02FE02FE02FE02FE0238
:10983000FE02FE02FE02FE02FE02FE02FE02FE0228
:10984000FE02FE02FE02FE02FE02FE02FE02FE0218
:10985000FE02FE02FE02FE02FE02FE02FE02FE0208
:10986000FE02FE02FE02FE02FE02FE02FE02FE02F8
:10987000FE02FE02FE02FE02FE02FE02FE02FE02E8
:10988000FE02FE02FE02FE02FE02FE02FE02FE02D8
:10989000FE02FE02FE02FE02FE02FE02FE02FE02C8
:1098A000FE02FE02FE02FE02FE02FE02FE02FE02B8
:1098B000FE02FE02FE02FE02FE02FE02FE02FE02A8
:1098C000FE02FE02FE02FE02FE02FE02FE02FE0298
:1098D000FE02FE02FE02FE02FE02FE02FE02FE0288
:1098E000FE02FE02FE02FE02FE02FE02FE02FE0278
:1098F000FE02FE02FE02FE02FE02FE02FE02FE0268
:10990000FE02FE02FE02FE02FE02FE02FE02FE0257
:10991000FE02FE02FE02FE02FE02FE02FE02FE0247
:10992000FE02FE02FE02FE02FE02FE02FE02FE0237
:10993000FE02FE02FE02FE02FE02FE02FE02FE0227
:10994000FE02FE02FE02FE02FE02FE02FE02FE0217
:10995000FE02FE02FE02FE02FE02FE02FE02FE0207
:10996000FE02FE02FE02FE02FE02FE02FE02FE02F7
:10997000FE02FE02FE02FE02FE02FE02FE02FE02E7
:10998000FE02FE02FE02FE02FE02FE02FE02FE02D7
:10999000FE02FE02FE02FE02FE02FE02FE02FE02C7
:1099A000FE02FE02FE02FE02FE02FE02FE02FE02B7
:1099B000FE02FE02FE02FE02FE02FE02FE02FE02A7
:1099C000FE02FE02FE02FE02FE02FE02FE02FE0297
:1099D000FE02FE02FE02FE02FE02FE02FE02FE0287
:1099E000FE02FE02FE02FE02FE02FE02FE02FE0277
:1099F000FE02FE02FE02FE02FE02FE02FE02FE0267
:109A0000FE02FE02FE02FE02FE02FE02FE02FE0256
:109A1000FE02FE02FE02FE02FE02FE02FE02FE0246
:109A2000FE02FE02FE02FE02FE02FE02FE02FE0236
:109A3000FE02FE02FE02FE02FE02FE02FE02FE0226
:109A4000FE02FE02FE02FE02FE02FE02FE02FE0216
:109A5000FE02FE02FE02FE02FE02FE02FE02FE0206
:109A6000FE02FE02FE02FE02FE02FE02FE02FE02F6
:109A7000FE02FE02FE02FE02FE02FE02FE02FE02E6
:109A8000FE02FE02FE02FE02FE02FE02FE02FE02D6
:109A9000FE02FE02FE02FE02FE02FE02FE02FE02C6
:109AA000FE02FE02FE02FE02FE02FE02FE02FE02B6
:109AB000FE02FE02FE02FE02FE02FE02FE02FE02A6
:109AC000FE02FE02FE02FE02FE02FE02FE02FE0296
:109AD000FE02FE02FE02FE02FE02FE02FE02FE0286
:109AE000FE02FE02FE02FE02FE02FE02FE02FE0276
:109AF000FE02FE02FE02FE02FE02FE02FE02FE0266
:109B0000FE02FE02FE02FE02FE02FE02FE02FE0255
:109B1000FE02FE02FE02FE02FE02FE02FE02FE0245
:109B2000FE02FE02FE02FE02FE02FE02FE02FE0235
:109B3000FE02FE02FE02FE02FE02FE02FE02FE0225
:109B4000FE02FE02FE02FE02FE02FE02FE02FE0215
:109B5000FE02FE02FE02FE02FE02FE02FE02FE0205
:109B6000FE02FE02FE02FE02FE02FE02FE02FE02F5
:109B7000FE02FE02FE02FE02FE02FE02FE02FE02E5
:109B8000FE02FE02FE02FE02FE02FE02FE02FE02D5
:109B9000FE02FE02FE02FE02FE02FE02FE02FE02C5
:109BA000FE02FE02FE02FE02FE02FE02FE02FE02B5
:109BB000FE02FE02FE02FE02FE02FE02FE02FE02A5
:109BC000FE02FE02FE02FE02FE02FE02FE02FE0295
:109BD000FE02FE02FE02FE02FE02FE02FE02FE0285
:109BE000FE02FE02FE02FE02FE02FE02FE02FE0275
:109BF000FE02FE02FE02FE02FE02FE02FE02FE0265
:109C0000FE02FE02FE02FE02FE02FE02FE02FE0254
:109C1000FE02FE02FE02FE02FE02FE02FE02FE0244
:109C2000FE02FE02FE02FE02FE02FE02FE02FE0234
:109C3000FE02FE02FE02FE02FE02FE02FE02FE0224
:109C4000FE02FE02FE02FE02FE02FE02FE02FE0214
:109C5000FE02FE02FE02FE02FE02FE02FE02FE0204
:109C6000FE02FE02FE02FE02FE02FE02FE02FE02F4
:109C7000FE02FE02FE02FE02FE02FE02FE02FE02E4
:109C8000FE02FE02FE02FE02FE02FE02FE02FE02D4
:109C9000FE02FE02FE02FE02FE02FE02FE02FE02C4
:109CA000FE02FE02FE02FE02FE02FE02FE02FE02B4
:109CB000FE02FE02FE02FE02FE02FE02FE02FE02A4
:109CC000FE02FE02FE02FE02FE02FE02FE02FE0294
:109CD000FE02FE02FE02FE02FE02FE02FE02FE0284
:109CE000FE02FE02FE02FE02FE02FE02FE02FE0274
:109CF000FE02FE02FE02FE02FE02FE02FE02FE0264
:109D0000FE02FE02FE02FE02FE02FE02FE02FE0253
:109D1000FE02FE02FE02FE02FE02FE02FE02FE0243
:109D2000FE02FE02FE02FE02FE02FE02FE02FE0233
:109D3000FE02FE02FE02FE02FE02FE02FE02FE0223
:109D4000FE02FE02FE02FE02FE02FE02FE02FE0213
:109D5000FE02FE02FE02FE02FE02FE02FE02FE0203
:109D6000FE02FE02FE02FE02FE02FE02FE02FE02F3
:109D7000FE02FE02FE02FE02FE02FE02FE02FE02E3
:109D8000FE02FE02FE02FE02FE02FE02FE02FE02D3
:109D9000FE02FE02FE02FE02FE02FE02FE02FE02C3
:109DA000FE02FE02FE02FE02FE02FE02FE02FE02B3
:109DB000FE02FE02FE02FE02FE02FE02FE02FE02A3
:109DC000FE02FE02FE02FE02FE02FE02FE02FE0293
:109DD000FE02FE02FE02FE02FE02FE02FE02FE0283
:109DE000FE02FE02FE02FE02FE02FE02FE02FE0273
:109DF000FE02FE02FE02FE02FE02FE02FE02FE0263
:109E0000FE02FE02FE02FE02FE02FE02FE02FE0252
:109E1000FE02FE02FE02FE02FE02FE02FE02FE0242
:109E2000FE02FE02FE02FE02FE02FE02FE02FE0232
:109E3000FE02FE02FE02FE02FE02FE02FE02FE0222
:109E4000FE02FE02FE02FE02FE02FE02FE02FE0212
:109E5000FE02FE02FE02FE02FE02FE02FE02FE0202
:109E6000FE02FE02FE02FE02FE02FE02FE02FE02F2
:109E7000FE02FE02FE02FE02FE02FE02FE02FE02E2
:109E8000FE02FE02FE02FE02FE02FE02FE02FE02D2
:109E9000FE02FE02FE02FE02FE02FE02FE02FE02C2
:109EA000FE02FE02FE02FE02FE02FE02FE02FE02B2
:109EB000FE02FE02FE02FE02FE02FE02FE02FE02A2
:109EC000FE02FE02FE02FE02FE02FE02FE02FE0292
:109ED000FE02FE02FE02FE02FE02FE02FE02FE0282
:109EE000FE02FE02FE02FE02FE02FE02FE02FE0272
:109EF000FE02FE02FE02FE02FE02FE02FE02FE0262
:109F0000FE02FE02FE02FE02FE02FE02FE02FE0251
:109F1000FE02FE02FE02FE02FE02FE02FE02FE0241
:109F2000FE02FE02FE02FE02FE02FE02FE02FE0231
:109F3000FE02FE02FE02FE02FE02FE02FE02FE0221
:109F4000FE02FE02FE02FE02FE02FE02FE02FE0211
:109F5000FE02FE02FE02FE02FE02FE02FE02FE0201
:109F6000FE02FE02FE02FE02FE02FE02FE02FE02F1
:109F7000FE02FE02FE02FE02FE02FE02FE02FE02E1
:109F8000FE02FE02FE02FE02FE02FE02FE02FE02D1
:109F9000FE02FE02FE02FE02FE02FE02FE02FE02C1
:109FA000FE02FE02FE02FE02FE02FE02FE02FE02B1
:109FB000FE02FE02FE02FE02FE02FE02FE02FE02A1
:109FC000FE02FE02FE02FE02FE02FE02FE02FE0291
:109FD000FE02FE02FE02FE02FE02FE02FE02FE0281
:109FE000FE02FE02FE02FE02FE02FE02FE02FE0271
:109FF000FE02FE02FE02FE02FE02FE02FE02FE0261
:10A00000FE02FE02FE02FE02FE02FE02FE02FE0250
:10A01000FE02FE02FE02FE02FE02FE02FE02FE0240
:10A02000FE02FE02FE02FE02FE02FE02FE02FE0230
:10A03000FE02FE02FE02FE02FE02FE02FE02FE0220
:10A04000FE02FE02FE02FE02FE02FE02FE02FE0210
:10A05000FE02FE02FE02FE02FE02FE02FE02FE0200
:10A06000FE02FE02FE02FE02FE02FE02FE02FE02F0
:10A07000FE02FE02FE02FE02FE02FE02FE02FE02E0
:10A08000FE02FE02FE02FE02FE02FE02FE02FE02D0
:10A09000FE02FE02FE02FE02FE02FE02FE02FE02C0
:10A0A000FE02FE02FE02FE02FE02FE02FE02FE02B0
:10A0B000FE02FE02FE02FE02FE02FE02FE02FE02A0
:10A0C000FE02FE02FE02FE02FE02FE02FE02FE0290
:10A0D000FE02FE02FE02FE02FE02FE02FE02FE0280
:10A0E000FE02FE02FE02FE02FE02FE02FE02FE0270
:10A0F000FE02FE02FE02FE02FE02FE02FE02FE0260
:10A10000FE02FE02FE02FE02FE02FE02FE02FE024F
:10A11000FE02FE02FE02FE02FE02FE02FE02FE023F
:10A12000FE02FE02FE02FE02FE02FE02FE02FE022F
:10A13000FE02FE02FE02FE02FE02FE02FE02FE021F
:10A14000FE02FE02FE02FE02FE02FE02FE02FE020F
:10A15000FE02FE02FE02FE02FE02FE02FE02FE02FF
:10A16000FE02FE02FE02FE02FE02FE02FE02FE02EF
:10A17000FE02FE02FE02FE02FE02FE02FE02FE02DF
:10A18000FE02FE02FE02FE02FE02FE02FE02FE02CF
:10A19000FE02FE02FE02FE02FE02FE02FE02FE02BF
:10A1A000FE02FE02FE02FE02FE02FE02FE02FE02AF
:10A1B000FE02FE02FE02FE02FE02FE02FE02FE029F
:10A1C000FE02FE02FE02FE02FE02FE02FE02FE028F
:10A1D000FE02FE02FE02FE02FE02FE02FE02FE027F
:10A1E000FE02FE02FE02FE02FE02FE02FE02FE026F
:10A1F000FE02FE02FE02FE02FE02FE02FE02FE025F
:10A20000FE02FE02FE02FE02FE02FE02FE02FE024E
:10A21000FE02FE02FE02FE02FE02FE02FE02FE023E
:10A22000FE02FE02FE02FE02FE02FE02FE02FE022E
:10A23000FE02FE02FE02FE02FE02FE02FE02FE021E
:10A24000FE02FE02FE02FE02FE02FE02FE02FE020E
:10A25000FE02FE02FE02FE02FE02FE02FE02FE02FE
:10A26000FE02FE02FE02FE02FE02FE02FE02FE02EE
:10A27000FE02FE02FE02FE02FE02FE02FE02FE02DE
:10A28000FE02FE02FE02FE02FE02FE02FE02FE02CE
:10A29000FE02FE02FE02FE02FE02FE02FE02FE02BE
:10A2A000FE02FE02FE02FE02FE02FE02FE02FE02AE
:10A2B000FE02FE02FE02FE02FE02FE02FE02FE029E
:10A2C000FE02FE02FE02FE02FE02FE02FE02FE028E
:10A2D000FE02FE02FE02FE02FE02FE02FE02FE027E
:10A2E000FE02FE02FE02FE02FE02FE02FE02FE026E
:10A2F000FE02FE02FE02FE02FE02FE02FE02FE025E
:10A30000FE02FE02FE02FE02FE02FE02FE02FE024D
:10A31000FE02FE02FE02FE02FE02FE02FE02FE023D
:10A32000FE02FE02FE02FE02FE02FE02FE02FE022D
:10A33000FE02FE02FE02FE02FE02FE02FE02FE021D
:10A34000FE02FE02FE02FE02FE02FE02FE02FE020D
:10A35000FE02FE02FE02FE02FE02FE02FE02FE02FD
:10A36000FE02FE02FE02FE02FE02FE02FE02FE02ED
:10A37000FE02FE02FE02FE02FE02FE02FE02FE02DD
:10A38000FE02FE02FE02FE02FE02FE02FE02FE02CD
:10A39000FE02FE02FE02FE02FE02FE02FE02FE02BD
:10A3A000FE02FE02FE02FE02FE02FE02FE02FE02AD
:10A3B000FE02FE02FE02FE02FE02FE02FE02FE029D
:10A3C000FE02FE02FE02FE02FE02FE02FE02FE028D
:10A3D000FE02FE02FE02FE02FE02FE02FE02FE027D
:10A3E000FE02FE02FE02FE02FE02FE02FE02FE026D
:10A3F000FE02FE02FE02FE02FE02FE02FE02FE025D
:10A40000FE02FE02FE02FE02FE02FE02FE02FE024C
:10A41000FE02FE02FE02FE02FE02FE02FE02FE023C
:10A42000FE02FE02FE02FE02FE02FE02FE02FE022C
:10A43000FE02FE02FE02FE02FE02FE02FE02FE021C
:10A44000FE02FE02FE02FE02FE02FE02FE02FE020C
:10A45000FE02FE02FE02FE02FE02FE02FE02FE02FC
:10A46000FE02FE02FE02FE02FE02FE02FE02FE02EC
:10A47000FE02FE02FE02FE02FE02FE02FE02FE02DC
:10A48000FE02FE02FE02FE02FE02FE02FE02FE02CC
:10A49000FE02FE02FE02FE02FE02FE02FE02FE02BC
:10A4A000FE02FE02FE02FE02FE02FE02FE02FE02AC
:10A4B000FE02FE02FE02FE02FE02FE02FE02FE029C
:10A4C000FE02FE02FE02FE02FE02FE02FE02FE028C
:10A4D000FE02FE02FE02FE02FE02FE02FE02FE027C
:10A4E000FE02FE02FE02FE02FE02FE02FE02FE026C
:10A4F000FE02FE02FE02FE02FE02FE02FE02FE025C
:10A50000FE02FE02FE02FE02FE02FE02FE02FE024B
:10A51000FE02FE02FE02FE02FE02FE02FE02FE023B
:10A52000FE02FE02FE02FE02FE02FE02FE02FE022B
:10A53000FE02FE02FE02FE02FE02FE02FE02FE021B
:10A54000FE02FE02FE02FE02FE02FE02FE02FE020B
:10A55000FE02FE02FE02FE02FE02FE02FE02FE02FB
:10A56000FE02FE02FE02FE02FE02FE02FE02FE02EB
:10A57000FE02FE02FE02FE02FE02FE02FE02FE02DB
:10A58000FE02FE02FE02FE02FE02FE02FE02FE02CB
:10A59000FE02FE02FE02FE02FE02FE02FE02FE02BB
:10A5A000FE02FE02FE02FE02FE02FE02FE02FE02AB
:10A5B000FE02FE02FE02FE02FE02FE02FE02FE029B
:10A5C000FE02FE02FE02FE02FE02FE02FE02FE028B
:10A5D000FE02FE02FE02FE02FE02FE02FE02FE027B
:10A5E000FE02FE02FE02FE02FE02FE02FE02FE026B
:10A5F000FE02FE02FE02FE02FE02FE02FE02FE025B
:10A60000FE02FE02FE02FE02FE02FE02FE02FE024A
:10A61000FE02FE02FE02FE02FE02FE02FE02FE023A
:10A62000FE02FE02FE02FE02FE02FE02FE02FE022A
:10A63000FE02FE02FE02FE02FE02FE02FE02FE021A
:10A64000FE02FE02FE02FE02FE02FE02FE02FE020A
:10A65000FE02FE02FE02FE02FE02FE02FE02FE02FA
:10A66000FE02FE02FE02FE02FE02FE02FE02FE02EA
:10A67000FE02FE02FE02FE02FE02FE02FE02FE02DA
:10A68000FE02FE02FE02FE02FE02FE02FE02FE02CA
:10A69000FE02FE02FE02FE02FE02FE02FE02FE02BA
:10A6A000FE02FE02FE02FE02FE02FE02FE02FE02AA
:10A6B000FE02FE02FE02FE02FE02FE02FE02FE029A
:10A6C000FE02FE02FE02FE02FE02FE02FE02FE028A
:10A6D000FE02FE02FE02FE02FE02FE02FE02FE027A
:10A6E000FE02FE02FE02FE02FE02FE02FE02FE026A
:10A6F000FE02FE02FE02FE02FE02FE02FE02FE025A
:10A70000FE02FE02FE02FE02FE02FE02FE02FE0249
:10A71000FE02FE02FE02FE02FE02FE02FE02FE0239
:10A72000FE02FE02FE02FE02FE02FE02FE02FE0229
:10A73000FE02FE02FE02FE02FE02FE02FE02FE0219
:10A74000FE02FE02FE02FE02FE02FE02FE02FE0209
:10A75000FE02FE02FE02FE02FE02FE02FE02FE02F9
:10A76000FE02FE02FE02FE02FE02FE02FE02FE02E9
:10A77000FE02FE02FE02FE02FE02FE02FE02FE02D9
:10A78000FE02FE02FE02FE02FE02FE02FE02FE02C9
:10A79000FE02FE02FE02FE02FE02FE02FE02FE02B9
:10A7A000FE02FE02FE02FE02FE02FE02FE02FE02A9
:10A7B000FE02FE02FE02FE02FE02FE02FE02FE0299
:10A7C000FE02FE02FE02FE02FE02FE02FE02FE0289
:10A7D000FE02FE02FE02FE02FE02FE02FE02FE0279
:10A7E000FE02FE02FE02FE02FE02FE02FE02FE0269
:10A7F000FE02FE02FE02FE02FE02FE02FE02FE0259
:10A80000FE02FE02FE02FE02FE02FE02FE02FE0248
:10A81000FE02FE02FE02FE02FE02FE02FE02FE0238
:10A82000FE02FE02FE02FE02FE02FE02FE02FE0228
:10A83000FE02FE02FE02FE02FE02FE02FE02FE0218
:10A84000FE02FE02FE02FE02FE02FE02FE02FE0208
:10A85000FE02FE02FE02FE02FE02FE02FE02FE02F8
:10A86000FE02FE02FE02FE02FE02FE02FE02FE02E8
:10A87000FE02FE02FE02FE02FE02FE02FE02FE02D8
:10A88000FE02FE02FE02FE02FE02FE02FE02FE02C8
:10A89000FE02FE02FE02FE02FE02FE02FE02FE02B8
:10A8A000FE02FE02FE02FE02FE02FE02FE02FE02A8
:10A8B000FE02FE02FE02FE02FE02FE02FE02FE0298
:10A8C000FE02FE02FE02FE02FE02FE02FE02FE0288
:10A8D000FE02FE02FE02FE02FE02FE02FE02FE0278
:10A8E000FE02FE02FE02FE02FE02FE02FE02FE0268
:10A8F000FE02FE02FE02FE02FE02FE02FE02FE0258
:10A90000FE02FE02FE02FE02FE02FE02FE02FE0247
:10A91000FE02FE02FE02FE02FE02FE02FE02FE0237
:10A92000FE02FE02FE02FE02FE02FE02FE02FE0227
:10A93000FE02FE02FE02FE02FE02FE02FE02FE0217
:10A94000FE02FE02FE02FE02FE02FE02FE02FE0207
:10A95000FE02FE02FE02FE02FE02FE02FE02FE02F7
:10A96000FE02FE02FE02FE02FE02FE02FE02FE02E7
:10A97000FE02FE02FE02FE02FE02FE02FE02FE02D7
:10A98000FE02FE02FE02FE02FE02FE02FE02FE02C7
:10A99000FE02FE02FE02FE02FE02FE02FE02FE02B7
:10A9A000FE02FE02FE02FE02FE02FE02FE02FE02A7
:10A9B000FE02FE02FE02FE02FE02FE02FE02FE0297
:10A9C000FE02FE02FE02FE02FE02FE02FE02FE0287
:10A9D000FE02FE02FE02FE02FE02FE02FE02FE0277
:10A9E000FE02FE02FE02FE02FE02FE02FE02FE0267
:10A9F000FE02FE02FE02FE02FE02FE02FE02FE0257
:10AA0000FE02FE02FE02FE02FE02FE02FE02FE0246
:10AA1000FE02FE02FE02FE02FE02FE02FE02FE0236
:10AA2000FE02FE02FE02FE02FE02FE02FE02FE0226
:10AA3000FE02FE02FE02FE02FE02FE02FE02FE0216
:10AA4000FE02FE02FE02FE02FE02FE02FE02FE0206
:10AA5000FE02FE02FE02FE02FE02FE02FE02FE02F6
:10AA6000FE02FE02FE02FE02FE02FE02FE02FE02E6
:10AA7000FE02FE02FE02FE02FE02FE02FE02FE02D6
:10AA8000FE02FE02FE02FE02FE02FE02FE02FE02C6
:10AA9000FE02FE02FE02FE02FE02FE02FE02FE02B6
:10AAA000FE02FE02FE02FE02FE02FE02FE02FE02A6
:10AAB000FE02FE02FE02FE02FE02FE02FE02FE0296
:10AAC000FE02FE02FE02FE02FE02FE02FE02FE0286
:10AAD000FE02FE02FE02FE02FE02FE02FE02FE0276
:10AAE000FE02FE02FE02FE02FE02FE02FE02FE0266
:10AAF000FE02FE02FE02FE02FE02FE02FE02FE0256
:10AB0000FE02FE02FE02FE02FE02FE02FE02FE0245
:10AB1000FE02FE02FE02FE02FE02FE02FE02FE0235
:10AB2000FE02FE02FE02FE02FE02FE02FE02FE0225
:10AB3000FE02FE02FE02FE02FE02FE02FE02FE0215
:10AB4000FE02FE02FE02FE02FE02FE02FE02FE0205
:10AB5000FE02FE02FE02FE02FE02FE02FE02FE02F5
:10AB6000FE02FE02FE02FE02FE02FE02FE02FE02E5
:10AB7000FE02FE02FE02FE02FE02FE02FE02FE02D5
:10AB8000FE02FE02FE02FE02FE02FE02FE02FE02C5
:10AB9000FE02FE02FE02FE02FE02FE02FE02FE02B5
:10ABA000FE02FE02FE02FE02FE02FE02FE02FE02A5
:10ABB000FE02FE02FE02FE02FE02FE02FE02FE0295
:10ABC000FE02FE02FE02FE02FE02FE02FE02FE0285
:10ABD000FE02FE02FE02FE02FE02FE02FE02FE0275
:10ABE000FE02FE02FE02FE02FE02FE02FE02FE0265
:10ABF000FE02FE02FE02FE02FE02FE02FE02FE0255
:10AC0000FE02FE02FE02FE02FE02FE02FE02FE0244
:10AC1000FE02FE02FE02FE02FE02FE02FE02FE0234
:10AC2000FE02FE02FE02FE02FE02FE02FE02FE0224
:10AC3000FE02FE02FE02FE02FE02FE02FE02FE0214
:10AC4000FE02FE02FE02FE02FE02FE02FE02FE0204
:10AC5000FE02FE02FE02FE02FE02FE02FE02FE02F4
:10AC6000FE02FE02FE02FE02FE02FE02FE02FE02E4
:10AC7000FE02FE02FE02FE02FE02FE02FE02FE02D4
:10AC8000FE02FE02FE02FE02FE02FE02FE02FE02C4
:10AC9000FE02FE02FE02FE02FE02FE02FE02FE02B4
:10ACA000FE02FE02FE02FE02FE02FE02FE02FE02A4
:10ACB000FE02FE02FE02FE02FE02FE02FE02FE0294
:10ACC000FE02FE02FE02FE02FE02FE02FE02FE0284
:10ACD000FE02FE02FE02FE02FE02FE02FE02FE0274
:10ACE000FE02FE02FE02FE02FE02FE02FE02FE0264
:10ACF000FE02FE02FE02FE02FE02FE02FE02FE0254
:10AD0000FE02FE02FE02FE02FE02FE02FE02FE0243
:10AD1000FE02FE02FE02FE02FE02FE02FE02FE0233
:10AD2000FE02FE02FE02FE02FE02FE02FE02FE0223
:10AD3000FE02FE02FE02FE02FE02FE02FE02FE0213
:10AD4000FE02FE02FE02FE02FE02FE02FE02FE0203
:10AD5000FE02FE02FE02FE02FE02FE02FE02FE02F3
:10AD6000FE02FE02FE02FE02FE02FE02FE02FE02E3
:10AD7000FE02FE02FE02FE02FE02FE02FE02FE02D3
:10AD8000FE02FE02FE02FE02FE02FE02FE02FE02C3
:10AD9000FE02FE02FE02FE02FE02FE02FE02FE02B3
:10ADA000FE02FE02FE02FE02FE02FE02FE02FE02A3
:10ADB000FE02FE02FE02FE02FE02FE02FE02FE0293
:10ADC000FE02FE02FE02FE02FE02FE02FE02FE0283
:10ADD000FE02FE02FE02FE02FE02FE02FE02FE0273
:10ADE000FE02FE02FE02FE02FE02FE02FE02FE0263
:10ADF000FE02FE02FE02FE02FE02FE02FE02FE0253
:10AE0000FE02FE02FE02FE02FE02FE02FE02FE0242
:10AE1000FE02FE02FE02FE02FE02FE02FE02FE0232
:10AE2000FE02FE02FE02FE02FE02FE02FE02FE0222
:10AE3000FE02FE02FE02FE02FE02FE02FE02FE0212
:10AE4000FE02FE02FE02FE02FE02FE02FE02FE0202
:10AE5000FE02FE02FE02FE02FE02FE02FE02FE02F2
:10AE6000FE02FE02FE02FE02FE02FE02FE02FE02E2
:10AE7000FE02FE02FE02FE02FE02FE02FE02FE02D2
:10AE8000FE02FE02FE02FE02FE02FE02FE02FE02C2
:10AE9000FE02FE02FE02FE02FE02FE02FE02FE02B2
:10AEA000FE02FE02FE02FE02FE02FE02FE02FE02A2
:10AEB000FE02FE02FE02FE02FE02FE02FE02FE0292
:10AEC000FE02FE02FE02FE02FE02FE02FE02FE0282
:10AED000FE02FE02FE02FE02FE02FE02FE02FE0272
:10AEE000FE02FE02FE02FE02FE02FE02FE02FE0262
:10AEF000FE02FE02FE02FE02FE02FE02FE02FE0252
:10AF0000FE02FE02FE02FE02FE02FE02FE02FE0241
:10AF1000FE02FE02FE02FE02FE02FE02FE02FE0231
:10AF2000FE02FE02FE02FE02FE02FE02FE02FE0221
:10AF3000FE02FE02FE02FE02FE02FE02FE02FE0211
:10AF4000FE02FE02FE02FE02FE02FE02FE02FE0201
:10AF5000FE02FE02FE02FE02FE02FE02FE02FE02F1
:10AF6000FE02FE02FE02FE02FE02FE02FE02FE02E1
:10AF7000FE02FE02FE02FE02FE02FE02FE02FE02D1
:10AF8000FE02FE02FE02FE02FE02FE02FE02FE02C1
:10AF9000FE02FE02FE02FE02FE02FE02FE02FE02B1
:10AFA000FE02FE02FE02FE02FE02FE02FE02FE02A1
:10AFB000FE02FE02FE02FE02FE02FE02FE02FE0291
:10AFC000FE02FE02FE02FE02FE02FE02FE02FE0281
:10AFD000FE02FE02FE02FE02FE02FE02FE02FE0271
:10AFE000FE02FE02FE02FE02FE02FE02FE02FE0261
:10AFF000FE02FE02FE02FE02FE02FE02FE02FE0251
:10B00000FE02FE02FE02FE02FE02FE02FE02FE0240
:10B01000FE02FE02FE02FE02FE02FE02FE02FE0230
:10B02000FE02FE02FE02FE02FE02FE02FE02FE0220
:10B03000FE02FE02FE02FE02FE02FE02FE02FE0210
:10B04000FE02FE02FE02FE02FE02FE02FE02FE0200
:10B05000FE02FE02FE02FE02FE02FE02FE02FE02F0
:10B06000FE02FE02FE02FE02FE02FE02FE02FE02E0
:10B07000FE02FE02FE02FE02FE02FE02FE02FE02D0
:10B08000FE02FE02FE02FE02FE02FE02FE02FE02C0
:10B09000FE02FE02FE02FE02FE02FE02FE02FE02B0
:10B0A000FE02FE02FE02FE02FE02FE02FE02FE02A0
:10B0B000FE02FE02FE02FE02FE02FE02FE02FE0290
:10B0C000FE02FE02FE02FE02FE02FE02FE02FE0280
:10B0D000FE02FE02FE02FE02FE02FE02FE02FE0270
:10B0E000FE02FE02FE02FE02FE02FE02FE02FE0260
:10B0F000FE02FE02FE02FE02FE02FE02FE02FE0250
:10B10000FE02FE02FE02FE02FE02FE02FE02FE023F
:10B11000FE02FE02FE02FE02FE02FE02FE02FE022F
:10B12000FE02FE02FE02FE02FE02FE02FE02FE021F
:10B13000FE02FE02FE02FE02FE02FE02FE02FE020F
:10B14000FE02FE02FE02FE02FE02FE02FE02FE02FF
:10B15000FE02FE02FE02FE02FE02FE02FE02FE02EF
:10B16000FE02FE02FE02FE02FE02FE02FE02FE02DF
:10B17000FE02FE02FE02FE02FE02FE02FE02FE02CF
:10B18000FE02FE02FE02FE02FE02FE02FE02FE02BF
:10B19000FE02FE02FE02FE02FE02FE02FE02FE02AF
:10B1A000FE02FE02FE02FE02FE02FE02FE02FE029F
:10B1B000FE02FE02FE02FE02FE02FE02FE02FE028F
:10B1C000FE02FE02FE02FE02FE02FE02FE02FE027F
:10B1D000FE02FE02FE02FE02FE02FE02FE02FE026F
:10B1E000FE02FE02FE02FE02FE02FE02FE02FE025F
:10B1F000FE02FE02FE02FE02FE02FE02FE02FE024F
:10B20000FE02FE02FE02FE02FE02FE02FE02FE023E
:10B21000FE02FE02FE02FE02FE02FE02FE02FE022E
:10B22000FE02FE02FE02FE02FE02FE02FE02FE021E
:10B23000FE02FE02FE02FE02FE02FE02FE02FE020E
:10B24000FE02FE02FE02FE02FE02FE02FE02FE02FE
:10B25000FE02FE02FE02FE02FE02FE02FE02FE02EE
:10B26000FE02FE02FE02FE02FE02FE02FE02FE02DE
:10B27000FE02FE02FE02FE02FE02FE02FE02FE02CE
:10B28000FE02FE02FE02FE02FE02FE02FE02FE02BE
:10B29000FE02FE02FE02FE02FE02FE02FE02FE02AE
:10B2A000FE02FE02FE02FE02FE02FE02FE02FE029E
:10B2B000FE02FE02FE02FE02FE02FE02FE02FE028E
:10B2C000FE02FE02FE02FE02FE02FE02FE02FE027E
:10B2D000FE02FE02FE02FE02FE02FE02FE02FE026E
:10B2E000FE02FE02FE02FE02FE02FE02FE02FE025E
:10B2F000FE02FE02FE02FE02FE02FE02FE02FE024E
:10B30000FE02FE02FE02FE02FE02FE02FE02FE023D
:10B31000FE02FE02FE02FE02FE02FE02FE02FE022D
:10B32000FE02FE02FE02FE02FE02FE02FE02FE021D
:10B33000FE02FE02FE02FE02FE02FE02FE02FE020D
:10B34000FE02FE02FE02FE02FE02FE02FE02FE02FD
:10B35000FE02FE02FE02FE02FE02FE02FE02FE02ED
:10B36000FE02FE02FE02FE02FE02FE02FE02FE02DD
:10B37000FE02FE02FE02FE02FE02FE02FE02FE02CD
:10B38000FE02FE02FE02FE02FE02FE02FE02FE02BD
:10B39000FE02FE02FE02FE02FE02FE02FE02FE02AD
:10B3A000FE02FE02FE02FE02FE02FE02FE02FE029D
:10B3B000FE02FE02FE02FE02FE02FE02FE02FE028D
:10B3C000FE02FE02FE02FE02FE02FE02FE02FE027D
:10B3D000FE02FE02FE02FE02FE02FE02FE02FE026D
:10B3E000FE02FE02FE02FE02FE02FE02FE02FE025D
:10B3F000FE02FE02FE02FE02FE02FE02FE02FE024D
:10B40000FE02FE02FE02FE02FE02FE02FE02FE023C
:10B41000FE02FE02FE02FE02FE02FE02FE02FE022C
:10B42000FE02FE02FE02FE02FE02FE02FE02FE021C
:10B43000FE02FE02FE02FE02FE02FE02FE02FE020C
:10B44000FE02FE02FE02FE02FE02FE02FE02FE02FC
:10B45000FE02FE02FE02FE02FE02FE02FE02FE02EC
:10B46000FE02FE02FE02FE02FE02FE02FE02FE02DC
:10B47000FE02FE02FE02FE02FE02FE02FE02FE02CC
:10B48000FE02FE02FE02FE02FE02FE02FE02FE02BC
:10B49000FE02FE02FE02FE02FE02FE02FE02FE02AC
:10B4A000FE02FE02FE02FE02FE02FE02FE02FE029C
:10B4B000FE02FE02FE02FE02FE02FE02FE02FE028C
:10B4C000FE02FE02FE02FE02FE02FE02FE02FE027C
:10B4D000FE02FE02FE02FE02FE02FE02FE02FE026C
:10B4E000FE02FE02FE02FE02FE02FE02FE02FE025C
:10B4F000FE02FE02FE02FE02FE02FE02FE02FE024C
:10B50000FE02FE02FE02FE02FE02FE02FE02FE023B
:10B51000FE02FE02FE02FE02FE02FE02FE02FE022B
:10B52000FE02FE02FE02FE02FE02FE02FE02FE021B
:10B53000FE02FE02FE02FE02FE02FE02FE02FE020B
:10B54000FE02FE02FE02FE02FE02FE02FE02FE02FB
:10B55000FE02FE02FE02FE02FE02FE02FE02FE02EB
:10B56000FE02FE02FE02FE02FE02FE02FE02FE02DB
:10B57000FE02FE02FE02FE02FE02FE02FE02FE02CB
:10B58000FE02FE02FE02FE02FE02FE02FE02FE02BB
:10B59000FE02FE02FE02FE02FE02FE02FE02FE02AB
:10B5A000FE02FE02FE02FE02FE02FE02FE02FE029B
:10B5B000FE02FE02FE02FE02FE02FE02FE02FE028B
:10B5C000FE02FE02FE02FE02FE02FE02FE02FE027B
:10B5D000FE02FE02FE02FE02FE02FE02FE02FE026B
:10B5E000FE02FE02FE02FE02FE02FE02FE02FE025B
:10B5F000FE02FE02FE02FE02FE02FE02FE02FE024B
:10B60000FE02FE02FE02FE02FE02FE02FE02FE023A
:10B61000FE02FE02FE02FE02FE02FE02FE02FE022A
:10B62000FE02FE02FE02FE02FE02FE02FE02FE021A
:10B63000FE02FE02FE02FE02FE02FE02FE02FE020A
:10B64000FE02FE02FE02FE02FE02FE02FE02FE02FA
:10B65000FE02FE02FE02FE02FE02FE02FE02FE02EA
:10B66000FE02FE02FE02FE02FE02FE02FE02FE02DA
:10B67000FE02FE02FE02FE02FE02FE02FE02FE02CA
:10B68000FE02FE02FE02FE02FE02FE02FE02FE02BA
:10B69000FE02FE02FE02FE02FE02FE02FE02FE02AA
:10B6A000FE02FE02FE02FE02FE02FE02FE02FE029A
:10B6B000FE02FE02FE02FE02FE02FE02FE02FE028A
:10B6C000FE02FE02FE02FE02FE02FE02FE02FE027A
:10B6D000FE02FE02FE02FE02FE02FE02FE02FE026A
:10B6E000FE02FE02FE02FE02FE02FE02FE02FE025A
:10B6F000FE02FE02FE02FE02FE02FE02FE02FE024A
:10B70000FE02FE02FE02FE02FE02FE02FE02FE0239
:10B71000FE02FE02FE02FE02FE02FE02FE02FE0229
:10B72000FE02FE02FE02FE02FE02FE02FE02FE0219
:10B73000FE02FE02FE02FE02FE02FE02FE02FE0209
:10B74000FE02FE02FE02FE02FE02FE02FE02FE02F9
:10B75000FE02FE02FE02FE02FE02FE02FE02FE02E9
:10B76000FE02FE02FE02FE02FE02FE02FE02FE02D9
:10B77000FE02FE02FE02FE02FE02FE02FE02FE02C9
:10B78000FE02FE02FE02FE02FE02FE02FE02FE02B9
:10B79000FE02FE02FE02FE02FE02FE02FE02FE02A9
:10B7A000FE02FE02FE02FE02FE02FE02FE02FE0299
:10B7B000FE02FE02FE02FE02FE02FE02FE02FE0289
:10B7C000FE02FE02FE02FE02FE02FE02FE02FE0279
:10B7D000FE02FE02FE02FE02FE02FE02FE02FE0269
:10B7E000FE02FE02FE02FE02FE02FE02FE02FE0259
:10B7F000FE02FE02FE02FE02FE02FE02FE02FE0249
:10B80000FE02FE02FE02FE02FE02FE02FE02FE0238
:10B81000FE02FE02FE02FE02FE02FE02FE02FE0228
:10B82000FE02FE02FE02FE02FE02FE02FE02FE0218
:10B83000FE02FE02FE02FE02FE02FE02FE02FE0208
:10B84000FE02FE02FE02FE02FE02FE02FE02FE02F8
:10B85000FE02FE02FE02FE02FE02FE02FE02FE02E8
:10B86000FE02FE02FE02FE02FE02FE02FE02FE02D8
:10B87000FE02FE02FE02FE02FE02FE02FE02FE02C8
:10B88000FE02FE02FE02FE02FE02FE02FE02FE02B8
:10B89000FE02FE02FE02FE02FE02FE02FE02FE02A8
:10B8A000FE02FE02FE02FE02FE02FE02FE02FE0298
:10B8B000FE02FE02FE02FE02FE02FE02FE02FE0288
:10B8C000FE02FE02FE02FE02FE02FE02FE02FE0278
:10B8D000FE02FE02FE02FE02FE02FE02FE02FE0268
:10B8E000FE02FE02FE02FE02FE02FE02FE02FE0258
:10B8F000FE02FE02FE02FE02FE02FE02FE02FE0248
:10B90000FE02FE02FE02FE02FE02FE02FE02FE0237
:10B91000FE02FE02FE02FE02FE02FE02FE02FE0227
:10B92000FE02FE02FE02FE02FE02FE02FE02FE0217
:10B93000FE02FE02FE02FE02FE02FE02FE02FE0207
:10B94000FE02FE02FE02FE02FE02FE02FE02FE02F7
:10B95000FE02FE02FE02FE02FE02FE02FE02FE02E7
:10B96000FE02FE02FE02FE02FE02FE02FE02FE02D7
:10B97000FE02FE02FE02FE02FE02FE02FE02FE02C7
:10B98000FE02FE02FE02FE02FE02FE02FE02FE02B7
:10B99000FE02FE02FE02FE02FE02FE02FE02FE02A7
:10B9A000FE02FE02FE02FE02FE02FE02FE02FE0297
:10B9B000FE02FE02FE02FE02FE02FE02FE02FE0287
:10B9C000FE02FE02FE02FE02FE02FE02FE02FE0277
:10B9D000FE02FE02FE02FE02FE02FE02FE02FE0267
:10B9E000FE02FE02FE02FE02FE02FE02FE02FE0257
:10B9F000FE02FE02FE02FE02FE02FE02FE02FE0247
:10BA0000FE02FE02FE02FE02FE02FE02FE02FE0236
:10BA1000FE02FE02FE02FE02FE02FE02FE02FE0226
:10BA2000FE02FE02FE02FE02FE02FE02FE02FE0216
:10BA3000FE02FE02FE02FE02FE02FE02FE02FE0206
:10BA4000FE02FE02FE02FE02FE02FE02FE02FE02F6
:10BA5000FE02FE02FE02FE02FE02FE02FE02FE02E6
:10BA6000FE02FE02FE02FE02FE02FE02FE02FE02D6
:10BA7000FE02FE02FE02FE02FE02FE02FE02FE02C6
:10BA8000FE02FE02FE02FE02FE02FE02FE02FE02B6
:10BA9000FE02FE02FE02FE02FE02FE02FE02FE02A6
:10BAA000FE02FE02FE02FE02FE02FE02FE02FE0296
:10BAB000FE02FE02FE02FE02FE02FE02FE02FE0286
:10BAC000FE02FE02FE02FE02FE02FE02FE02FE0276
:10BAD000FE02FE02FE02FE02FE02FE02FE02FE0266
:10BAE000FE02FE02FE02FE02FE02FE02FE02FE0256
:10BAF000FE02FE02FE02FE02FE02FE02FE02FE0246
:10BB0000FE02FE02FE02FE02FE02FE02FE02FE0235
:10BB1000FE02FE02FE02FE02FE02FE02FE02FE0225
:10BB2000FE02FE02FE02FE02FE02FE02FE02FE0215
:10BB3000FE02FE02FE02FE02FE02FE02FE02FE0205
:10BB4000FE02FE02FE02FE02FE02FE02FE02FE02F5
:10BB5000FE02FE02FE02FE02FE02FE02FE02FE02E5
:10BB6000FE02FE02FE02FE02FE02FE02FE02FE02D5
:10BB7000FE02FE02FE02FE02FE02FE02FE02FE02C5
:10BB8000FE02FE02FE02FE02FE02FE02FE02FE02B5
:10BB9000FE02FE02FE02FE02FE02FE02FE02FE02A5
:10BBA000FE02FE02FE02FE02FE02FE02FE02FE0295
:10BBB000FE02FE02FE02FE02FE02FE02FE02FE0285
:10BBC000FE02FE02FE02FE02FE02FE02FE02FE0275
:10BBD000FE02FE02FE02FE02FE02FE02FE02FE0265
:10BBE000FE02FE02FE02FE02FE02FE02FE02FE0255
:10BBF000FE02FE02FE02FE02FE02FE02FE02FE0245
:10BC0000FE02FE02FE02FE02FE02FE02FE02FE0234
:10BC1000FE02FE02FE02FE02FE02FE02FE02FE0224
:10BC2000FE02FE02FE02FE02FE02FE02FE02FE0214
:10BC3000FE02FE02FE02FE02FE02FE02FE02FE0204
:10BC4000FE02FE02FE02FE02FE02FE02FE02FE02F4
:10BC5000FE02FE02FE02FE02FE02FE02FE02FE02E4
:10BC6000FE02FE02FE02FE02FE02FE02FE02FE02D4
:10BC7000FE02FE02FE02FE02FE02FE02FE02FE02C4
:10BC8000FE02FE02FE02FE02FE02FE02FE02FE02B4
:10BC9000FE02FE02FE02FE02FE02FE02FE02FE02A4
:10BCA000FE02FE02FE02FE02FE02FE02FE02FE0294
:10BCB000FE02FE02FE02FE02FE02FE02FE02FE0284
:10BCC000FE02FE02FE02FE02FE02FE02FE02FE0274
:10BCD000FE02FE02FE02FE02FE02FE02FE02FE0264
:10BCE000FE02FE02FE02FE02FE02FE02FE02FE0254
:10BCF000FE02FE02FE02FE02FE02FE02FE02FE0244
:10BD0000FE02FE02FE02FE02FE02FE02FE02FE0233
:10BD1000FE02FE02FE02FE02FE02FE02FE02FE0223
:10BD2000FE02FE02FE02FE02FE02FE02FE02FE0213
:10BD3000FE02FE02FE02FE02FE02FE02FE02FE0203
:10BD4000FE02FE02FE02FE02FE02FE02FE02FE02F3
:10BD5000FE02FE02FE02FE02FE02FE02FE02FE02E3
:10BD6000FE02FE02FE02FE02FE02FE02FE02FE02D3
:10BD7000FE02FE02FE02FE02FE02FE02FE02FE02C3
:10BD8000FE02FE02FE02FE02FE02FE02FE02FE02B3
:10BD9000FE02FE02FE02FE02FE02FE02FE02FE02A3
:10BDA000FE02FE02FE02FE02FE02FE02FE02FE0293
:10BDB000FE02FE02FE02FE02FE02FE02FE02FE0283
:10BDC000FE02FE02FE02FE02FE02FE02FE02FE0273
:10BDD000FE02FE02FE02FE02FE02FE02FE02FE0263
:10BDE000FE02FE02FE02FE02FE02FE02FE02FE0253
:10BDF000FE02FE02FE02FE02FE02FE02FE02FE0243
:10BE0000FE02FE02FE02FE02FE02FE02FE02FE0232
:10BE1000FE02FE02FE02FE02FE02FE02FE02FE0222
:10BE2000FE02FE02FE02FE02FE02FE02FE02FE0212
:10BE3000FE02FE02FE02FE02FE02FE02FE02FE0202
:10BE4000FE02FE02FE02FE02FE02FE02FE02FE02F2
:10BE5000FE02FE02FE02FE02FE02FE02FE02FE02E2
:10BE6000FE02FE02FE02FE02FE02FE02FE02FE02D2
:10BE7000FE02FE02FE02FE02FE02FE02FE02FE02C2
:10BE8000FE02FE02FE02FE02FE02FE02FE02FE02B2
:10BE9000FE02FE02FE02FE02FE02FE02FE02FE02A2
:10BEA000FE02FE02FE02FE02FE02FE02FE02FE0292
:10BEB000FE02FE02FE02FE02FE02FE02FE02FE0282
:10BEC000FE02FE02FE02FE02FE02FE02FE02FE0272
:10BED000FE02FE02FE02FE02FE02FE02FE02FE0262
:10BEE000FE02FE02FE02FE02FE02FE02FE02FE0252
:10BEF000FE02FE02FE02FE02FE02FE02FE02FE0242
:10BF0000FE02FE02FE02FE02FE02FE02FE02FE0231
:10BF1000FE02FE02FE02FE02FE02FE02FE02FE0221
:10BF2000FE02FE02FE02FE02FE02FE02FE02FE0211
:10BF3000FE02FE02FE02FE02FE02FE02FE02FE0201
:10BF4000FE02FE02FE02FE02FE02FE02FE02FE02F1
:10BF5000FE02FE02FE02FE02FE02FE02FE02FE02E1
:10BF6000FE02FE02FE02FE02FE02FE02FE02FE02D1
:10BF7000FE02FE02FE02FE02FE02FE02FE02FE02C1
:10BF8000FE02FE02FE02FE02FE02FE02FE02FE02B1
:10BF9000FE02FE02FE02FE02FE02FE02FE02FE02A1
:10BFA000FE02FE02FE02FE02FE02FE02FE02FE0291
:10BFB000FE02FE02FE02FE02FE02FE02FE02FE0281
:10BFC000FE02FE02FE02FE02FE02FE02FE02FE0271
:10BFD000FE02FE02FE02FE02FE02FE02FE02FE0261
:10BFE000FE02FE02FE02FE02FE02FE02FE02FE0251
:10BFF000FE02FE02FE02FE02FE02FE02FE02FE0241
:10C00000FE02FE02FE02FE02FE02FE02FE02FE0230
:10C01000FE02FE02FE02FE02FE02FE02FE02FE0220
:10C02000FE02FE02FE02FE02FE02FE02FE02FE0210
:10C03000FE02FE02FE02FE02FE02FE02FE02FE0200
:10C04000FE02FE02FE02FE02FE02FE02FE02FE02F0
:10C05000FE02FE02FE02FE02FE02FE02FE02FE02E0
:10C06000FE02FE02FE02FE02FE02FE02FE02FE02D0
:10C07000FE02FE02FE02FE02FE02FE02FE02FE02C0
:10C08000FE02FE02FE02FE02FE02FE02FE02FE02B0
:10C09000FE02FE02FE02FE02FE02FE02FE02FE02A0
:10C0A000FE02FE02FE02FE02FE02FE02FE02FE0290
:10C0B000FE02FE02FE02FE02FE02FE02FE02FE0280
:10C0C000FE02FE02FE02FE02FE02FE02FE02FE0270
:10C0D000FE02FE02FE02FE02FE02FE02FE02FE0260
:10C0E000FE02FE02FE02FE02FE02FE02FE02FE0250
:10C0F000FE02FE02FE02FE02FE02FE02FE02FE0240
:10C10000FE02FE02FE02FE02FE02FE02FE02FE022F
:10C11000FE02FE02FE02FE02FE02FE02FE02FE021F
:10C12000FE02FE02FE02FE02FE02FE02FE02FE020F
:10C13000FE02FE02FE02FE02FE02FE02FE02FE02FF
:10C14000FE02FE02FE02FE02FE02FE02FE02FE02EF
:10C15000FE02FE02FE02FE02FE02FE02FE02FE02DF
:10C16000FE02FE02FE02FE02FE02FE02FE02FE02CF
:10C17000FE02FE02FE02FE02FE02FE02FE02FE02BF
:10C18000FE02FE02FE02FE02FE02FE02FE02FE02AF
:10C19000FE02FE02FE02FE02FE02FE02FE02FE029F
:10C1A000FE02FE02FE02FE02FE02FE02FE02FE028F
:10C1B000FE02FE02FE02FE02FE02FE02FE02FE027F
:10C1C000FE02FE02FE02FE02FE02FE02FE02FE026F
:10C1D000FE02FE02FE02FE02FE02FE02FE02FE025F
:10C1E000FE02FE02FE02FE02FE02FE02FE02FE024F
:10C1F000FE02FE02FE02FE02FE02FE02FE02FE023F
:10C20000FE02FE02FE02FE02FE02FE02FE02FE022E
:10C21000FE02FE02FE02FE02FE02FE02FE02FE021E
:10C22000FE02FE02FE02FE02FE02FE02FE02FE020E
:10C23000FE02FE02FE02FE02FE02FE02FE02FE02FE
:10C24000FE02FE02FE02FE02FE02FE02FE02FE02EE
:10C25000FE02FE02FE02FE02FE02FE02FE02FE02DE
:10C26000FE02FE02FE02FE02FE02FE02FE02FE02CE
:10C27000FE02FE02FE02FE02FE02FE02FE02FE02BE
:10C28000FE02FE02FE02FE02FE02FE02FE02FE02AE
:10C29000FE02FE02FE02FE02FE02FE02FE02FE029E
:10C2A000FE02FE02FE02FE02FE02FE02FE02FE028E
:10C2B000FE02FE02FE02FE02FE02FE02FE02FE027E
:10C2C000FE02FE02FE02FE02FE02FE02FE02FE026E
:10C2D000FE02FE02FE02FE02FE02FE02FE02FE025E
:10C2E000FE02FE02FE02FE02FE02FE02FE02FE024E
:10C2F000FE02FE02FE02FE02FE02FE02FE02FE023E
:10C30000FE02FE02FE02FE02FE02FE02FE02FE022D
:10C31000FE02FE02FE02FE02FE02FE02FE02FE021D
:10C32000FE02FE02FE02FE02FE02FE02FE02FE020D
:10C33000FE02FE02FE02FE02FE02FE02FE02FE02FD
:10C34000FE02FE02FE02FE02FE02FE02FE02FE02ED
:10C35000FE02FE02FE02FE02FE02FE02FE02FE02DD
:10C36000FE02FE02FE02FE02FE02FE02FE02FE02CD
:10C37000FE02FE02FE02FE02FE02FE02FE02FE02BD
:10C38000FE02FE02FE02FE02FE02FE02FE02FE02AD
:10C39000FE02FE02FE02FE02FE02FE02FE02FE029D
:10C3A000FE02FE02FE02FE02FE02FE02FE02FE028D
:10C3B000FE02FE02FE02FE02FE02FE02FE02FE027D
:10C3C000FE02FE02FE02FE02FE02FE02FE02FE026D
:10C3D000FE02FE02FE02FE02FE02FE02FE02FE025D
:10C3E000FE02FE02FE02FE02FE02FE02FE02FE024D
:10C3F000FE02FE02FE02FE02FE02FE02FE02FE023D
:10C40000FE02FE02FE02FE02FE02FE02FE02FE022C
:10C41000FE02FE02FE02FE02FE02FE02FE02FE021C
:10C42000FE02FE02FE02FE02FE02FE02FE02FE020C
:10C43000FE02FE02FE02FE02FE02FE02FE02FE02FC
:10C44000FE02FE02FE02FE02FE02FE02FE02FE02EC
:10C45000FE02FE02FE02FE02FE02FE02FE02FE02DC
:10C46000FE02FE02FE02FE02FE02FE02FE02FE02CC
:10C47000FE02FE02FE02FE02FE02FE02FE02FE02BC
:10C48000FE02FE02FE02FE02FE02FE02FE02FE02AC
:10C49000FE02FE02FE02FE02FE02FE02FE02FE029C
:10C4A000FE02FE02FE02FE02FE02FE02FE02FE028C
:10C4B000FE02FE02FE02FE02FE02FE02FE02FE027C
:10C4C000FE02FE02FE02FE02FE02FE02FE02FE026C
:10C4D000FE02FE02FE02FE02FE02FE02FE02FE025C
:10C4E000FE02FE02FE02FE02FE02FE02FE02FE024C
:10C4F000FE02FE02FE02FE02FE02FE02FE02FE023C
:10C50000FE02FE02FE02FE02FE02FE02FE02FE022B
:10C51000FE02FE02FE02FE02FE02FE02FE02FE021B
:10C52000FE02FE02FE02FE02FE02FE02FE02FE020B
:10C53000FE02FE02FE02FE02FE02FE02FE02FE02FB
:10C54000FE02FE02FE02FE02FE02FE02FE02FE02EB
:10C55000FE02FE02FE02FE02FE02FE02FE02FE02DB
:10C56000FE02FE02FE02FE02FE02FE02FE02FE02CB
:10C57000FE02FE02FE02FE02FE02FE02FE02FE02BB
:10C58000FE02FE02FE02FE02FE02FE02FE02FE02AB
:10C59000FE02FE02FE02FE02FE02FE02FE02FE029B
:10C5A000FE02FE02FE02FE02FE02FE02FE02FE028B
:10C5B000FE02FE02FE02FE02FE02FE02FE02FE027B
:10C5C000FE02FE02FE02FE02FE02FE02FE02FE026B
:10C5D000FE02FE02FE02FE02FE02FE02FE02FE025B
:10C5E000FE02FE02FE02FE02FE02FE02FE02FE024B
:10C5F000FE02FE02FE02FE02FE02FE02FE02FE023B
:10C60000FE02FE02FE02FE02FE02FE02FE02FE022A
:10C61000FE02FE02FE02FE02FE02FE02FE02FE021A
:10C62000FE02FE02FE02FE02FE02FE02FE02FE020A
:10C63000FE02FE02FE02FE02FE02FE02FE02FE02FA
:10C64000FE02FE02FE02FE02FE02FE02FE02FE02EA
:10C65000FE02FE02FE02FE02FE02FE02FE02FE02DA
:10C66000FE02FE02FE02FE02FE02FE02FE02FE02CA
:10C67000FE02FE02FE02FE02FE02FE02FE02FE02BA
:10C68000FE02FE02FE02FE02FE02FE02FE02FE02AA
:10C69000FE02FE02FE02FE02FE02FE02FE02FE029A
:10C6A000FE02FE02FE02FE02FE02FE02FE02FE028A
:10C6B000FE02FE02FE02FE02FE02FE02FE02FE027A
:10C6C000FE02FE02FE02FE02FE02FE02FE02FE026A
:10C6D000FE02FE02FE02FE02FE02FE02FE02FE025A
:10C6E000FE02FE02FE02FE02FE02FE02FE02FE024A
:10C6F000FE02FE02FE02FE02FE02FE02FE02FE023A
:10C70000FE02FE02FE02FE02FE02FE02FE02FE0229
:10C71000FE02FE02FE02FE02FE02FE02FE02FE0219
:10C72000FE02FE02FE02FE02FE02FE02FE02FE0209
:10C73000FE02FE02FE02FE02FE02FE02FE02FE02F9
:10C74000FE02FE02FE02FE02FE02FE02FE02FE02E9
:10C75000FE02FE02FE02FE02FE02FE02FE02FE02D9
:10C76000FE02FE02FE02FE02FE02FE02FE02FE02C9
:10C77000FE02FE02FE02FE02FE02FE02FE02FE02B9
:10C78000FE02FE02FE02FE02FE02FE02FE02FE02A9
:10C79000FE02FE02FE02FE02FE02FE02FE02FE0299
:10C7A000FE02FE02FE02FE02FE02FE02FE02FE0289
:10C7B000FE02FE02FE02FE02FE02FE02FE02FE0279
:10C7C000FE02FE02FE02FE02FE02FE02FE02FE0269
:10C7D000FE02FE02FE02FE02FE02FE02FE02FE0259
:10C7E000FE02FE02FE02FE02FE02FE02FE02FE0249
:10C7F000FE02FE02FE02FE02FE02FE02FE02FE0239
:10C80000FE02FE02FE02FE02FE02FE02FE02FE0228
:10C81000FE02FE02FE02FE02FE02FE02FE02FE0218
:10C82000FE02FE02FE02FE02FE02FE02FE02FE0208
:10C83000FE02FE02FE02FE02FE02FE02FE02FE02F8
:10C84000FE02FE02FE02FE02FE02FE02FE02FE02E8
:10C85000FE02FE02FE02FE02FE02FE02FE02FE02D8
:10C86000FE02FE02FE02FE02FE02FE02FE02FE02C8
:10C87000FE02FE02FE02FE02FE02FE02FE02FE02B8
:10C88000FE02FE02FE02FE02FE02FE02FE02FE02A8
:10C89000FE02FE02FE02FE02FE02FE02FE02FE0298
:10C8A000FE02FE02FE02FE02FE02FE02FE02FE0288
:10C8B000FE02FE02FE02FE02FE02FE02FE02FE0278
:10C8C000FE02FE02FE02FE02FE02FE02FE02FE0268
:10C8D000FE02FE02FE02FE02FE02FE02FE02FE0258
:10C8E000FE02FE02FE02FE02FE02FE02FE02FE0248
:10C8F000FE02FE02FE02FE02FE02FE02FE02FE0238
:10C90000FE02FE02FE02FE02FE02FE02FE02FE0227
:10C91000FE02FE02FE02FE02FE02FE02FE02FE0217
:10C92000FE02FE02FE02FE02FE02FE02FE02FE0207
:10C93000FE02FE02FE02FE02FE02FE02FE02FE02F7
:10C94000FE02FE02FE02FE02FE02FE02FE02FE02E7
:10C95000FE02FE02FE02FE02FE02FE02FE02FE02D7
:10C96000FE02FE02FE02FE02FE02FE02FE02FE02C7
:10C97000FE02FE02FE02FE02FE02FE02FE02FE02B7
:10C98000FE02FE02FE02FE02FE02FE02FE02FE02A7
:10C99000FE02FE02FE02FE02FE02FE02FE02FE0297
:10C9A000FE02FE02FE02FE02FE02FE02FE02FE0287
:10C9B000FE02FE02FE02FE02FE02FE02FE02FE0277
:10C9C000FE02FE02FE02FE02FE02FE02FE02FE0267
:10C9D000FE02FE02FE02FE02FE02FE02FE02FE0257
:10C9E000FE02FE02FE02FE02FE02FE02FE02FE0247
:10C9F000FE02FE02FE02FE02FE02FE02FE02FE0237
:10CA0000FE02FE02FE02FE02FE02FE02FE02FE0226
:10CA1000FE02FE02FE02FE02FE02FE02FE02FE0216
:10CA2000FE02FE02FE02FE02FE02FE02FE02FE0206
:10CA3000FE02FE02FE02FE02FE02FE02FE02FE02F6
:10CA4000FE02FE02FE02FE02FE02FE02FE02FE02E6
:10CA5000FE02FE02FE02FE02FE02FE02FE02FE02D6
:10CA6000FE02FE02FE02FE02FE02FE02FE02FE02C6
:10CA7000FE02FE02FE02FE02FE02FE02FE02FE02B6
:10CA8000FE02FE02FE02FE02FE02FE02FE02FE02A6
:10CA9000FE02FE02FE02FE02FE02FE02FE02FE0296
:10CAA000FE02FE02FE02FE02FE02FE02FE02FE0286
:10CAB000FE02FE02FE02FE02FE02FE02FE02FE0276
:10CAC000FE02FE02FE02FE02FE02FE02FE02FE0266
:10CAD000FE02FE02FE02FE02FE02FE02FE02FE0256
:10CAE000FE02FE02FE02FE02FE02FE02FE02FE0246
:10CAF000FE02FE02FE02FE02FE02FE02FE02FE0236
:10CB0000FE02FE02FE02FE02FE02FE02FE02FE0225
:10CB1000FE02FE02FE02FE02FE02FE02FE02FE0215
:10CB2000FE02FE02FE02FE02FE02FE02FE02FE0205
:10CB3000FE02FE02FE02FE02FE02FE02FE02FE02F5
:10CB4000FE02FE02FE02FE02FE02FE02FE02FE02E5
:10CB5000FE02FE02FE02FE02FE02FE02FE02FE02D5
:10CB6000FE02FE02FE02FE02FE02FE02FE02FE02C5
:10CB7000FE02FE02FE02FE02FE02FE02FE02FE02B5
:10CB8000FE02FE02FE02FE02FE02FE02FE02FE02A5
:10CB9000FE02FE02FE02FE02FE02FE02FE02FE0295
:10CBA000FE02FE02FE02FE02FE02FE02FE02FE0285
:10CBB000FE02FE02FE02FE02FE02FE02FE02FE0275
:10CBC000FE02FE02FE02FE02FE02FE02FE02FE0265
:10CBD000FE02FE02FE02FE02FE02FE02FE02FE0255
:10CBE000FE02FE02FE02FE02FE02FE02FE02FE0245
:10CBF000FE02FE02FE02FE02FE02FE02FE02FE0235
:10CC0000FE02FE02FE02FE02FE02FE02FE02FE0224
:10CC1000FE02FE02FE02FE02FE02FE02FE02FE0214
:10CC2000FE02FE02FE02FE02FE02FE02FE02FE0204
:10CC3000FE02FE02FE02FE02FE02FE02FE02FE02F4
:10CC4000FE02FE02FE02FE02FE02FE02FE02FE02E4
:10CC5000FE02FE02FE02FE02FE02FE02FE02FE02D4
:10CC6000FE02FE02FE02FE02FE02FE02FE02FE02C4
:10CC7000FE02FE02FE02FE02FE02FE02FE02FE02B4
:10CC8000FE02FE02FE02FE02FE02FE02FE02FE02A4
:10CC9000FE02FE02FE02FE02FE02FE02FE02FE0294
:10CCA000FE02FE02FE02FE02FE02FE02FE02FE0284
:10CCB000FE02FE02FE02FE02FE02FE02FE02FE0274
:10CCC000FE02FE02FE02FE02FE02FE02FE02FE0264
:10CCD000FE02FE02FE02FE02FE02FE02FE02FE0254
:10CCE000FE02FE02FE02FE02FE02FE02FE02FE0244
:10CCF000FE02FE02FE02FE02FE02FE02FE02FE0234
:10CD0000FE02FE02FE02FE02FE02FE02FE02FE0223
:10CD1000FE02FE02FE02FE02FE02FE02FE02FE0213
:10CD2000FE02FE02FE02FE02FE02FE02FE02FE0203
:10CD3000FE02FE02FE02FE02FE02FE02FE02FE02F3
:10CD4000FE02FE02FE02FE02FE02FE02FE02FE02E3
:10CD5000FE02FE02FE02FE02FE02FE02FE02FE02D3
:10CD6000FE02FE02FE02FE02FE02FE02FE02FE02C3
:10CD7000FE02FE02FE02FE02FE02FE02FE02FE02B3
:10CD8000FE02FE02FE02FE02FE02FE02FE02FE02A3
:10CD9000FE02FE02FE02FE02FE02FE02FE02FE0293
:10CDA000FE02FE02FE02FE02FE02FE02FE02FE0283
:10CDB000FE02FE02FE02FE02FE02FE02FE02FE0273
:10CDC000FE02FE02FE02FE02FE02FE02FE02FE0263
:10CDD000FE02FE02FE02FE02FE02FE02FE02FE0253
:10CDE000FE02FE02FE02FE02FE02FE02FE02FE0243
:10CDF000FE02FE02FE02FE02FE02FE02FE02FE0233
:10CE0000FE02FE02FE02FE02FE02FE02FE02FE0222
:10CE1000FE02FE02FE02FE02FE02FE02FE02FE0212
:10CE2000FE02FE02FE02FE02FE02FE02FE02FE0202
:10CE3000FE02FE02FE02FE02FE02FE02FE02FE02F2
:10CE4000FE02FE02FE02FE02FE02FE02FE02FE02E2
:10CE5000FE02FE02FE02FE02FE02FE02FE02FE02D2
:10CE6000FE02FE02FE02FE02FE02FE02FE02FE02C2
:10CE7000FE02FE02FE02FE02FE02FE02FE02FE02B2
:10CE8000FE02FE02FE02FE02FE02FE02FE02FE02A2
:10CE9000FE02FE02FE02FE02FE02FE02FE02FE0292
:10CEA000FE02FE02FE02FE02FE02FE02FE02FE0282
:10CEB000FE02FE02FE02FE02FE02FE02FE02FE0272
:10CEC000FE02FE02FE02FE02FE02FE02FE02FE0262
:10CED000FE02FE02FE02FE02FE02FE02FE02FE0252
:10CEE000FE02FE02FE02FE02FE02FE02FE02FE0242
:10CEF000FE02FE02FE02FE02FE02FE02FE02FE0232
:10CF0000FE02FE02FE02FE02FE02FE02FE02FE0221
:10CF1000FE02FE02FE02FE02FE02FE02FE02FE0211
:10CF2000FE02FE02FE02FE02FE02FE02FE02FE0201
:10CF3000FE02FE02FE02FE02FE02FE02FE02FE02F1
:10CF4000FE02FE02FE02FE02FE02FE02FE02FE02E1
:10CF5000FE02FE02FE02FE02FE02FE02FE02FE02D1
:10CF6000FE02FE02FE02FE02FE02FE02FE02FE02C1
:10CF7000FE02FE02FE02FE02FE02FE02FE02FE02B1
:10CF8000FE02FE02FE02FE02FE02FE02FE02FE02A1
:10CF9000FE02FE02FE02FE02FE02FE02FE02FE0291
:10CFA000FE02FE02FE02FE02FE02FE02FE02FE0281
:10CFB000FE02FE02FE02FE02FE02FE02FE02FE0271
:10CFC000FE02FE02FE02FE02FE02FE02FE02FE0261
:10CFD000FE02FE02FE02FE02FE02FE02FE02FE0251
:10CFE000FE02FE02FE02FE02FE02FE02FE02FE0241
:10CFF000FE02FE02FE02FE02FE02FE02FE02FE0231
:10D00000FE02FE02FE02FE02FE02FE02FE02FE0220
:10D01000FE02FE02FE02FE02FE02FE02FE02FE0210
:10D02000FE02FE02FE02FE02FE02FE02FE02FE0200
:10D03000FE02FE02FE02FE02FE02FE02FE02FE02F0
:10D04000FE02FE02FE02FE02FE02FE02FE02FE02E0
:10D05000FE02FE02FE02FE02FE02FE02FE02FE02D0
:10D06000FE02FE02FE02FE02FE02FE02FE02FE02C0
:10D07000FE02FE02FE02FE02FE02FE02FE02FE02B0
:10D08000FE02FE02FE02FE02FE02FE02FE02FE02A0
:10D09000FE02FE02FE02FE02FE02FE02FE02FE0290
:10D0A000FE02FE02FE02FE02FE02FE02FE02FE0280
:10D0B000FE02FE02FE02FE02FE02FE02FE02FE0270
:10D0C000FE02FE02FE02FE02FE02FE02FE02FE0260
:10D0D000FE02FE02FE02FE02FE02FE02FE02FE0250
:10D0E000FE02FE02FE02FE02FE02FE02FE02FE0240
:10D0F000FE02FE02FE02FE02FE02FE02FE02FE0230
:10D10000FE02FE02FE02FE02FE02FE02FE02FE021F
:10D11000FE02FE02FE02FE02FE02FE02FE02FE020F
:10D12000FE02FE02FE02FE02FE02FE02FE02FE02FF
:10D13000FE02FE02FE02FE02FE02FE02FE02FE02EF
:10D14000FE02FE02FE02FE02FE02FE02FE02FE02DF
:10D15000FE02FE02FE02FE02FE02FE02FE02FE02CF
:10D16000FE02FE02FE02FE02FE02FE02FE02FE02BF
:10D17000FE02FE02FE02FE02FE02FE02FE02FE02AF
:10D18000FE02FE02FE02FE02FE02FE02FE02FE029F
:10D19000FE02FE02FE02FE02FE02FE02FE02FE028F
:10D1A000FE02FE02FE02FE02FE02FE02FE02FE027F
:10D1B000FE02FE02FE02FE02FE02FE02FE02FE026F
:10D1C000FE02FE02FE02FE02FE02FE02FE02FE025F
:10D1D000FE02FE02FE02FE02FE02FE02FE02FE024F
:10D1E000FE02FE02FE02FE02FE02FE02FE02FE023F
:10D1F000FE02FE02FE02FE02FE02FE02FE02FE022F
:10D20000FE02FE02FE02FE02FE02FE02FE02FE021E
:10D21000FE02FE02FE02FE02FE02FE02FE02FE020E
:10D22000FE02FE02FE02FE02FE02FE02FE02FE02FE
:10D23000FE02FE02FE02FE02FE02FE02FE02FE02EE
:10D24000FE02FE02FE02FE02FE02FE02FE02FE02DE
:10D25000FE02FE02FE02FE02FE02FE02FE02FE02CE
:10D26000FE02FE02FE02FE02FE02FE02FE02FE02BE
:10D27000FE02FE02FE02FE02FE02FE02FE02FE02AE
:10D28000FE02FE02FE02FE02FE02FE02FE02FE029E
:10D29000FE02FE02FE02FE02FE02FE02FE02FE028E
:10D2A000FE02FE02FE02FE02FE02FE02FE02FE027E
:10D2B000FE02FE02FE02FE02FE02FE02FE02FE026E
:10D2C000FE02FE02FE02FE02FE02FE02FE02FE025E
:10D2D000FE02FE02FE02FE02FE02FE02FE02FE024E
:10D2E000FE02FE02FE02FE02FE02FE02FE02FE023E
:10D2F000FE02FE02FE02FE02FE02FE02FE02FE022E
:10D30000FE02FE02FE02FE02FE02FE02FE02FE021D
:10D31000FE02FE02FE02FE02FE02FE02FE02FE020D
:10D32000FE02FE02FE02FE02FE02FE02FE02FE02FD
:10D33000FE02FE02FE02FE02FE02FE02FE02FE02ED
:10D34000FE02FE02FE02FE02FE02FE02FE02FE02DD
:10D35000FE02FE02FE02FE02FE02FE02FE02FE02CD
:10D36000FE02FE02FE02FE02FE02FE02FE02FE02BD
:10D37000FE02FE02FE02FE02FE02FE02FE02FE02AD
:10D38000FE02FE02FE02FE02FE02FE02FE02FE029D
:10D39000FE02FE02FE02FE02FE02FE02FE02FE028D
:10D3A000FE02FE02FE02FE02FE02FE02FE02FE027D
:10D3B000FE02FE02FE02FE02FE02FE02FE02FE026D
:10D3C000FE02FE02FE02FE02FE02FE02FE02FE025D
:10D3D000FE02FE02FE02FE02FE02FE02FE02FE024D
:10D3E000FE02FE02FE02FE02FE02FE02FE02FE023D
:10D3F000FE02FE02FE02FE02FE02FE02FE02FE022D
:10D40000FE02FE02FE02FE02FE02FE02FE02FE021C
:10D41000FE02FE02FE02FE02FE02FE02FE02FE020C
:10D42000FE02FE02FE02FE02FE02FE02FE02FE02FC
:10D43000FE02FE02FE02FE02FE02FE02FE02FE02EC
:10D44000FE02FE02FE02FE02FE02FE02FE02FE02DC
:10D45000FE02FE02FE02FE02FE02FE02FE02FE02CC
:10D46000FE02FE02FE02FE02FE02FE02FE02FE02BC
:10D47000FE02FE02FE02FE02FE02FE02FE02FE02AC
:10D48000FE02FE02FE02FE02FE02FE02FE02FE029C
:10D49000FE02FE02FE02FE02FE02FE02FE02FE028C
:10D4A000FE02FE02FE02FE02FE02FE02FE02FE027C
:10D4B000FE02FE02FE02FE02FE02FE02FE02FE026C
:10D4C000FE02FE02FE02FE02FE02FE02FE02FE025C
:10D4D000FE02FE02FE02FE02FE02FE02FE02FE024C
:10D4E000FE02FE02FE02FE02FE02FE02FE02FE023C
:10D4F000FE02FE02FE02FE02FE02FE02FE02FE022C
:10D50000FE02FE02FE02FE02FE02FE02FE02FE021B
:10D51000FE02FE02FE02FE02FE02FE02FE02FE020B
:10D52000FE02FE02FE02FE02FE02FE02FE02FE02FB
:10D53000FE02FE02FE02FE02FE02FE02FE02FE02EB
:10D54000FE02FE02FE02FE02FE02FE02FE02FE02DB
:10D55000FE02FE02FE02FE02FE02FE02FE02FE02CB
:10D56000FE02FE02FE02FE02FE02FE02FE02FE02BB
:10D57000FE02FE02FE02FE02FE02FE02FE02FE02AB
:10D58000FE02FE02FE02FE02FE02FE02FE02FE029B
:10D59000FE02FE02FE02FE02FE02FE02FE02FE028B
:10D5A000FE02FE02FE02FE02FE02FE02FE02FE027B
:10D5B000FE02FE02FE02FE02FE02FE02FE02FE026B
:10D5C000FE02FE02FE02FE02FE02FE02FE02FE025B
:10D5D000FE02FE02FE02FE02FE02FE02FE02FE024B
:10D5E000FE02FE02FE02FE02FE02FE02FE02FE023B
:10D5F000FE02FE02FE02FE02FE02FE02FE02FE022B
:10D60000FE02FE02FE02FE02FE02FE02FE02FE021A
:10D61000FE02FE02FE02FE02FE02FE02FE02FE020A
:10D62000FE02FE02FE02FE02FE02FE02FE02FE02FA
:10D63000FE02FE02FE02FE02FE02FE02FE02FE02EA
:10D64000FE02FE02FE02FE02FE02FE02FE02FE02DA
:10D65000FE02FE02FE02FE02FE02FE02FE02FE02CA
:10D66000FE02FE02FE02FE02FE02FE02FE02FE02BA
:10D67000FE02FE02FE02FE02FE02FE02FE02FE02AA
:10D68000FE02FE02FE02FE02FE02FE02FE02FE029A
:10D69000FE02FE02FE02FE02FE02FE02FE02FE028A
:10D6A000FE02FE02FE02FE02FE02FE02FE02FE027A
:10D6B000FE02FE02FE02FE02FE02FE02FE02FE026A
:10D6C000FE02FE02FE02FE02FE02FE02FE02FE025A
:10D6D000FE02FE02FE02FE02FE02FE02FE02FE024A
:10D6E000FE02FE02FE02FE02FE02FE02FE02FE023A
:10D6F000FE02FE02FE02FE02FE02FE02FE02FE022A
:10D70000FE02FE02FE02FE02FE02FE02FE02FE0219
:10D71000FE02FE02FE02FE02FE02FE02FE02FE0209
:10D72000FE02FE02FE02FE02FE02FE02FE02FE02F9
:10D73000FE02FE02FE02FE02FE02FE02FE02FE02E9
:10D74000FE02FE02FE02FE02FE02FE02FE02FE02D9
:10D75000FE02FE02FE02FE02FE02FE02FE02FE02C9
:10D76000FE02FE02FE02FE02FE02FE02FE02FE02B9
:10D77000FE02FE02FE02FE02FE02FE02FE02FE02A9
:10D78000FE02FE02FE02FE02FE02FE02FE02FE0299
:10D79000FE02FE02FE02FE02FE02FE02FE02FE0289
:10D7A000FE02FE02FE02FE02FE02FE02FE02FE0279
:10D7B000FE02FE02FE02FE02FE02FE02FE02FE0269
:10D7C000FE02FE02FE02FE02FE02FE02FE02FE0259
:10D7D000FE02FE02FE02FE02FE02FE02FE02FE0249
:10D7E000FE02FE02FE02FE02FE02FE02FE02FE0239
:10D7F000FE02FE02FE02FE02FE02FE02FE02FE0229
:10D80000FE02FE02FE02FE02FE02FE02FE02FE0218
:10D81000FE02FE02FE02FE02FE02FE02FE02FE0208
:10D82000FE02FE02FE02FE02FE02FE02FE02FE02F8
:10D83000FE02FE02FE02FE02FE02FE02FE02FE02E8
:10D84000FE02FE02FE02FE02FE02FE02FE02FE02D8
:10D85000FE02FE02FE02FE02FE02FE02FE02FE02C8
:10D86000FE02FE02FE02FE02FE02FE02FE02FE02B8
:10D87000FE02FE02FE02FE02FE02FE02FE02FE02A8
:10D88000FE02FE02FE02FE02FE02FE02FE02FE0298
:10D89000FE02FE02FE02FE02FE02FE02FE02FE0288
:10D8A000FE02FE02FE02FE02FE02FE02FE02FE0278
:10D8B000FE02FE02FE02FE02FE02FE02FE02FE0268
:10D8C000FE02FE02FE02FE02FE02FE02FE02FE0258
:10D8D000FE02FE02FE02FE02FE02FE02FE02FE0248
:10D8E000FE02FE02FE02FE02FE02FE02FE02FE0238
:10D8F000FE02FE02FE02FE02FE02FE02FE02FE0228
:10D90000FE02FE02FE02FE02FE02FE02FE02FE0217
:10D91000FE02FE02FE02FE02FE02FE02FE02FE0207
:10D92000FE02FE02FE02FE02FE02FE02FE02FE02F7
:10D93000FE02FE02FE02FE02FE02FE02FE02FE02E7
:10D94000FE02FE02FE02FE02FE02FE02FE02FE02D7
:10D95000FE02FE02FE02FE02FE02FE02FE02FE02C7
:10D96000FE02FE02FE02FE02FE02FE02FE02FE02B7
:10D97000FE02FE02FE02FE02FE02FE02FE02FE02A7
:10D98000FE02FE02FE02FE02FE02FE02FE02FE0297
:10D99000FE02FE02FE02FE02FE02FE02FE02FE0287
:10D9A000FE02FE02FE02FE02FE02FE02FE02FE0277
:10D9B000FE02FE02FE02FE02FE02FE02FE02FE0267
:10D9C000FE02FE02FE02FE02FE02FE02FE02FE0257
:10D9D000FE02FE02FE02FE02FE02FE02FE02FE0247
:10D9E000FE02FE02FE02FE02FE02FE02FE02FE0237
:10D9F000FE02FE02FE02FE02FE02FE02FE02FE0227
:10DA0000FE02FE02FE02FE02FE02FE02FE02FE0216
:10DA1000FE02FE02FE02FE02FE02FE02FE02FE0206
:10DA2000FE02FE02FE02FE02FE02FE02FE02FE02F6
:10DA3000FE02FE02FE02FE02FE02FE02FE02FE02E6
:10DA4000FE02FE02FE02FE02FE02FE02FE02FE02D6
:10DA5000FE02FE02FE02FE02FE02FE02FE02FE02C6
:10DA6000FE02FE02FE02FE02FE02FE02FE02FE02B6
:10DA7000FE02FE02FE02FE02FE02FE02FE02FE02A6
:10DA8000FE02FE02FE02FE02FE02FE02FE02FE0296
:10DA9000FE02FE02FE02FE02FE02FE02FE02FE0286
:10DAA000FE02FE02FE02FE02FE02FE02FE02FE0276
:10DAB000FE02FE02FE02FE02FE02FE02FE02FE0266
:10DAC000FE02FE02FE02FE02FE02FE02FE02FE0256
:10DAD000FE02FE02FE02FE02FE02FE02FE02FE0246
:10DAE000FE02FE02FE02FE02FE02FE02FE02FE0236
:10DAF000FE02FE02FE02FE02FE02FE02FE02FE0226
:10DB0000FE02FE02FE02FE02FE02FE02FE02FE0215
:10DB1000FE02FE02FE02FE02FE02FE02FE02FE0205
:10DB2000FE02FE02FE02FE02FE02FE02FE02FE02F5
:10DB3000FE02FE02FE02FE02FE02FE02FE02FE02E5
:10DB4000FE02FE02FE02FE02FE02FE02FE02FE02D5
:10DB5000FE02FE02FE02FE02FE02FE02FE02FE02C5
:10DB6000FE02FE02FE02FE02FE02FE02FE02FE02B5
:10DB7000FE02FE02FE02FE02FE02FE02FE02FE02A5
:10DB8000FE02FE02FE02FE02FE02FE02FE02FE0295
:10DB9000FE02FE02FE02FE02FE02FE02FE02FE0285
:10DBA000FE02FE02FE02FE02FE02FE02FE02FE0275
:10DBB000FE02FE02FE02FE02FE02FE02FE02FE0265
:10DBC000FE02FE02FE02FE02FE02FE02FE02FE0255
:10DBD000FE02FE02FE02FE02FE02FE02FE02FE0245
:10DBE000FE02FE02FE02FE02FE02FE02FE02FE0235
:10DBF000FE02FE02FE02FE02FE02FE02FE02FE0225
:10DC0000FE02FE02FE02FE02FE02FE02FE02FE0214
:10DC1000FE02FE02FE02FE02FE02FE02FE02FE0204
:10DC2000FE02FE02FE02FE02FE02FE02FE02FE02F4
:10DC3000FE02FE02FE02FE02FE02FE02FE02FE02E4
:10DC4000FE02FE02FE02FE02FE02FE02FE02FE02D4
:10DC5000FE02FE02FE02FE02FE02FE02FE02FE02C4
:10DC6000FE02FE02FE02FE02FE02FE02FE02FE02B4
:10DC7000FE02FE02FE02FE02FE02FE02FE02FE02A4
:10DC8000FE02FE02FE02FE02FE02FE02FE02FE0294
:10DC9000FE02FE02FE02FE02FE02FE02FE02FE0284
:10DCA000FE02FE02FE02FE02FE02FE02FE02FE0274
:10DCB000FE02FE02FE02FE02FE02FE02FE02FE0264
:10DCC000FE02FE02FE02FE02FE02FE02FE02FE0254
:10DCD000FE02FE02FE02FE02FE02FE02FE02FE0244
:10DCE000FE02FE02FE02FE02FE02FE02FE02FE0234
:10DCF000FE02FE02FE02FE02FE02FE02FE02FE0224
:10DD0000FE02FE02FE02FE02FE02FE02FE02FE0213
:10DD1000FE02FE02FE02FE02FE02FE02FE02FE0203
:10DD2000FE02FE02FE02FE02FE02FE02FE02FE02F3
:10DD3000FE02FE02FE02FE02FE02FE02FE02FE02E3
:10DD4000FE02FE02FE02FE02FE02FE02FE02FE02D3
:10DD5000FE02FE02FE02FE02FE02FE02FE02FE02C3
:10DD6000FE02FE02FE02FE02FE02FE02FE02FE02B3
:10DD7000FE02FE02FE02FE02FE02FE02FE02FE02A3
:10DD8000FE02FE02FE02FE02FE02FE02FE02FE0293
:10DD9000FE02FE02FE02FE02FE02FE02FE02FE0283
:10DDA000FE02FE02FE02FE02FE02FE02FE02FE0273
:10DDB000FE02FE02FE02FE02FE02FE02FE02FE0263
:10DDC000FE02FE02FE02FE02FE02FE02FE02FE0253
:10DDD000FE02FE02FE02FE02FE02FE02FE02FE0243
:10DDE000FE02FE02FE02FE02FE02FE02FE02FE0233
:10DDF000FE02FE02FE02FE02FE02FE02FE02FE0223
:10DE0000FE02FE02FE02FE02FE02FE02FE02FE0212
:10DE1000FE02FE02FE02FE02FE02FE02FE02FE0202
:10DE2000FE02FE02FE02FE02FE02FE02FE02FE02F2
:10DE3000FE02FE02FE02FE02FE02FE02FE02FE02E2
:10DE4000FE02FE02FE02FE02FE02FE02FE02FE02D2
:10DE5000FE02FE02FE02FE02FE02FE02FE02FE02C2
:10DE6000FE02FE02FE02FE02FE02FE02FE02FE02B2
:10DE7000FE02FE02FE02FE02FE02FE02FE02FE02A2
:10DE8000FE02FE02FE02FE02FE02FE02FE02FE0292
:10DE9000FE02FE02FE02FE02FE02FE02FE02FE0282
:10DEA000FE02FE02FE02FE02FE02FE02FE02FE0272
:10DEB000FE02FE02FE02FE02FE02FE02FE02FE0262
:10DEC000FE02FE02FE02FE02FE02FE02FE02FE0252
:10DED000FE02FE02FE02FE02FE02FE02FE02FE0242
:10DEE000FE02FE02FE02FE02FE02FE02FE02FE0232
:10DEF000FE02FE02FE02FE02FE02FE02FE02FE0222
:10DF0000FE02FE02FE02FE02FE02FE02FE02FE0211
:10DF1000FE02FE02FE02FE02FE02FE02FE02FE0201
:10DF2000FE02FE02FE02FE02FE02FE02FE02FE02F1
:10DF3000FE02FE02FE02FE02FE02FE02FE02FE02E1
:10DF4000FE02FE02FE02FE02FE02FE02FE02FE02D1
:10DF5000FE02FE02FE02FE02FE02FE02FE02FE02C1
:10DF6000FE02FE02FE02FE02FE02FE02FE02FE02B1
:10DF7000FE02FE02FE02FE02FE02FE02FE02FE02A1
:10DF8000FE02FE02FE02FE02FE02FE02FE02FE0291
:10DF9000FE02FE02FE02FE02FE02FE02FE02FE0281
:10DFA000FE02FE02FE02FE02FE02FE02FE02FE0271
:10DFB000FE02FE02FE02FE02FE02FE02FE02FE0261
:10DFC000FE02FE02FE02FE02FE02FE02FE02FE0251
:10DFD000FE02FE02FE02FE02FE02FE02FE02FE0241
:10DFE000FE02FE02FE02FE02FE02FE02FE02FE0231
:10DFF000FE02FE02FE02FE02FE02FE02FE02FE0221
:10E00000FE02FE02FE02FE02FE02FE02FE02FE0210
:10E01000FE02FE02FE02FE02FE02FE02FE02FE0200
:10E02000FE02FE02FE02FE02FE02FE02FE02FE02F0
:10E03000FE02FE02FE02FE02FE02FE02FE02FE02E0
:10E04000FE02FE02FE02FE02FE02FE02FE02FE02D0
:10E05000FE02FE02FE02FE02FE02FE02FE02FE02C0
:10E06000FE02FE02FE02FE02FE02FE02FE02FE02B0
:10E07000FE02FE02FE02FE02FE02FE02FE02FE02A0
:10E08000FE02FE02FE02FE02FE02FE02FE02FE0290
:10E09000FE02FE02FE02FE02FE02FE02FE02FE0280
:10E0A000FE02FE02FE02FE02FE02FE02FE02FE0270
:10E0B000FE02FE02FE02FE02FE02FE02FE02FE0260
:10E0C000FE02FE02FE02FE02FE02FE02FE02FE0250
:10E0D000FE02FE02FE02FE02FE02FE02FE02FE0240
:10E0E000FE02FE02FE02FE02FE02FE02FE02FE0230
:10E0F000FE02FE02FE02FE02FE02FE02FE02FE0220
:10E10000FE02FE02FE02FE02FE02FE02FE02FE020F
:10E11000FE02FE02FE02FE02FE02FE02FE02FE02FF
:10E12000FE02FE02FE02FE02FE02FE02FE02FE02EF
:10E13000FE02FE02FE02FE02FE02FE02FE02FE02DF
:10E14000FE02FE02FE02FE02FE02FE02FE02FE02CF
:10E15000FE02FE02FE02FE02FE02FE02FE02FE02BF
:10E16000FE02FE02FE02FE02FE02FE02FE02FE02AF
:10E17000FE02FE02FE02FE02FE02FE02FE02FE029F
:10E18000FE02FE02FE02FE02FE02FE02FE02FE028F
:10E19000FE02FE02FE02FE02FE02FE02FE02FE027F
:10E1A000FE02FE02FE02FE02FE02FE02FE02FE026F
:10E1B000FE02FE02FE02FE02FE02FE02FE02FE025F
:10E1C000FE02FE02FE02FE02FE02FE02FE02FE024F
:10E1D000FE02FE02FE02FE02FE02FE02FE02FE023F
:10E1E000FE02FE02FE02FE02FE02FE02FE02FE022F
:10E1F000FE02FE02FE02FE02FE02FE02FE02FE021F
:10E20000FE02FE02FE02FE02FE02FE02FE02FE020E
:10E21000FE02FE02FE02FE02FE02FE02FE02FE02FE
:10E22000FE02FE02FE02FE02FE02FE02FE02FE02EE
:10E23000FE02FE02FE02FE02FE02FE02FE02FE02DE
:10E24000FE02FE02FE02FE02FE02FE02FE02FE02CE
:10E25000FE02FE02FE02FE02FE02FE02FE02FE02BE
:10E26000FE02FE02FE02FE02FE02FE02FE02FE02AE
:10E27000FE02FE02FE02FE02FE02FE02FE02FE029E
:10E28000FE02FE02FE02FE02FE02FE02FE02FE028E
:10E29000FE02FE02FE02FE02FE02FE02FE02FE027E
:10E2A000FE02FE02FE02FE02FE02FE02FE02FE026E
:10E2B000FE02FE02FE02FE02FE02FE02FE02FE025E
:10E2C000FE02FE02FE02FE02FE02FE02FE02FE024E
:10E2D000FE02FE02FE02FE02FE02FE02FE02FE023E
:10E2E000FE02FE02FE02FE02FE02FE02FE02FE022E
:10E2F000FE02FE02FE02FE02FE02FE02FE02FE021E
:10E30000FE02FE02FE02FE02FE02FE02FE02FE020D
:10E31000FE02FE02FE02FE02FE02FE02FE02FE02FD
:10E32000FE02FE02FE02FE02FE02FE02FE02FE02ED
:10E33000FE02FE02FE02FE02FE02FE02FE02FE02DD
:10E34000FE02FE02FE02FE02FE02FE02FE02FE02CD
:10E35000FE02FE02FE02FE02FE02FE02FE02FE02BD
:10E36000FE02FE02FE02FE02FE02FE02FE02FE02AD
:10E37000FE02FE02FE02FE02FE02FE02FE02FE029D
:10E38000FE02FE02FE02FE02FE02FE02FE02FE028D
:10E39000FE02FE02FE02FE02FE02FE02FE02FE027D
:10E3A000FE02FE02FE02FE02FE02FE02FE02FE026D
:10E3B000FE02FE02FE02FE02FE02FE02FE02FE025D
:10E3C000FE02FE02FE02FE02FE02FE02FE02FE024D
:10E3D000FE02FE02FE02FE02FE02FE02FE02FE023D
:10E3E000FE02FE02FE02FE02FE02FE02FE02FE022D
:10E3F000FE02FE02FE02FE02FE02FE02FE02FE021D
:10E40000FE02FE02FE02FE02FE02FE02FE02FE020C
:10E41000FE02FE02FE02FE02FE02FE02FE02FE02FC
:10E42000FE02FE02FE02FE02FE02FE02FE02FE02EC
:10E43000FE02FE02FE02FE02FE02FE02FE02FE02DC
:10E44000FE02FE02FE02FE02FE02FE02FE02FE02CC
:10E45000FE02FE02FE02FE02FE02FE02FE02FE02BC
:10E46000FE02FE02FE02FE02FE02FE02FE02FE02AC
:10E47000FE02FE02FE02FE02FE02FE02FE02FE029C
:10E48000FE02FE02FE02FE02FE02FE02FE02FE028C
:10E49000FE02FE02FE02FE02FE02FE02FE02FE027C
:10E4A000FE02FE02FE02FE02FE02FE02FE02FE026C
:10E4B000FE02FE02FE02FE02FE02FE02FE02FE025C
:10E4C000FE02FE02FE02FE02FE02FE02FE02FE024C
:10E4D000FE02FE02FE02FE02FE02FE02FE02FE023C
:10E4E000FE02FE02FE02FE02FE02FE02FE02FE022C
:10E4F000FE02FE02FE02FE02FE02FE02FE02FE021C
:10E50000FE02FE02FE02FE02FE02FE02FE02FE020B
:10E51000FE02FE02FE02FE02FE02FE02FE02FE02FB
:10E52000FE02FE02FE02FE02FE02FE02FE02FE02EB
:10E53000FE02FE02FE02FE02FE02FE02FE02FE02DB
:10E54000FE02FE02FE02FE02FE02FE02FE02FE02CB
:10E55000FE02FE02FE02FE02FE02FE02FE02FE02BB
:10E56000FE02FE02FE02FE02FE02FE02FE02FE02AB
:10E57000FE02FE02FE02FE02FE02FE02FE02FE029B
:10E58000FE02FE02FE02FE02FE02FE02FE02FE028B
:10E59000FE02FE02FE02FE02FE02FE02FE02FE027B
:10E5A000FE02FE02FE02FE02FE02FE02FE02FE026B
:10E5B000FE02FE02FE02FE02FE02FE02FE02FE025B
:10E5C000FE02FE02FE02FE02FE02FE02FE02FE024B
:10E5D000FE02FE02FE02FE02FE02FE02FE02FE023B
:10E5E000FE02FE02FE02FE02FE02FE02FE02FE022B
:10E5F000FE02FE02FE02FE02FE02FE02FE02FE021B
:10E60000FE02FE02FE02FE02FE02FE02FE02FE020A
:10E61000FE02FE02FE02FE02FE02FE02FE02FE02FA
:10E62000FE02FE02FE02FE02FE02FE02FE02FE02EA
:10E63000FE02FE02FE02FE02FE02FE02FE02FE02DA
:10E64000FE02FE02FE02FE02FE02FE02FE02FE02CA
:10E65000FE02FE02FE02FE02FE02FE02FE02FE02BA
:10E66000FE02FE02FE02FE02FE02FE02FE02FE02AA
:10E67000FE02FE02FE02FE02FE02FE02FE02FE029A
:10E68000FE02FE02FE02FE02FE02FE02FE02FE028A
:10E69000FE02FE02FE02FE02FE02FE02FE02FE027A
:10E6A000FE02FE02FE02FE02FE02FE02FE02FE026A
:10E6B000FE02FE02FE02FE02FE02FE02FE02FE025A
:10E6C000FE02FE02FE02FE02FE02FE02FE02FE024A
:10E6D000FE02FE02FE02FE02FE02FE02FE02FE023A
:10E6E000FE02FE02FE02FE02FE02FE02FE02FE022A
:10E6F000FE02FE02FE02FE02FE02FE02FE02FE021A
:10E70000FE02FE02FE02FE02FE02FE02FE02FE0209
:10E71000FE02FE02FE02FE02FE02FE02FE02FE02F9
:10E72000FE02FE02FE02FE02FE02FE02FE02FE02E9
:10E73000FE02FE02FE02FE02FE02FE02FE02FE02D9
:10E74000FE02FE02FE02FE02FE02FE02FE02FE02C9
:10E75000FE02FE02FE02FE02FE02FE02FE02FE02B9
:10E76000FE02FE02FE02FE02FE02FE02FE02FE02A9
:10E77000FE02FE02FE02FE02FE02FE02FE02FE0299
:10E78000FE02FE02FE02FE02FE02FE02FE02FE0289
:10E79000FE02FE02FE02FE02FE02FE02FE02FE0279
:10E7A000FE02FE02FE02FE02FE02FE02FE02FE0269
:10E7B000FE02FE02FE02FE02FE02FE02FE02FE0259
:10E7C000FE02FE02FE02FE02FE02FE02FE02FE0249
:10E7D000FE02FE02FE02FE02FE02FE02FE02FE0239
:10E7E000FE02FE02FE02FE02FE02FE02FE02FE0229
:10E7F000FE02FE02FE02FE02FE02FE02FE02FE0219
:10E80000FE02FE02FE02FE02FE02FE02FE02FE0208
:10E81000FE02FE02FE02FE02FE02FE02FE02FE02F8
:10E82000FE02FE02FE02FE02FE02FE02FE02FE02E8
:10E83000FE02FE02FE02FE02FE02FE02FE02FE02D8
:10E84000FE02FE02FE02FE02FE02FE02FE02FE02C8
:10E85000FE02FE02FE02FE02FE02FE02FE02FE02B8
:10E86000FE02FE02FE02FE02FE02FE02FE02FE02A8
:10E87000FE02FE02FE02FE02FE02FE02FE02FE0298
:10E88000FE02FE02FE02FE02FE02FE02FE02FE0288
:10E89000FE02FE02FE02FE02FE02FE02FE02FE0278
:10E8A000FE02FE02FE02FE02FE02FE02FE02FE0268
:10E8B000FE02FE02FE02FE02FE02FE02FE02FE0258
:10E8C000FE02FE02FE02FE02FE02FE02FE02FE0248
:10E8D000FE02FE02FE02FE02FE02FE02FE02FE0238
:10E8E000FE02FE02FE02FE02FE02FE02FE02FE0228
:10E8F000FE02FE02FE02FE02FE02FE02FE02FE0218
:10E90000FE02FE02FE02FE02FE02FE02FE02FE0207
:10E91000FE02FE02FE02FE02FE02FE02FE02FE02F7
:10E92000FE02FE02FE02FE02FE02FE02FE02FE02E7
:10E93000FE02FE02FE02FE02FE02FE02FE02FE02D7
:10E94000FE02FE02FE02FE02FE02FE02FE02FE02C7
:10E95000FE02FE02FE02FE02FE02FE02FE02FE02B7
:10E96000FE02FE02FE02FE02FE02FE02FE02FE02A7
:10E97000FE02FE02FE02FE02FE02FE02FE02FE0297
:10E98000FE02FE02FE02FE02FE02FE02FE02FE0287
:10E99000FE02FE02FE02FE02FE02FE02FE02FE0277
:10E9A000FE02FE02FE02FE02FE02FE02FE02FE0267
:10E9B000FE02FE02FE02FE02FE02FE02FE02FE0257
:10E9C000FE02FE02FE02FE02FE02FE02FE02FE0247
:10E9D000FE02FE02FE02FE02FE02FE02FE02FE0237
:10E9E000FE02FE02FE02FE02FE02FE02FE02FE0227
:10E9F000FE02FE02FE02FE02FE02FE02FE02FE0217
:10EA0000FE02FE02FE02FE02FE02FE02FE02FE0206
:10EA1000FE02FE02FE02FE02FE02FE02FE02FE02F6
:10EA2000FE02FE02FE02FE02FE02FE02FE02FE02E6
:10EA3000FE02FE02FE02FE02FE02FE02FE02FE02D6
:10EA4000FE02FE02FE02FE02FE02FE02FE02FE02C6
:10EA5000FE02FE02FE02FE02FE02FE02FE02FE02B6
:10EA6000FE02FE02FE02FE02FE02FE02FE02FE02A6
:10EA7000FE02FE02FE02FE02FE02FE02FE02FE0296
:10EA8000FE02FE02FE02FE02FE02FE02FE02FE0286
:10EA9000FE02FE02FE02FE02FE02FE02FE02FE0276
:10EAA000FE02FE02FE02FE02FE02FE02FE02FE0266
:10EAB000FE02FE02FE02FE02FE02FE02FE02FE0256
:10EAC000FE02FE02FE02FE02FE02FE02FE02FE0246
:10EAD000FE02FE02FE02FE02FE02FE02FE02FE0236
:10EAE000FE02FE02FE02FE02FE02FE02FE02FE0226
:10EAF000FE02FE02FE02FE02FE02FE02FE02FE0216
:10EB0000FE02FE02FE02FE02FE02FE02FE02FE0205
:10EB1000FE02FE02FE02FE02FE02FE02FE02FE02F5
:10EB2000FE02FE02FE02FE02FE02FE02FE02FE02E5
:10EB3000FE02FE02FE02FE02FE02FE02FE02FE02D5
:10EB4000FE02FE02FE02FE02FE02FE02FE02FE02C5
:10EB5000FE02FE02FE02FE02FE02FE02FE02FE02B5
:10EB6000FE02FE02FE02FE02FE02FE02FE02FE02A5
:10EB7000FE02FE02FE02FE02FE02FE02FE02FE0295
:10EB8000FE02FE02FE02FE02FE02FE02FE02FE0285
:10EB9000FE02FE02FE02FE02FE02FE02FE02FE0275
:10EBA000FE02FE02FE02FE02FE02FE02FE02FE0265
:10EBB000FE02FE02FE02FE02FE02FE02FE02FE0255
:10EBC000FE02FE02FE02FE02FE02FE02FE02FE0245
:10EBD000FE02FE02FE02FE02FE02FE02FE02FE0235
:10EBE000FE02FE02FE02FE02FE02FE02FE02FE0225
:10EBF000FE02FE02FE02FE02FE02FE02FE02FE0215
:10EC0000FE02FE02FE02FE02FE02FE02FE02FE0204
:10EC1000FE02FE02FE02FE02FE02FE02FE02FE02F4
:10EC2000FE02FE02FE02FE02FE02FE02FE02FE02E4
:10EC3000FE02FE02FE02FE02FE02FE02FE02FE02D4
:10EC4000FE02FE02FE02FE02FE02FE02FE02FE02C4
:10EC5000FE02FE02FE02FE02FE02FE02FE02FE02B4
:10EC6000FE02FE02FE02FE02FE02FE02FE02FE02A4
:10EC7000FE02FE02FE02FE02FE02FE02FE02FE0294
:10EC8000FE02FE02FE02FE02FE02FE02FE02FE0284
:10EC9000FE02FE02FE02FE02FE02FE02FE02FE0274
:10ECA000FE02FE02FE02FE02FE02FE02FE02FE0264
:10ECB000FE02FE02FE02FE02FE02FE02FE02FE0254
:10ECC000FE02FE02FE02FE02FE02FE02FE02FE0244
:10ECD000FE02FE02FE02FE02FE02FE02FE02FE0234
:10ECE000FE02FE02FE02FE02FE02FE02FE02FE0224
:10ECF000FE02FE02FE02FE02FE02FE02FE02FE0214
:10ED0000FE02FE02FE02FE02FE02FE02FE02FE0203
:10ED1000FE02FE02FE02FE02FE02FE02FE02FE02F3
:10ED2000FE02FE02FE02FE02FE02FE02FE02FE02E3
:10ED3000FE02FE02FE02FE02FE02FE02FE02FE02D3
:10ED4000FE02FE02FE02FE02FE02FE02FE02FE02C3
:10ED5000FE02FE02FE02FE02FE02FE02FE02FE02B3
:10ED6000FE02FE02FE02FE02FE02FE02FE02FE02A3
:10ED7000FE02FE02FE02FE02FE02FE02FE02FE0293
:10ED8000FE02FE02FE02FE02FE02FE02FE02FE0283
:10ED9000FE02FE02FE02FE02FE02FE02FE02FE0273
:10EDA000FE02FE02FE02FE02FE02FE02FE02FE0263
:10EDB000FE02FE02FE02FE02FE02FE02FE02FE0253
:10EDC000FE02FE02FE02FE02FE02FE02FE02FE0243
:10EDD000FE02FE02FE02FE02FE02FE02FE02FE0233
:10EDE000FE02FE02FE02FE02FE02FE02FE02FE0223
:10EDF000FE02FE02FE02FE02FE02FE02FE02FE0213
:10EE0000FE02FE02FE02FE02FE02FE02FE02FE0202
:10EE1000FE02FE02FE02FE02FE02FE02FE02FE02F2
:10EE2000FE02FE02FE02FE02FE02FE02FE02FE02E2
:10EE3000FE02FE02FE02FE02FE02FE02FE02FE02D2
:10EE4000FE02FE02FE02FE02FE02FE02FE02FE02C2
:10EE5000FE02FE02FE02FE02FE02FE02FE02FE02B2
:10EE6000FE02FE02FE02FE02FE02FE02FE02FE02A2
:10EE7000FE02FE02FE02FE02FE02FE02FE02FE0292
:10EE8000FE02FE02FE02FE02FE02FE02FE02FE0282
:10EE9000FE02FE02FE02FE02FE02FE02FE02FE0272
:10EEA000FE02FE02FE02FE02FE02FE02FE02FE0262
:10EEB000FE02FE02FE02FE02FE02FE02FE02FE0252
:10EEC000FE02FE02FE02FE02FE02FE02FE02FE0242
:10EED000FE02FE02FE02FE02FE02FE02FE02FE0232
:10EEE000FE02FE02FE02FE02FE02FE02FE02FE0222
:10EEF000FE02FE02FE02FE02FE02FE02FE02FE0212
:10EF0000FE02FE02FE02FE02FE02FE02FE02FE0201
:10EF1000FE02FE02FE02FE02FE02FE02FE02FE02F1
:10EF2000FE02FE02FE02FE02FE02FE02FE02FE02E1
:10EF3000FE02FE02FE02FE02FE02FE02FE02FE02D1
:10EF4000FE02FE02FE02FE02FE02FE02FE02FE02C1
:10EF5000FE02FE02FE02FE02FE02FE02FE02FE02B1
:10EF6000FE02FE02FE02FE02FE02FE02FE02FE02A1
:10EF7000FE02FE02FE02FE02FE02FE02FE02FE0291
:10EF8000FE02FE02FE02FE02FE02FE02FE02FE0281
:10EF9000FE02FE02FE02FE02FE02FE02FE02FE0271
:10EFA000FE02FE02FE02FE02FE02FE02FE02FE0261
:10EFB000FE02FE02FE02FE02FE02FE02FE02FE0251
:10EFC000FE02FE02FE02FE02FE02FE02FE02FE0241
:10EFD000FE02FE02FE02FE02FE02FE02FE02FE0231
:10EFE000FE02FE02FE02FE02FE02FE02FE02FE0221
:10EFF000FE02FE02FE02FE02FE02FE02FE02FE0211
:10F00000FE02FE02FE02FE02FE02FE02FE02FE0200
:10F01000FE02FE02FE02FE02FE02FE02FE02FE02F0
:10F02000FE02FE02FE02FE02FE02FE02FE02FE02E0
:10F03000FE02FE02FE02FE02FE02FE02FE02FE02D0
:10F04000FE02FE02FE02FE02FE02FE02FE02FE02C0
:10F05000FE02FE02FE02FE02FE02FE02FE02FE02B0
:10F06000FE02FE02FE02FE02FE02FE02FE02FE02A0
:10F07000FE02FE02FE02FE02FE02FE02FE02FE0290
:10F08000FE02FE02FE02FE02FE02FE02FE02FE0280
:10F09000FE02FE02FE02FE02FE02FE02FE02FE0270
:10F0A000FE02FE02FE02FE02FE02FE02FE02FE0260
:10F0B000FE02FE02FE02FE02FE02FE02FE02FE0250
:10F0C000FE02FE02FE02FE02FE02FE02FE02FE0240
:10F0D000FE02FE02FE02FE02FE02FE02FE02FE0230
:10F0E000FE02FE02FE02FE02FE02FE02FE02FE0220
:10F0F000FE02FE02FE02FE02FE02FE02FE02FE0210
:10F10000FE02FE02FE02FE02FE02FE02FE02FE02FF
:10F11000FE02FE02FE02FE02FE02FE02FE02FE02EF
:10F12000FE02FE02FE02FE02FE02FE02FE02FE02DF
:10F13000FE02FE02FE02FE02FE02FE02FE02FE02CF
:10F14000FE02FE02FE02FE02FE02FE02FE02FE02BF
:10F15000FE02FE02FE02FE02FE02FE02FE02FE02AF
:10F16000FE02FE02FE02FE02FE02FE02FE02FE029F
:10F17000FE02FE02FE02FE02FE02FE02FE02FE028F
:10F18000FE02FE02FE02FE02FE02FE02FE02FE027F
:10F19000FE02FE02FE02FE02FE02FE02FE02FE026F
:10F1A000FE02FE02FE02FE02FE02FE02FE02FE025F
:10F1B000FE02FE02FE02FE02FE02FE02FE02FE024F
:10F1C000FE02FE02FE02FE02FE02FE02FE02FE023F
:10F1D000FE02FE02FE02FE02FE02FE02FE02FE022F
:10F1E000FE02FE02FE02FE02FE02FE02FE02FE021F
:10F1F000FE02FE02FE02FE02FE02FE02FE02FE020F
:10F20000FE02FE02FE02FE02FE02FE02FE02FE02FE
:10F21000FE02FE02FE02FE02FE02FE02FE02FE02EE
:10F22000FE02FE02FE02FE02FE02FE02FE02FE02DE
:10F23000FE02FE02FE02FE02FE02FE02FE02FE02CE
:10F24000FE02FE02FE02FE02FE02FE02FE02FE02BE
:10F25000FE02FE02FE02FE02FE02FE02FE02FE02AE
:10F26000FE02FE02FE02FE02FE02FE02FE02FE029E
:10F27000FE02FE02FE02FE02FE02FE02FE02FE028E
:10F28000FE02FE02FE02FE02FE02FE02FE02FE027E
:10F29000FE02FE02FE02FE02FE02FE02FE02FE026E
:10F2A000FE02FE02FE02FE02FE02FE02FE02FE025E
:10F2B000FE02FE02FE02FE02FE02FE02FE02FE024E
:10F2C000FE02FE02FE02FE02FE02FE02FE02FE023E
:10F2D000FE02FE02FE02FE02FE02FE02FE02FE022E
:10F2E000FE02FE02FE02FE02FE02FE02FE02FE021E
:10F2F000FE02FE02FE02FE02FE02FE02FE02FE020E
:10F30000FE02FE02FE02FE02FE02FE02FE02FE02FD
:10F31000FE02FE02FE02FE02FE02FE02FE02FE02ED
:10F32000FE02FE02FE02FE02FE02FE02FE02FE02DD
:10F33000FE02FE02FE02FE02FE02FE02FE02FE02CD
:10F34000FE02FE02FE02FE02FE02FE02FE02FE02BD
:10F35000FE02FE02FE02FE02FE02FE02FE02FE02AD
:10F36000FE02FE02FE02FE02FE02FE02FE02FE029D
:10F37000FE02FE02FE02FE02FE02FE02FE02FE028D
:10F38000FE02FE02FE02FE02FE02FE02FE02FE027D
:10F39000FE02FE02FE02FE02FE02FE02FE02FE026D
:10F3A000FE02FE02FE02FE02FE02FE02FE02FE025D
:10F3B000FE02FE02FE02FE02FE02FE02FE02FE024D
:10F3C000FE02FE02FE02FE02FE02FE02FE02FE023D
:10F3D000FE02FE02FE02FE02FE02FE02FE02FE022D
:10F3E000FE02FE02FE02FE02FE02FE02FE02FE021D
:10F3F000FE02FE02FE02FE02FE02FE02FE02FE020D
:10F40000FE02FE02FE02FE02FE02FE02FE02FE02FC
:10F41000FE02FE02FE02FE02FE02FE02FE02FE02EC
:10F42000FE02FE02FE02FE02FE02FE02FE02FE02DC
:10F43000FE02FE02FE02FE02FE02FE02FE02FE02CC
:10F44000FE02FE02FE02FE02FE02FE02FE02FE02BC
:10F45000FE02FE02FE02FE02FE02FE02FE02FE02AC
:10F46000FE02FE02FE02FE02FE02FE02FE02FE029C
:10F47000FE02FE02FE02FE02FE02FE02FE02FE028C
:10F48000FE02FE02FE02FE02FE02FE02FE02FE027C
:10F49000FE02FE02FE02FE02FE02FE02FE02FE026C
:10F4A000FE02FE02FE02FE02FE02FE02FE02FE025C
:10F4B000FE02FE02FE02FE02FE02FE02FE02FE024C
:10F4C000FE02FE02FE02FE02FE02FE02FE02FE023C
:10F4D000FE02FE02FE02FE02FE02FE02FE02FE022C
:10F4E000FE02FE02FE02FE02FE02FE02FE02FE021C
:10F4F000FE02FE02FE02FE02FE02FE02FE02FE020C
:10F50000FE02FE02FE02FE02FE02FE02FE02FE02FB
:10F51000FE02FE02FE02FE02FE02FE02FE02FE02EB
:10F52000FE02FE02FE02FE02FE02FE02FE02FE02DB
:10F53000FE02FE02FE02FE02FE02FE02FE02FE02CB
:10F54000FE02FE02FE02FE02FE02FE02FE02FE02BB
:10F55000FE02FE02FE02FE02FE02FE02FE02FE02AB
:10F56000FE02FE02FE02FE02FE02FE02FE02FE029B
:10F57000FE02FE02FE02FE02FE02FE02FE02FE028B
:10F58000FE02FE02FE02FE02FE02FE02FE02FE027B
:10F59000FE02FE02FE02FE02FE02FE02FE02FE026B
:10F5A000FE02FE02FE02FE02FE02FE02FE02FE025B
:10F5B000FE02FE02FE02FE02FE02FE02FE02FE024B
:10F5C000FE02FE02FE02FE02FE02FE02FE02FE023B
:10F5D000FE02FE02FE02FE02FE02FE02FE02FE022B
:10F5E000FE02FE02FE02FE02FE02FE02FE02FE021B
:10F5F000FE02FE02FE02FE02FE02FE02FE02FE020B
:10F60000FE02FE02FE02FE02FE02FE02FE02FE02FA
:10F61000FE02FE02FE02FE02FE02FE02FE02FE02EA
:10F62000FE02FE02FE02FE02FE02FE02FE02FE02DA
:10F63000FE02FE02FE02FE02FE02FE02FE02FE02CA
:10F64000FE02FE02FE02FE02FE02FE02FE02FE02BA
:10F65000FE02FE02FE02FE02FE02FE02FE02FE02AA
:10F66000FE02FE02FE02FE02FE02FE02FE02FE029A
:10F67000FE02FE02FE02FE02FE02FE02FE02FE028A
:10F68000FE02FE02FE02FE02FE02FE02FE02FE027A
:10F69000FE02FE02FE02FE02FE02FE02FE02FE026A
:10F6A000FE02FE02FE02FE02FE02FE02FE02FE025A
:10F6B000FE02FE02FE02FE02FE02FE02FE02FE024A
:10F6C000FE02FE02FE02FE02FE02FE02FE02FE023A
:10F6D000FE02FE02FE02FE02FE02FE02FE02FE022A
:10F6E000FE02FE02FE02FE02FE02FE02FE02FE021A
:10F6F000FE02FE02FE02FE02FE02FE02FE02FE020A
:10F70000FE02FE02FE02FE02FE02FE02FE02FE02F9
:10F71000FE02FE02FE02FE02FE02FE02FE02FE02E9
:10F72000FE02FE02FE02FE02FE02FE02FE02FE02D9
:10F73000FE02FE02FE02FE02FE02FE02FE02FE02C9
:10F74000FE02FE02FE02FE02FE02FE02FE02FE02B9
:10F75000FE02FE02FE02FE02FE02FE02FE02FE02A9
:10F76000FE02FE02FE02FE02FE02FE02FE02FE0299
:10F77000FE02FE02FE02FE02FE02FE02FE02FE0289
:10F78000FE02FE02FE02FE02FE02FE02FE02FE0279
:10F79000FE02FE02FE02FE02FE02FE02FE02FE0269
:10F7A000FE02FE02FE02FE02FE02FE02FE02FE0259
:10F7B000FE02FE02FE02FE02FE02FE02FE02FE0249
:10F7C000FE02FE02FE02FE02FE02FE02FE02FE0239
:10F7D000FE02FE02FE02FE02FE02FE02FE02FE0229
:10F7E000FE02FE02FE02FE02FE02FE02FE02FE0219
:10F7F000FE02FE02FE02FE02FE02FE02FE02FE0209
:10F80000FE02FE02FE02FE02FE02FE02FE02FE02F8
:10F81000FE02FE02FE02FE02FE02FE02FE02FE02E8
:10F82000FE02FE02FE02FE02FE02FE02FE02FE02D8
:10F83000FE02FE02FE02FE02FE02FE02FE02FE02C8
:10F84000FE02FE02FE02FE02FE02FE02FE02FE02B8
:10F85000FE02FE02FE02FE02FE02FE02FE02FE02A8
:10F86000FE02FE02FE02FE02FE02FE02FE02FE0298
:10F87000FE02FE02FE02FE02FE02FE02FE02FE0288
:10F88000FE02FE02FE02FE02FE02FE02FE02FE0278
:10F89000FE02FE02FE02FE02FE02FE02FE02FE0268
:10F8A000FE02FE02FE02FE02FE02FE02FE02FE0258
:10F8B000FE02FE02FE02FE02FE02FE02FE02FE0248
:10F8C000FE02FE02FE02FE02FE02FE02FE02FE0238
:10F8D000FE02FE02FE02FE02FE02FE02FE02FE0228
:10F8E000FE02FE02FE02FE02FE02FE02FE02FE0218
:10F8F000FE02FE02FE02FE02FE02FE02FE02FE0208
:10F90000FE02FE02FE02FE02FE02FE02FE02FE02F7
:10F91000FE02FE02FE02FE02FE02FE02FE02FE02E7
:10F92000FE02FE02FE02FE02FE02FE02FE02FE02D7
:10F93000FE02FE02FE02FE02FE02FE02FE02FE02C7
:10F94000FE02FE02FE02FE02FE02FE02FE02FE02B7
:10F95000FE02FE02FE02FE02FE02FE02FE02FE02A7
:10F96000FE02FE02FE02FE02FE02FE02FE02FE0297
:10F97000FE02FE02FE02FE02FE02FE02FE02FE0287
:10F98000FE02FE02FE02FE02FE02FE02FE02FE0277
:10F99000FE02FE02FE02FE02FE02FE02FE02FE0267
:10F9A000FE02FE02FE02FE02FE02FE02FE02FE0257
:10F9B000FE02FE02FE02FE02FE02FE02FE02FE0247
:10F9C000FE02FE02FE02FE02FE02FE02FE02FE0237
:10F9D000FE02FE02FE02FE02FE02FE02FE02FE0227
:10F9E000FE02FE02FE02FE02FE02FE02FE02FE0217
:10F9F000FE02FE02FE02FE02FE02FE02FE02FE0207
:10FA0000FE02FE02FE02FE02FE02FE02FE02FE02F6
:10FA1000FE02FE02FE02FE02FE02FE02FE02FE02E6
:10FA2000FE02FE02FE02FE02FE02FE02FE02FE02D6
:10FA3000FE02FE02FE02FE02FE02FE02FE02FE02C6
:10FA4000FE02FE02FE02FE02FE02FE02FE02FE02B6
:10FA5000FE02FE02FE02FE02FE02FE02FE02FE02A6
:10FA6000FE02FE02FE02FE02FE02FE02FE02FE0296
:10FA7000FE02FE02FE02FE02FE02FE02FE02FE0286
:10FA8000FE02FE02FE02FE02FE02FE02FE02FE0276
:10FA9000FE02FE02FE02FE02FE02FE02FE02FE0266
:10FAA000FE02FE02FE02FE02FE02FE02FE02FE0256
:10FAB000FE02FE02FE02FE02FE02FE02FE02FE0246
:10FAC000FE02FE02FE02FE02FE02FE02FE02FE0236
:10FAD000FE02FE02FE02FE02FE02FE02FE02FE0226
:10FAE000FE02FE02FE02FE02FE02FE02FE02FE0216
:10FAF000FE02FE02FE02FE02FE02FE02FE02FE0206
:10FB0000FE02FE02FE02FE02FE02FE02FE02FE02F5
:10FB1000FE02FE02FE02FE02FE02FE02FE02FE02E5
:10FB2000FE02FE02FE02FE02FE02FE02FE02FE02D5
:10FB3000FE02FE02FE02FE02FE02FE02FE02FE02C5
:10FB4000FE02FE02FE02FE02FE02FE02FE02FE02B5
:10FB5000FE02FE02FE02FE02FE02FE02FE02FE02A5
:10FB6000FE02FE02FE02FE02FE02FE02FE02FE0295
:10FB7000FE02FE02FE02FE02FE02FE02FE02FE0285
:10FB8000FE02FE02FE02FE02FE02FE02FE02FE0275
:10FB9000FE02FE02FE02FE02FE02FE02FE02FE0265
:10FBA000FE02FE02FE02FE02FE02FE02FE02FE0255
:10FBB000FE02FE02FE02FE02FE02FE02FE02FE0245
:10FBC000FE02FE02FE02FE02FE02FE02FE02FE0235
:10FBD000FE02FE02FE02FE02FE02FE02FE02FE0225
:10FBE000FE02FE02FE02FE02FE02FE02FE02FE0215
:10FBF000FE02FE02FE02FE02FE02FE02FE02FE0205
:10FC0000FE02FE02FE02FE02FE02FE02FE02FE02F4
:10FC1000FE02FE02FE02FE02FE02FE02FE02FE02E4
:10FC2000FE02FE02FE02FE02FE02FE02FE02FE02D4
:10FC3000FE02FE02FE02FE02FE02FE02FE02FE02C4
:10FC4000FE02FE02FE02FE02FE02FE02FE02FE02B4
:10FC5000FE02FE02FE02FE02FE02FE02FE02FE02A4
:10FC6000FE02FE02FE02FE02FE02FE02FE02FE0294
:10FC7000FE02FE02FE02FE02FE02FE02FE02FE0284
:10FC8000FE02FE02FE02FE02FE02FE02FE02FE0274
:10FC9000FE02FE02FE02FE02FE02FE02FE02FE0264
:10FCA000FE02FE02FE02FE02FE02FE02FE02FE0254
:10FCB000FE02FE02FE02FE02FE02FE02FE02FE0244
:10FCC000FE02FE02FE02FE02FE02FE02FE02FE0234
:10FCD000FE02FE02FE02FE02FE02FE02FE02FE0224
:10FCE000FE02FE02FE02FE02FE02FE02FE02FE0214
:10FCF000FE02FE02FE02FE02FE02FE02FE02FE0204
:10FD0000FE02FE02FE02FE02FE02FE02FE02FE02F3
:10FD1000FE02FE02FE02FE02FE02FE02FE02FE02E3
:10FD2000FE02FE02FE02FE02FE02FE02FE02FE02D3
:10FD3000FE02FE02FE02FE02FE02FE02FE02FE02C3
:10FD4000FE02FE02FE02FE02FE02FE02FE02FE02B3
:10FD5000FE02FE02FE02FE02FE02FE02FE02FE02A3
:10FD6000FE02FE02FE02FE02FE02FE02FE02FE0293
:10FD7000FE02FE02FE02FE02FE02FE02FE02FE0283
:10FD8000FE02FE02FE02FE02FE02FE02FE02FE0273
:10FD9000FE02FE02FE02FE02FE02FE02FE02FE0263
:10FDA000FE02FE02FE02FE02FE02FE02FE02FE0253
:10FDB000FE02FE02FE02FE02FE02FE02FE02FE0243
:10FDC000FE02FE02FE02FE02FE02FE02FE02FE0233
:10FDD000FE02FE02FE02FE02FE02FE02FE02FE0223
:10FDE000FE02FE02FE02FE02FE02FE02FE02FE0213
:10FDF000FE02FE02FE02FE02FE02FE02FE02FE0203
:10FE0000FE02FE02FE02FE02FE02FE02FE02FE02F2
:10FE1000FE02FE02FE02FE02FE02FE02FE02FE02E2
:10FE2000FE02FE02FE02FE02FE02FE02FE02FE02D2
:10FE3000FE02FE02FE02FE02FE02FE02FE02FE02C2
:10FE4000FE02FE02FE02FE02FE02FE02FE02FE02B2
:10FE5000FE02FE02FE02FE02FE02FE02FE02FE02A2
:10FE6000FE02FE02FE02FE02FE02FE02FE02FE0292
:10FE7000FE02FE02FE02FE02FE02FE02FE02FE0282
:10FE8000FE02FE02FE02FE02FE02FE02FE02FE0272
:10FE9000FE02FE02FE02FE02FE02FE02FE02FE0262
:10FEA000FE02FE02FE02FE02FE02FE02FE02FE0252
:10FEB000FE02FE02FE02FE02FE02FE02FE02FE0242
:10FEC000FE02FE02FE02FE02FE02FE02FE02FE0232
:10FED000FE02FE02FE02FE02FE02FE02FE02FE0222
:10FEE000FE02FE02FE02FE02FE02FE02FE02FE0212
:10FEF000FE02FE02FE02FE02FE02FE02FE02FE0202
:10FF0000FE02FE02FE02FE02FE02FE02FE02FE02F1
:10FF1000FE02FE02FE02FE02FE02FE02FE02FE02E1
:10FF2000FE02FE02FE02FE02FE02FE02FE02FE02D1
:10FF3000FE02FE02FE02FE02FE02FE02FE02FE02C1
:10FF4000FE02FE02FE02FE02FE02FE02FE02FE02B1
:10FF5000FE02FE02FE02FE02FE02FE02FE02FE02A1
:10FF6000FE02FE02FE02FE02FE02FE02FE02FE0291
:10FF7000FE02FE02FE02FE02FE02FE02FE02FE0281
:10FF8000FE02FE02FE02FE02FE02FE02FE02FE0271
:10FF9000FE02FE02FE02FE02FE02FE02FE02FE0261
:10FFA000FE02FE02FE02FE02FE02FE02FE02FE0251
:10FFB000FE02FE02FE02FE02FE02FE02FE02FE0241
:10FFC000FE02FE02FE02FE02FE02FE02FE02FE0231
:10FFD000FE02FE02FE02FE02FE02FE02FE02FE0221
:10FFE000FE02FE02FE02FE02FE02FE02FE02FE0211
:10FFF000FE02FE02FE02FE02FE02FE02FE02FE0201
:020000040002F8
:10000000FE02FE02FE02FE02FE02FE02FE02FE02F0
:10001000FE02FE02FE02FE02FE02FE02FE02FE02E0
:10002000FE02FE02FE02FE02FE02FE02FE02FE02D0
:10003000FE02FE02FE02FE02FE02FE02FE02FE02C0
:10004000FE02FE02FE02FE02FE02FE02FE02FE02B0
:10005000FE02FE02FE02FE02FE02FE02FE02FE02A0
:10006000FE02FE02FE02FE02FE02FE02FE02FE0290
:10007000FE02FE02FE02FE02FE02FE02FE02FE0280
:10008000FE02FE02FE02FE02FE02FE02FE02FE0270
:10009000FE02FE02FE02FE02FE02FE02FE02FE0260
:1000A000FE02FE02FE02FE02FE02FE02FE02FE0250
:1000B000FE02FE02FE02FE02FE02FE02FE02FE0240
:1000C000FE02FE02FE02FE02FE02FE02FE02FE0230
:1000D000FE02FE02FE02FE02FE02FE02FE02FE0220
:1000E000FE02FE02FE02FE02FE02FE02FE02FE0210
:1000F000FE02FE02FE02FE02FE02FE02FE02FE0200
:10010000FE02FE02FE02FE02FE02FE02FE02FE02EF
:10011000FE02FE02FE02FE02FE02FE02FE02FE02DF
:10012000FE02FE02FE02FE02FE02FE02FE02FE02CF
:10013000FE02FE02FE02FE02FE02FE02FE02FE02BF
:10014000FE02FE02FE02FE02FE02FE02FE02FE02AF
:10015000FE02FE02FE02FE02FE02FE02FE02FE029F
:10016000FE02FE02FE02FE02FE02FE02FE02FE028F
:10017000FE02FE02FE02FE02FE02FE02FE02FE027F
:10018000FE02FE02FE02FE02FE02FE02FE02FE026F
:10019000FE02FE02FE02FE02FE02FE02FE02FE025F
:1001A000FE02FE02FE02FE02FE02FE02FE02FE024F
:1001B000FE02FE02FE02FE02FE02FE02FE02FE023F
:1001C000FE02FE02FE02FE02FE02FE02FE02FE022F
:1001D000FE02FE02FE02FE02FE02FE02FE02FE021F
:1001E000FE02FE02FE02FE02FE02FE02FE02FE020F
:1001F000FE02FE02FE02FE02FE02FE02FE02FE02FF
:10020000FE02FE02FE02FE02FE02FE02FE02FE02EE
:10021000FE02FE02FE02FE02FE02FE02FE02FE02DE
:10022000FE02FE02FE02FE02FE02FE02FE02FE02CE
:10023000FE02FE02FE02FE02FE02FE02FE02FE02BE
:10024000FE02FE02FE02FE02FE02FE02FE02FE02AE
:10025000FE02FE02FE02FE02FE02FE02FE02FE029E
:10026000FE02FE02FE02FE02FE02FE02FE02FE028E
:10027000FE02FE02FE02FE02FE02FE02FE02FE027E
:10028000FE02FE02FE02FE02FE02FE02FE02FE026E
:10029000FE02FE02FE02FE02FE02FE02FE02FE025E
:1002A000FE02FE02FE02FE02FE02FE02FE02FE024E
:1002B000FE02FE02FE02FE02FE02FE02FE02FE023E
:1002C000FE02FE02FE02FE02FE02FE02FE02FE022E
:1002D000FE02FE02FE02FE02FE02FE02FE02FE021E
:1002E000FE02FE02FE02FE02FE02FE02FE02FE020E
:1002F000FE02FE02FE02FE02FE02FE02FE02FE02FE
:10030000FE02FE02FE02FE02FE02FE02FE02FE02ED
:10031000FE02FE02FE02FE02FE02FE02FE02FE02DD
:10032000FE02FE02FE02FE02FE02FE02FE02FE02CD
:10033000FE02FE02FE02FE02FE02FE02FE02FE02BD
:10034000FE02FE02FE02FE02FE02FE02FE02FE02AD
:10035000FE02FE02FE02FE02FE02FE02FE02FE029D
:10036000FE02FE02FE02FE02FE02FE02FE02FE028D
:10037000FE02FE02FE02FE02FE02FE02FE02FE027D
:10038000FE02FE02FE02FE02FE02FE02FE02FE026D
:10039000FE02FE02FE02FE02FE02FE02FE02FE025D
:1003A000FE02FE02FE02FE02FE02FE02FE02FE024D
:1003B000FE02FE02FE02FE02FE02FE02FE02FE023D
:1003C000FE02FE02FE02FE02FE02FE02FE02FE022D
:1003D000FE02FE02FE02FE02FE02FE02FE02FE021D
:1003E000FE02FE02FE02FE02FE02FE02FE02FE020D
:1003F000FE02FE02FE02FE02FE02FE02FE02FE02FD
:10040000FE02FE02FE02FE02FE02FE02FE02FE02EC
:10041000FE02FE02FE02FE02FE02FE02FE02FE02DC
:10042000FE02FE02FE02FE02FE02FE02FE02FE02CC
:10043000FE02FE02FE02FE02FE02FE02FE02FE02BC
:10044000FE02FE02FE02FE02FE02FE02FE02FE02AC
:10045000FE02FE02FE02FE02FE02FE02FE02FE029C
:10046000FE02FE02FE02FE02FE02FE02FE02FE028C
:10047000FE02FE02FE02FE02FE02FE02FE02FE027C
:10048000FE02FE02FE02FE02FE02FE02FE02FE026C
:10049000FE02FE02FE02FE02FE02FE02FE02FE025C
:1004A000FE02FE02FE02FE02FE02FE02FE02FE024C
:1004B000FE02FE02FE02FE02FE02FE02FE02FE023C
:1004C000FE02FE02FE02FE02FE02FE02FE02FE022C
:1004D000FE02FE02FE02FE02FE02FE02FE02FE021C
:1004E000FE02FE02FE02FE02FE02FE02FE02FE020C
:1004F000FE02FE02FE02FE02FE02FE02FE02FE02FC
:10050000FE02FE02FE02FE02FE02FE02FE02FE02EB
:10051000FE02FE02FE02FE02FE02FE02FE02FE02DB
:10052000FE02FE02FE02FE02FE02FE02FE02FE02CB
:10053000FE02FE02FE02FE02FE02FE02FE02FE02BB
:10054000FE02FE02FE02FE02FE02FE02FE02FE02AB
:10055000FE02FE02FE02FE02FE02FE02FE02FE029B
:10056000FE02FE02FE02FE02FE02FE02FE02FE028B
:10057000FE02FE02FE02FE02FE02FE02FE02FE027B
:10058000FE02FE02FE02FE02FE02FE02FE02FE026B
:10059000FE02FE02FE02FE02FE02FE02FE02FE025B
:1005A000FE02FE02FE02FE02FE02FE02FE02FE024B
:1005B000FE02FE02FE02FE02FE02FE02FE02FE023B
:1005C000FE02FE02FE02FE02FE02FE02FE02FE022B
:1005D000FE02FE02FE02FE02FE02FE02FE02FE021B
:1005E000FE02FE02FE02FE02FE02FE02FE02FE020B
:1005F000FE02FE02FE02FE02FE02FE02FE02FE02FB
:10060000FE02FE02FE02FE02FE02FE02FE02FE02EA
:10061000FE02FE02FE02FE02FE02FE02FE02FE02DA
:10062000FE02FE02FE02FE02FE02FE02FE02FE02CA
:10063000FE02FE02FE02FE02FE02FE02FE02FE02BA
:10064000FE02FE02FE02FE02FE02FE02FE02FE02AA
:10065000FE02FE02FE02FE02FE02FE02FE02FE029A
:10066000FE02FE02FE02FE02FE02FE02FE02FE028A
:10067000FE02FE02FE02FE02FE02FE02FE02FE027A
:10068000FE02FE02FE02FE02FE02FE02FE02FE026A
:10069000FE02FE02FE02FE02FE02FE02FE02FE025A
:1006A000FE02FE02FE02FE02FE02FE02FE02FE024A
:1006B000FE02FE02FE02FE02FE02FE02FE02FE023A
:1006C000FE02FE02FE02FE02FE02FE02FE02FE022A
:1006D000FE02FE02FE02FE02FE02FE02FE02FE021A
:1006E000FE02FE02FE02FE02FE02FE02FE02FE020A
:1006F000FE02FE02FE02FE02FE02FE02FE02FE02FA
:10070000FE02FE02FE02FE02FE02FE02FE02FE02E9
:10071000FE02FE02FE02FE02FE02FE02FE02FE02D9
:10072000FE02FE02FE02FE02FE02FE02FE02FE02C9
:10073000FE02FE02FE02FE02FE02FE02FE02FE02B9
:10074000FE02FE02FE02FE02FE02FE02FE02FE02A9
:10075000FE02FE02FE02FE02FE02FE02FE02FE0299
:10076000FE02FE02FE02FE02FE02FE02FE02FE0289
:10077000FE02FE02FE02FE02FE02FE02FE02FE0279
:10078000FE02FE02FE02FE02FE02FE02FE02FE0269
:10079000FE02FE02FE02FE02FE02FE02FE02FE0259
:1007A000FE02FE02FE02FE02FE02FE02FE02FE0249
:1007B000FE02FE02FE02FE02FE02FE02FE02FE0239
:1007C000FE02FE02FE02FE02FE02FE02FE02FE0229
:1007D000FE02FE02FE02FE02FE02FE02FE02FE0219
:1007E000FE02FE02FE02FE02FE02FE02FE02FE0209
:1007F000FE02FE02FE02FE02FE02FE02FE02FE02F9
:10080000FE02FE02FE02FE02FE02FE02FE02FE02E8
:10081000FE02FE02FE02FE02FE02FE02FE02FE02D8
:10082000FE02FE02FE02FE02FE02FE02FE02FE02C8
:10083000FE02FE02FE02FE02FE02FE02FE02FE02B8
:10084000FE02FE02FE02FE02FE02FE02FE02FE02A8
:10085000FE02FE02FE02FE02FE02FE02FE02FE0298
:10086000FE02FE02FE02FE02FE02FE02FE02FE0288
:10087000FE02FE02FE02FE02FE02FE02FE02FE0278
:10088000FE02FE02FE02FE02FE02FE02FE02FE0268
:10089000FE02FE02FE02FE02FE02FE02FE02FE0258
:1008A000FE02FE02FE02FE02FE02FE02FE02FE0248
:1008B000FE02FE02FE02FE02FE02FE02FE02FE0238
:1008C000FE02FE02FE02FE02FE02FE02FE02FE0228
:1008D000FE02FE02FE02FE02FE02FE02FE02FE0218
:1008E000FE02FE02FE02FE02FE02FE02FE02FE0208
:1008F000FE02FE02FE02FE02FE02FE02FE02FE02F8
:10090000FE02FE02FE02FE02FE02FE02FE02FE02E7
:10091000FE02FE02FE02FE02FE02FE02FE02FE02D7
:10092000FE02FE02FE02FE02FE02FE02FE02FE02C7
:10093000FE02FE02FE02FE02FE02FE02FE02FE02B7
:10094000FE02FE02FE02FE02FE02FE02FE02FE02A7
:10095000FE02FE02FE02FE02FE02FE02FE02FE0297
:10096000FE02FE02FE02FE02FE02FE02FE02FE0287
:10097000FE02FE02FE02FE02FE02FE02FE02FE0277
:10098000FE02FE02FE02FE02FE02FE02FE02FE0267
:10099000FE02FE02FE02FE02FE02FE02FE02FE0257
:1009A000FE02FE02FE02FE02FE02FE02FE02FE0247
:1009B000FE02FE02FE02FE02FE02FE02FE02FE0237
:1009C000FE02FE02FE02FE02FE02FE02FE02FE0227
:1009D000FE02FE02FE02FE02FE02FE02FE02FE0217
:1009E000FE02FE02FE02FE02FE02FE02FE02FE0207
:1009F000FE02FE02FE02FE02FE02FE02FE02FE02F7
:100A0000FE02FE02FE02FE02FE02FE02FE02FE02E6
:100A1000FE02FE02FE02FE02FE02FE02FE02FE02D6
:100A2000FE02FE02FE02FE02FE02FE02FE02FE02C6
:100A3000FE02FE02FE02FE02FE02FE02FE02FE02B6
:100A4000FE02FE02FE02FE02FE02FE02FE02FE02A6
:100A5000FE02FE02FE02FE02FE02FE02FE02FE0296
:100A6000FE02FE02FE02FE02FE02FE02FE02FE0286
:100A7000FE02FE02FE02FE02FE02FE02FE02FE0276
:100A8000FE02FE02FE02FE02FE02FE02FE02FE0266
:100A9000FE02FE02FE02FE02FE02FE02FE02FE0256
:100AA000FE02FE02FE02FE02FE02FE02FE02FE0246
:100AB000FE02FE02FE02FE02FE02FE02FE02FE0236
:100AC000FE02FE02FE02FE02FE02FE02FE02FE0226
:100AD000FE02FE02FE02FE02FE02FE02FE02FE0216
:100AE000FE02FE02FE02FE02FE02FE02FE02FE0206
:100AF000FE02FE02FE02FE02FE02FE02FE02FE02F6
:100B0000FE02FE02FE02FE02FE02FE02FE02FE02E5
:100B1000FE02FE02FE02FE02FE02FE02FE02FE02D5
:100B2000FE02FE02FE02FE02FE02FE02FE02FE02C5
:100B3000FE02FE02FE02FE02FE02FE02FE02FE02B5
:100B4000FE02FE02FE02FE02FE02FE02FE02FE02A5
:100B5000FE02FE02FE02FE02FE02FE02FE02FE0295
:100B6000FE02FE02FE02FE02FE02FE02FE02FE0285
:100B7000FE02FE02FE02FE02FE02FE02FE02FE0275
:100B8000FE02FE02FE02FE02FE02FE02FE02FE0265
:100B9000FE02FE02FE02FE02FE02FE02FE02FE0255
:100BA000FE02FE02FE02FE02FE02FE02FE02FE0245
:100BB000FE02FE02FE02FE02FE02FE02FE02FE0235
:100BC000FE02FE02FE02FE02FE02FE02FE02FE0225
:100BD000FE02FE02FE02FE02FE02FE02FE02FE0215
:100BE000FE02FE02FE02FE02FE02FE02FE02FE0205
:100BF000FE02FE02FE02FE02FE02FE02FE02FE02F5
:100C0000FE02FE02FE02FE02FE02FE02FE02FE02E4
:100C1000FE02FE02FE02FE02FE02FE02FE02FE02D4
:100C2000FE02FE02FE02FE02FE02FE02FE02FE02C4
:100C3000FE02FE02FE02FE02FE02FE02FE02FE02B4
:100C4000FE02FE02FE02FE02FE02FE02FE02FE02A4
:100C5000FE02FE02FE02FE02FE02FE02FE02FE0294
:100C6000FE02FE02FE02FE02FE02FE02FE02FE0284
:100C7000FE02FE02FE02FE02FE02FE02FE02FE0274
:100C8000FE02FE02FE02FE02FE02FE02FE02FE0264
:100C9000FE02FE02FE02FE02FE02FE02FE02FE0254
:100CA000FE02FE02FE02FE02FE02FE02FE02FE0244
:100CB000FE02FE02FE02FE02FE02FE02FE02FE0234
:100CC000FE02FE02FE02FE02FE02FE02FE02FE0224
:100CD000FE02FE02FE02FE02FE02FE02FE02FE0214
:100CE000FE02FE02FE02FE02FE02FE02FE02FE0204
:100CF000FE02FE02FE02FE02FE02FE02FE02FE02F4
:100D0000FE02FE02FE02FE02FE02FE02FE02FE02E3
:100D1000FE02FE02FE02FE02FE02FE02FE02FE02D3
:100D2000FE02FE02FE02FE02FE02FE02FE02FE02C3
:100D3000FE02FE02FE02FE02FE02FE02FE02FE02B3
:100D4000FE02FE02FE02FE02FE02FE02FE02FE02A3
:100D5000FE02FE02FE02FE02FE02FE02FE02FE0293
:100D6000FE02FE02FE02FE02FE02FE02FE02FE0283
:100D7000FE02FE02FE02FE02FE02FE02FE02FE0273
:100D8000FE02FE02FE02FE02FE02FE02FE02FE0263
:100D9000FE02FE02FE02FE02FE02FE02FE02FE0253
:100DA000FE02FE02FE02FE02FE02FE02FE02FE0243
:100DB000FE02FE02FE02FE02FE02FE02FE02FE0233
:100DC000FE02FE02FE02FE02FE02FE02FE02FE0223
:100DD000FE02FE02FE02FE02FE02FE02FE02FE0213
:100DE000FE02FE02FE02FE02FE02FE02FE02FE0203
:100DF000FE02FE02FE02FE02FE02FE02FE02FE02F3
:100E0000FE02FE02FE02FE02FE02FE02FE02FE02E2
:100E1000FE02FE02FE02FE02FE02FE02FE02FE02D2
:100E2000FE02FE02FE02FE02FE02FE02FE02FE02C2
:100E3000FE02FE02FE02FE02FE02FE02FE02FE02B2
:100E4000FE02FE02FE02FE02FE02FE02FE02FE02A2
:100E5000FE02FE02FE02FE02FE02FE02FE02FE0292
:100E6000FE02FE02FE02FE02FE02FE02FE02FE0282
:100E7000FE02FE02FE02FE02FE02FE02FE02FE0272
:100E8000FE02FE02FE02FE02FE02FE02FE02FE0262
:100E9000FE02FE02FE02FE02FE02FE02FE02FE0252
:100EA000FE02FE02FE02FE02FE02FE02FE02FE0242
:100EB000FE02FE02FE02FE02FE02FE02FE02FE0232
:100EC000FE02FE02FE02FE02FE02FE02FE02FE0222
:100ED000FE02FE02FE02FE02FE02FE02FE02FE0212
:100EE000FE02FE02FE02FE02FE02FE02FE02FE0202
:100EF000FE02FE02FE02FE02FE02FE02FE02FE02F2
:100F0000FE02FE02FE02FE02FE02FE02FE02FE02E1
:100F1000FE02FE02FE02FE02FE02FE02FE02FE02D1
:100F2000FE02FE02FE02FE02FE02FE02FE02FE02C1
:100F3000FE02FE02FE02FE02FE02FE02FE02FE02B1
:100F4000FE02FE02FE02FE02FE02FE02FE02FE02A1
:100F5000FE02FE02FE02FE02FE02FE02FE02FE0291
:100F6000FE02FE02FE02FE02FE02FE02FE02FE0281
:100F7000FE02FE02FE02FE02FE02FE02FE02FE0271
:100F8000FE02FE02FE02FE02FE02FE02FE02FE0261
:100F9000FE02FE02FE02FE02FE02FE02FE02FE0251
:100FA000FE02FE02FE02FE02FE02FE02FE02FE0241
:100FB000FE02FE02FE02FE02FE02FE02FE02FE0231
:100FC000FE02FE02FE02FE02FE02FE02FE02FE0221
:100FD000FE02FE02FE02FE02FE02FE02FE02FE0211
:100FE000FE02FE02FE02FE02FE02FE02FE02FE0201
:100FF000FE02FE02FE02FE02FE02FE02FE02FE02F1
:10100000FE02FE02FE02FE02FE02FE02FE02FE02E0
:10101000FE02FE02FE02FE02FE02FE02FE02FE02D0
:10102000FE02FE02FE02FE02FE02FE02FE02FE02C0
:10103000FE02FE02FE02FE02FE02FE02FE02FE02B0
:10104000FE02FE02FE02FE02FE02FE02FE02FE02A0
:10105000FE02FE02FE02FE02FE02FE02FE02FE0290
:10106000FE02FE02FE02FE02FE02FE02FE02FE0280
:10107000FE02FE02FE02FE02FE02FE02FE02FE0270
:10108000FE02FE02FE02FE02FE02FE02FE02FE0260
:10109000FE02FE02FE02FE02FE02FE02FE02FE0250
:1010A000FE02FE02FE02FE02FE02FE02FE02FE0240
:1010B000FE02FE02FE02FE02FE02FE02FE02FE0230
:1010C000FE02FE02FE02FE02FE02FE02FE02FE0220
:1010D000FE02FE02FE02FE02FE02FE02FE02FE0210
:1010E000FE02FE02FE02FE02FE02FE02FE02FE0200
:1010F000FE02FE02FE02FE02FE02FE02FE02FE02F0
:10110000FE02FE02FE02FE02FE02FE02FE02FE02DF
:10111000FE02FE02FE02FE02FE02FE02FE02FE02CF
:10112000FE02FE02FE02FE02FE02FE02FE02FE02BF
:10113000FE02FE02FE02FE02FE02FE02FE02FE02AF
:10114000FE02FE02FE02FE02FE02FE02FE02FE029F
:10115000FE02FE02FE02FE02FE02FE02FE02FE028F
:10116000FE02FE02FE02FE02FE02FE02FE02FE027F
:10117000FE02FE02FE02FE02FE02FE02FE02FE026F
:10118000FE02FE02FE02FE02FE02FE02FE02FE025F
:10119000FE02FE02FE02FE02FE02FE02FE02FE024F
:1011A000FE02FE02FE02FE02FE02FE02FE02FE023F
:1011B000FE02FE02FE02FE02FE02FE02FE02FE022F
:1011C000FE02FE02FE02FE02FE02FE02FE02FE021F
:1011D000FE02FE02FE02FE02FE02FE02FE02FE020F
:1011E000FE02FE02FE02FE02FE02FE02FE02FE02FF
:1011F000FE02FE02FE02FE02FE02FE02FE02FE02EF
:10120000FE02FE02FE02FE02FE02FE02FE02FE02DE
:10121000FE02FE02FE02FE02FE02FE02FE02FE02CE
:10122000FE02FE02FE02FE02FE02FE02FE02FE02BE
:10123000FE02FE02FE02FE02FE02FE02FE02FE02AE
:10124000FE02FE02FE02FE02FE02FE02FE02FE029E
:10125000FE02FE02FE02FE02FE02FE02FE02FE028E
:10126000FE02FE02FE02FE02FE02FE02FE02FE027E
:10127000FE02FE02FE02FE02FE02FE02FE02FE026E
:10128000FE02FE02FE02FE02FE02FE02FE02FE025E
:10129000FE02FE02FE02FE02FE02FE02FE02FE024E
:1012A000FE02FE02FE02FE02FE02FE02FE02FE023E
:1012B000FE02FE02FE02FE02FE02FE02FE02FE022E
:1012C000FE02FE02FE02FE02FE02FE02FE02FE021E
:1012D000FE02FE02FE02FE02FE02FE02FE02FE020E
:1012E000FE02FE02FE02FE02FE02FE02FE02FE02FE
:1012F000FE02FE02FE02FE02FE02FE02FE02FE02EE
:10130000FE02FE02FE02FE02FE02FE02FE02FE02DD
:10131000FE02FE02FE02FE02FE02FE02FE02FE02CD
:10132000FE02FE02FE02FE02FE02FE02FE02FE02BD
:10133000FE02FE02FE02FE02FE02FE02FE02FE02AD
:10134000FE02FE02FE02FE02FE02FE02FE02FE029D
:10135000FE02FE02FE02FE02FE02FE02FE02FE028D
:10136000FE02FE02FE02FE02FE02FE02FE02FE027D
:10137000FE02FE02FE02FE02FE02FE02FE02FE026D
:10138000FE02FE02FE02FE02FE02FE02FE02FE025D
:10139000FE02FE02FE02FE02FE02FE02FE02FE024D
:1013A000FE02FE02FE02FE02FE02FE02FE02FE023D
:1013B000FE02FE02FE02FE02FE02FE02FE02FE022D
:1013C000FE02FE02FE02FE02FE02FE02FE02FE021D
:1013D000FE02FE02FE02FE02FE02FE02FE02FE020D
:1013E000FE02FE02FE02FE02FE02FE02FE02FE02FD
:1013F000FE02FE02FE02FE02FE02FE02FE02FE02ED
:10140000FE02FE02FE02FE02FE02FE02FE02FE02DC
:10141000FE02FE02FE02FE02FE02FE02FE02FE02CC
:10142000FE02FE02FE02FE02FE02FE02FE02FE02BC
:10143000FE02FE02FE02FE02FE02FE02FE02FE02AC
:10144000FE02FE02FE02FE02FE02FE02FE02FE029C
:10145000FE02FE02FE02FE02FE02FE02FE02FE028C
:10146000FE02FE02FE02FE02FE02FE02FE02FE027C
:10147000FE02FE02FE02FE02FE02FE02FE02FE026C
:10148000FE02FE02FE02FE02FE02FE02FE02FE025C
:10149000FE02FE02FE02FE02FE02FE02FE02FE024C
:1014A000FE02FE02FE02FE02FE02FE02FE02FE023C
:1014B000FE02FE02FE02FE02FE02FE02FE02FE022C
:1014C000FE02FE02FE02FE02FE02FE02FE02FE021C
:1014D000FE02FE02FE02FE02FE02FE02FE02FE020C
:1014E000FE02FE02FE02FE02FE02FE02FE02FE02FC
:1014F000FE02FE02FE02FE02FE02FE02FE02FE02EC
:10150000FE02FE02FE02FE02FE02FE02FE02FE02DB
:10151000FE02FE02FE02FE02FE02FE02FE02FE02CB
:10152000FE02FE02FE02FE02FE02FE02FE02FE02BB
:10153000FE02FE02FE02FE02FE02FE02FE02FE02AB
:10154000FE02FE02FE02FE02FE02FE02FE02FE029B
:10155000FE02FE02FE02FE02FE02FE02FE02FE028B
:10156000FE02FE02FE02FE02FE02FE02FE02FE027B
:10157000FE02FE02FE02FE02FE02FE02FE02FE026B
:10158000FE02FE02FE02FE02FE02FE02FE02FE025B
:10159000FE02FE02FE02FE02FE02FE02FE02FE024B
:1015A000FE02FE02FE02FE02FE02FE02FE02FE023B
:1015B000FE02FE02FE02FE02FE02FE02FE02FE022B
:1015C000FE02FE02FE02FE02FE02FE02FE02FE021B
:1015D000FE02FE02FE02FE02FE02FE02FE02FE020B
:1015E000FE02FE02FE02FE02FE02FE02FE02FE02FB
:1015F000FE02FE02FE02FE02FE02FE02FE02FE02EB
:10160000FE02FE02FE02FE02FE02FE02FE02FE02DA
:10161000FE02FE02FE02FE02FE02FE02FE02FE02CA
:10162000FE02FE02FE02FE02FE02FE02FE02FE02BA
:10163000FE02FE02FE02FE02FE02FE02FE02FE02AA
:10164000FE02FE02FE02FE02FE02FE02FE02FE029A
:10165000FE02FE02FE02FE02FE02FE02FE02FE028A
:10166000FE02FE02FE02FE02FE02FE02FE02FE027A
:10167000FE02FE02FE02FE02FE02FE02FE02FE026A
:10168000FE02FE02FE02FE02FE02FE02FE02FE025A
:10169000FE02FE02FE02FE02FE02FE02FE02FE024A
:1016A000FE02FE02FE02FE02FE02FE02FE02FE023A
:1016B000FE02FE02FE02FE02FE02FE02FE02FE022A
:1016C000FE02FE02FE02FE02FE02FE02FE02FE021A
:1016D000FE02FE02FE02FE02FE02FE02FE02FE020A
:1016E000FE02FE02FE02FE02FE02FE02FE02FE02FA
:1016F000FE02FE02FE02FE02FE02FE02FE02FE02EA
:10170000FE02FE02FE02FE02FE02FE02FE02FE02D9
:10171000FE02FE02FE02FE02FE02FE02FE02FE02C9
:10172000FE02FE02FE02FE02FE02FE02FE02FE02B9
:10173000FE02FE02FE02FE02FE02FE02FE02FE02A9
:10174000FE02FE02FE02FE02FE02FE02FE02FE0299
:10175000FE02FE02FE02FE02FE02FE02FE02FE0289
:10176000FE02FE02FE02FE02FE02FE02FE02FE0279
:10177000FE02FE02FE02FE02FE02FE02FE02FE0269
:10178000FE02FE02FE02FE02FE02FE02FE02FE0259
:10179000FE02FE02FE02FE02FE02FE02FE02FE0249
:1017A000FE02FE02FE02FE02FE02FE02FE02FE0239
:1017B000FE02FE02FE02FE02FE02FE02FE02FE0229
:1017C000FE02FE02FE02FE02FE02FE02FE02FE0219
:1017D000FE02FE02FE02FE02FE02FE02FE02FE0209
:1017E000FE02FE02FE02FE02FE02FE02FE02FE02F9
:1017F000FE02FE02FE02FE02FE02FE02FE02FE02E9
:10180000FE02FE02FE02FE02FE02FE02FE02FE02D8
:10181000FE02FE02FE02FE02FE02FE02FE02FE02C8
:10182000FE02FE02FE02FE02FE02FE02FE02FE02B8
:10183000FE02FE02FE02FE02FE02FE02FE02FE02A8
:10184000FE02FE02FE02FE02FE02FE02FE02FE0298
:10185000FE02FE02FE02FE02FE02FE02FE02FE0288
:10186000FE02FE02FE02FE02FE02FE02FE02FE0278
:10187000FE02FE02FE02FE02FE02FE02FE02FE0268
:10188000FE02FE02FE02FE02FE02FE02FE02FE0258
:10189000FE02FE02FE02FE02FE02FE02FE02FE0248
:1018A000FE02FE02FE02FE02FE02FE02FE02FE0238
:1018B000FE02FE02FE02FE02FE02FE02FE02FE0228
:1018C000FE02FE02FE02FE02FE02FE02FE02FE0218
:1018D000FE02FE02FE02FE02FE02FE02FE02FE0208
:1018E000FE02FE02FE02FE02FE02FE02FE02FE02F8
:1018F000FE02FE02FE02FE02FE02FE02FE02FE02E8
:10190000FE02FE02FE02FE02FE02FE02FE02FE02D7
:10191000FE02FE02FE02FE02FE02FE02FE02FE02C7
:10192000FE02FE02FE02FE02FE02FE02FE02FE02B7
:10193000FE02FE02FE02FE02FE02FE02FE02FE02A7
:10194000FE02FE02FE02FE02FE02FE02FE02FE0297
:10195000FE02FE02FE02FE02FE02FE02FE02FE0287
:10196000FE02FE02FE02FE02FE02FE02FE02FE0277
:10197000FE02FE02FE02FE02FE02FE02FE02FE0267
:10198000FE02FE02FE02FE02FE02FE02FE02FE0257
:10199000FE02FE02FE02FE02FE02FE02FE02FE0247
:1019A000FE02FE02FE02FE02FE02FE02FE02FE0237
:1019B000FE02FE02FE02FE02FE02FE02FE02FE0227
:1019C000FE02FE02FE02FE02FE02FE02FE02FE0217
:1019D000FE02FE02FE02FE02FE02FE02FE02FE0207
:1019E000FE02FE02FE02FE02FE02FE02FE02FE02F7
:1019F000FE02FE02FE02FE02FE02FE02FE02FE02E7
:101A0000FE02FE02FE02FE02FE02FE02FE02FE02D6
:101A1000FE02FE02FE02FE02FE02FE02FE02FE02C6
:101A2000FE02FE02FE02FE02FE02FE02FE02FE02B6
:101A3000FE02FE02FE02FE02FE02FE02FE02FE02A6
:101A4000FE02FE02FE02FE02FE02FE02FE02FE0296
:101A5000FE02FE02FE02FE02FE02FE02FE02FE0286
:101A6000FE02FE02FE02FE02FE02FE02FE02FE0276
:101A7000FE02FE02FE02FE02FE02FE02FE02FE0266
:101A8000FE02FE02FE02FE02FE02FE02FE02FE0256
:101A9000FE02FE02FE02FE02FE02FE02FE02FE0246
:101AA000FE02FE02FE02FE02FE02FE02FE02FE0236
:101AB000FE02FE02FE02FE02FE02FE02FE02FE0226
:101AC000FE02FE02FE02FE02FE02FE02FE02FE0216
:101AD000FE02FE02FE02FE02FE02FE02FE02FE0206
:101AE000FE02FE02FE02FE02FE02FE02FE02FE02F6
:101AF000FE02FE02FE02FE02FE02FE02FE02FE02E6
:101B0000FE02FE02FE02FE02FE02FE02FE02FE02D5
:101B1000FE02FE02FE02FE02FE02FE02FE02FE02C5
:101B2000FE02FE02FE02FE02FE02FE02FE02FE02B5
:101B3000FE02FE02FE02FE02FE02FE02FE02FE02A5
:101B4000FE02FE02FE02FE02FE02FE02FE02FE0295
:101B5000FE02FE02FE02FE02FE02FE02FE02FE0285
:101B6000FE02FE02FE02FE02FE02FE02FE02FE0275
:101B7000FE02FE02FE02FE02FE02FE02FE02FE0265
:101B8000FE02FE02FE02FE02FE02FE02FE02FE0255
:101B9000FE02FE02FE02FE02FE02FE02FE02FE0245
:101BA000FE02FE02FE02FE02FE02FE02FE02FE0235
:101BB000FE02FE02FE02FE02FE02FE02FE02FE0225
:101BC000FE02FE02FE02FE02FE02FE02FE02FE0215
:101BD000FE02FE02FE02FE02FE02FE02FE02FE0205
:101BE000FE02FE02FE02FE02FE02FE02FE02FE02F5
:101BF000FE02FE02FE02FE02FE02FE02FE02FE02E5
:101C0000FE02FE02FE02FE02FE02FE02FE02FE02D4
:101C1000FE02FE02FE02FE02FE02FE02FE02FE02C4
:101C2000FE02FE02FE02FE02FE02FE02FE02FE02B4
:101C3000FE02FE02FE02FE02FE02FE02FE02FE02A4
:101C4000FE02FE02FE02FE02FE02FE02FE02FE0294
:101C5000FE02FE02FE02FE02FE02FE02FE02FE0284
:101C6000FE02FE02FE02FE02FE02FE02FE02FE0274
:101C7000FE02FE02FE02FE02FE02FE02FE02FE0264
:101C8000FE02FE02FE02FE02FE02FE02FE02FE0254
:101C9000FE02FE02FE02FE02FE02FE02FE02FE0244
:101CA000FE02FE02FE02FE02FE02FE02FE02FE0234
:101CB000FE02FE02FE02FE02FE02FE02FE02FE0224
:101CC000FE02FE02FE02FE02FE02FE02FE02FE0214
:101CD000FE02FE02FE02FE02FE02FE02FE02FE0204
:101CE000FE02FE02FE02FE02FE02FE02FE02FE02F4
:101CF000FE02FE02FE02FE02FE02FE02FE02FE02E4
:101D0000FE02FE02FE02FE02FE02FE02FE02FE02D3
:101D1000FE02FE02FE02FE02FE02FE02FE02FE02C3
:101D2000FE02FE02FE02FE02FE02FE02FE02FE02B3
:101D3000FE02FE02FE02FE02FE02FE02FE02FE02A3
:101D4000FE02FE02FE02FE02FE02FE02FE02FE0293
:101D5000FE02FE02FE02FE02FE02FE02FE02FE0283
:101D6000FE02FE02FE02FE02FE02FE02FE02FE0273
:101D7000FE02FE02FE02FE02FE02FE02FE02FE0263
:101D8000FE02FE02FE02FE02FE02FE02FE02FE0253
:101D9000FE02FE02FE02FE02FE02FE02FE02FE0243
:101DA000FE02FE02FE02FE02FE02FE02FE02FE0233
:101DB000FE02FE02FE02FE02FE02FE02FE02FE0223
:101DC000FE02FE02FE02FE02FE02FE02FE02FE0213
:101DD000FE02FE02FE02FE02FE02FE02FE02FE0203
:101DE000FE02FE02FE02FE02FE02FE02FE02FE02F3
:101DF000FE02FE02FE02FE02FE02FE02FE02FE02E3
:101E0000FE02FE02FE02FE02FE02FE02FE02FE02D2
:101E1000FE02FE02FE02FE02FE02FE02FE02FE02C2
:101E2000FE02FE02FE02FE02FE02FE02FE02FE02B2
:101E3000FE02FE02FE02FE02FE02FE02FE02FE02A2
:101E4000FE02FE02FE02FE02FE02FE02FE02FE0292
:101E5000FE02FE02FE02FE02FE02FE02FE02FE0282
:101E6000FE02FE02FE02FE02FE02FE02FE02FE0272
:101E7000FE02FE02FE02FE02FE02FE02FE02FE0262
:101E8000FE02FE02FE02FE02FE02FE02FE02FE0252
:101E9000FE02FE02FE02FE02FE02FE02FE02FE0242
:101EA000FE02FE02FE02FE02FE02FE02FE02FE0232
:101EB000FE02FE02FE02FE02FE02FE02FE02FE0222
:101EC000FE02FE02FE02FE02FE02FE02FE02FE0212
:101ED000FE02FE02FE02FE02FE02FE02FE02FE0202
:101EE000FE02FE02FE02FE02FE02FE02FE02FE02F2
:101EF000FE02FE02FE02FE02FE02FE02FE02FE02E2
:101F0000FE02FE02FE02FE02FE02FE02FE02FE02D1
:101F1000FE02FE02FE02FE02FE02FE02FE02FE02C1
:101F2000FE02FE02FE02FE02FE02FE02FE02FE02B1
:101F3000FE02FE02FE02FE02FE02FE02FE02FE02A1
:101F4000FE02FE02FE02FE02FE02FE02FE02FE0291
:101F5000FE02FE02FE02FE02FE02FE02FE02FE0281
:101F6000FE02FE02FE02FE02FE02FE02FE02FE0271
:101F7000FE02FE02FE02FE02FE02FE02FE02FE0261
:101F8000FE02FE02FE02FE02FE02FE02FE02FE0251
:101F9000FE02FE02FE02FE02FE02FE02FE02FE0241
:101FA000FE02FE02FE02FE02FE02FE02FE02FE0231
:101FB000FE02FE02FE02FE02FE02FE02FE02FE0221
:101FC000FE02FE02FE02FE02FE02FE02FE02FE0211
:101FD000FE02FE02FE02FE02FE02FE02FE02FE0201
:101FE000FE02FE02FE02FE02FE02FE02FE02FE02F1
:101FF000FE02FE02FE02FE02FE02FE02FE02FE02E1
:10200000FE02FE02FE02FE02FE02FE02FE02FE02D0
:10201000FE02FE02FE02FE02FE02FE02FE02FE02C0
:10202000FE02FE02FE02FE02FE02FE02FE02FE02B0
:10203000FE02FE02FE02FE02FE02FE02FE02FE02A0
:10204000FE02FE02FE02FE02FE02FE02FE02FE0290
:10205000FE02FE02FE02FE02FE02FE02FE02FE0280
:10206000FE02FE02FE02FE02FE02FE02FE02FE0270
:10207000FE02FE02FE02FE02FE02FE02FE02FE0260
:10208000FE02FE02FE02FE02FE02FE02FE02FE0250
:10209000FE02FE02FE02FE02FE02FE02FE02FE0240
:1020A000FE02FE02FE02FE02FE02FE02FE02FE0230
:1020B000FE02FE02FE02FE02FE02FE02FE02FE0220
:1020C000FE02FE02FE02FE02FE02FE02FE02FE0210
:1020D000FE02FE02FE02FE02FE02FE02FE02FE0200
:1020E000FE02FE02FE02FE02FE02FE02FE02FE02F0
:1020F000FE02FE02FE02FE02FE02FE02FE02FE02E0
:10210000FE02FE02FE02FE02FE02FE02FE02FE02CF
:10211000FE02FE02FE02FE02FE02FE02FE02FE02BF
:10212000FE02FE02FE02FE02FE02FE02FE02FE02AF
:10213000FE02FE02FE02FE02FE02FE02FE02FE029F
:10214000FE02FE02FE02FE02FE02FE02FE02FE028F
:10215000FE02FE02FE02FE02FE02FE02FE02FE027F
:10216000FE02FE02FE02FE02FE02FE02FE02FE026F
:10217000FE02FE02FE02FE02FE02FE02FE02FE025F
:10218000FE02FE02FE02FE02FE02FE02FE02FE024F
:10219000FE02FE02FE02FE02FE02FE02FE02FE023F
:1021A000FE02FE02FE02FE02FE02FE02FE02FE022F
:1021B000FE02FE02FE02FE02FE02FE02FE02FE021F
:1021C000FE02FE02FE02FE02FE02FE02FE02FE020F
:1021D000FE02FE02FE02FE02FE02FE02FE02FE02FF
:1021E000FE02FE02FE02FE02FE02FE02FE02FE02EF
:1021F000FE02FE02FE02FE02FE02FE02FE02FE02DF
:10220000FE02FE02FE02FE02FE02FE02FE02FE02CE
:10221000FE02FE02FE02FE02FE02FE02FE02FE02BE
:10222000FE02FE02FE02FE02FE02FE02FE02FE02AE
:10223000FE02FE02FE02FE02FE02FE02FE02FE029E
:10224000FE02FE02FE02FE02FE02FE02FE02FE028E
:10225000FE02FE02FE02FE02FE02FE02FE02FE027E
:10226000FE02FE02FE02FE02FE02FE02FE02FE026E
:10227000FE02FE02FE02FE02FE02FE02FE02FE025E
:10228000FE02FE02FE02FE02FE02FE02FE02FE024E
:10229000FE02FE02FE02FE02FE02FE02FE02FE023E
:1022A000FE02FE02FE02FE02FE02FE02FE02FE022E
:1022B000FE02FE02FE02FE02FE02FE02FE02FE021E
:1022C000FE02FE02FE02FE02FE02FE02FE02FE020E
:1022D000FE02FE02FE02FE02FE02FE02FE02FE02FE
:1022E000FE02FE02FE02FE02FE02FE02FE02FE02EE
:1022F000FE02FE02FE02FE02FE02FE02FE02FE02DE
:10230000FE02FE02FE02FE02FE02FE02FE02FE02CD
:10231000FE02FE02FE02FE02FE02FE02FE02FE02BD
:10232000FE02FE02FE02FE02FE02FE02FE02FE02AD
:10233000FE02FE02FE02FE02FE02FE02FE02FE029D
:10234000FE02FE02FE02FE02FE02FE02FE02FE028D
:10235000FE02FE02FE02FE02FE02FE02FE02FE027D
:10236000FE02FE02FE02FE02FE02FE02FE02FE026D
:10237000FE02FE02FE02FE02FE02FE02FE02FE025D
:10238000FE02FE02FE02FE02FE02FE02FE02FE024D
:10239000FE02FE02FE02FE02FE02FE02FE02FE023D
:1023A000FE02FE02FE02FE02FE02FE02FE02FE022D
:1023B000FE02FE02FE02FE02FE02FE02FE02FE021D
:1023C000FE02FE02FE02FE02FE02FE02FE02FE020D
:1023D000FE02FE02FE02FE02FE02FE02FE02FE02FD
:1023E000FE02FE02FE02FE02FE02FE02FE02FE02ED
:1023F000FE02FE02FE02FE02FE02FE02FE02FE02DD
:10240000FE02FE02FE02FE02FE02FE02FE02FE02CC
:10241000FE02FE02FE02FE02FE02FE02FE02FE02BC
:10242000FE02FE02FE02FE02FE02FE02FE02FE02AC
:10243000FE02FE02FE02FE02FE02FE02FE02FE029C
:10244000FE02FE02FE02FE02FE02FE02FE02FE028C
:10245000FE02FE02FE02FE02FE02FE02FE02FE027C
:10246000FE02FE02FE02FE02FE02FE02FE02FE026C
:10247000FE02FE02FE02FE02FE02FE02FE02FE025C
:10248000FE02FE02FE02FE02FE02FE02FE02FE024C
:10249000FE02FE02FE02FE02FE02FE02FE02FE023C
:1024A000FE02FE02FE02FE02FE02FE02FE02FE022C
:1024B000FE02FE02FE02FE02FE02FE02FE02FE021C
:1024C000FE02FE02FE02FE02FE02FE02FE02FE020C
:1024D000FE02FE02FE02FE02FE02FE02FE02FE02FC
:1024E000FE02FE02FE02FE02FE02FE02FE02FE02EC
:1024F000FE02FE02FE02FE02FE02FE02FE02FE02DC
:10250000FE02FE02FE02FE02FE02FE02FE02FE02CB
:10251000FE02FE02FE02FE02FE02FE02FE02FE02BB
:10252000FE02FE02FE02FE02FE02FE02FE02FE02AB
:10253000FE02FE02FE02FE02FE02FE02FE02FE029B
:10254000FE02FE02FE02FE02FE02FE02FE02FE028B
:10255000FE02FE02FE02FE02FE02FE02FE02FE027B
:10256000FE02FE02FE02FE02FE02FE02FE02FE026B
:10257000FE02FE02FE02FE02FE02FE02FE02FE025B
:10258000FE02FE02FE02FE02FE02FE02FE02FE024B
:10259000FE02FE02FE02FE02FE02FE02FE02FE023B
:1025A000FE02FE02FE02FE02FE02FE02FE02FE022B
:1025B000FE02FE02FE02FE02FE02FE02FE02FE021B
:1025C000FE02FE02FE02FE02FE02FE02FE02FE020B
:1025D000FE02FE02FE02FE02FE02FE02FE02FE02FB
:1025E000FE02FE02FE02FE02FE02FE02FE02FE02EB
:1025F000FE02FE02FE02FE02FE02FE02FE02FE02DB
:10260000FE02FE02FE02FE02FE02FE02FE02FE02CA
:10261000FE02FE02FE02FE02FE02FE02FE02FE02BA
:10262000FE02FE02FE02FE02FE02FE02FE02FE02AA
:10263000FE02FE02FE02FE02FE02FE02FE02FE029A
:10264000FE02FE02FE02FE02FE02FE02FE02FE028A
:10265000FE02FE02FE02FE02FE02FE02FE02FE027A
:10266000FE02FE02FE02FE02FE02FE02FE02FE026A
:10267000FE02FE02FE02FE02FE02FE02FE02FE025A
:10268000FE02FE02FE02FE02FE02FE02FE02FE024A
:10269000FE02FE02FE02FE02FE02FE02FE02FE023A
:1026A000FE02FE02FE02FE02FE02FE02FE02FE022A
:1026B000FE02FE02FE02FE02FE02FE02FE02FE021A
:1026C000FE02FE02FE02FE02FE02FE02FE02FE020A
:1026D000FE02FE02FE02FE02FE02FE02FE02FE02FA
:1026E000FE02FE02FE02FE02FE02FE02FE02FE02EA
:1026F000FE02FE02FE02FE02FE02FE02FE02FE02DA
:10270000FE02FE02FE02FE02FE02FE02FE02FE02C9
:10271000FE02FE02FE02FE02FE02FE02FE02FE02B9
:10272000FE02FE02FE02FE02FE02FE02FE02FE02A9
:10273000FE02FE02FE02FE02FE02FE02FE02FE0299
:10274000FE02FE02FE02FE02FE02FE02FE02FE0289
:10275000FE02FE02FE02FE02FE02FE02FE02FE0279
:10276000FE02FE02FE02FE02FE02FE02FE02FE0269
:10277000FE02FE02FE02FE02FE02FE02FE02FE0259
:10278000FE02FE02FE02FE02FE02FE02FE02FE0249
:10279000FE02FE02FE02FE02FE02FE02FE02FE0239
:1027A000FE02FE02FE02FE02FE02FE02FE02FE0229
:1027B000FE02FE02FE02FE02FE02FE02FE02FE0219
:1027C000FE02FE02FE02FE02FE02FE02FE02FE0209
:1027D000FE02FE02FE02FE02FE02FE02FE02FE02F9
:1027E000FE02FE02FE02FE02FE02FE02FE02FE02E9
:1027F000FE02FE02FE02FE02FE02FE02FE02FE02D9
:10280000FE02FE02FE02FE02FE02FE02FE02FE02C8
:10281000FE02FE02FE02FE02FE02FE02FE02FE02B8
:10282000FE02FE02FE02FE02FE02FE02FE02FE02A8
:10283000FE02FE02FE02FE02FE02FE02FE02FE0298
:10284000FE02FE02FE02FE02FE02FE02FE02FE0288
:10285000FE02FE02FE02FE02FE02FE02FE02FE0278
:10286000FE02FE02FE02FE02FE02FE02FE02FE0268
:10287000FE02FE02FE02FE02FE02FE02FE02FE0258
:10288000FE02FE02FE02FE02FE02FE02FE02FE0248
:10289000FE02FE02FE02FE02FE02FE02FE02FE0238
:1028A000FE02FE02FE02FE02FE02FE02FE02FE0228
:1028B000FE02FE02FE02FE02FE02FE02FE02FE0218
:1028C000FE02FE02FE02FE02FE02FE02FE02FE0208
:1028D000FE02FE02FE02FE02FE02FE02FE02FE02F8
:1028E000FE02FE02FE02FE02FE02FE02FE02FE02E8
:1028F000FE02FE02FE02FE02FE02FE02FE02FE02D8
:10290000FE02FE02FE02FE02FE02FE02FE02FE02C7
:10291000FE02FE02FE02FE02FE02FE02FE02FE02B7
:10292000FE02FE02FE02FE02FE02FE02FE02FE02A7
:10293000FE02FE02FE02FE02FE02FE02FE02FE0297
:10294000FE02FE02FE02FE02FE02FE02FE02FE0287
:10295000FE02FE02FE02FE02FE02FE02FE02FE0277
:10296000FE02FE02FE02FE02FE02FE02FE02FE0267
:10297000FE02FE02FE02FE02FE02FE02FE02FE0257
:10298000FE02FE02FE02FE02FE02FE02FE02FE0247
:10299000FE02FE02FE02FE02FE02FE02FE02FE0237
:1029A000FE02FE02FE02FE02FE02FE02FE02FE0227
:1029B000FE02FE02FE02FE02FE02FE02FE02FE0217
:1029C000FE02FE02FE02FE02FE02FE02FE02FE0207
:1029D000FE02FE02FE02FE02FE02FE02FE02FE02F7
:1029E000FE02FE02FE02FE02FE02FE02FE02FE02E7
:1029F000FE02FE02FE02FE02FE02FE02FE02FE02D7
:102A0000FE02FE02FE02FE02FE02FE02FE02FE02C6
:102A1000FE02FE02FE02FE02FE02FE02FE02FE02B6
:102A2000FE02FE02FE02FE02FE02FE02FE02FE02A6
:102A3000FE02FE02FE02FE02FE02FE02FE02FE0296
:102A4000FE02FE02FE02FE02FE02FE02FE02FE0286
:102A5000FE02FE02FE02FE02FE02FE02FE02FE0276
:102A6000FE02FE02FE02FE02FE02FE02FE02FE0266
:102A7000FE02FE02FE02FE02FE02FE02FE02FE0256
:102A8000FE02FE02FE02FE02FE02FE02FE02FE0246
:102A9000FE02FE02FE02FE02FE02FE02FE02FE0236
:102AA000FE02FE02FE02FE02FE02FE02FE02FE0226
:102AB000FE02FE02FE02FE02FE02FE02FE02FE0216
:102AC000FE02FE02FE02FE02FE02FE02FE02FE0206
:102AD000FE02FE02FE02FE02FE02FE02FE02FE02F6
:102AE000FE02FE02FE02FE02FE02FE02FE02FE02E6
:102AF000FE02FE02FE02FE02FE02FE02FE02FE02D6
:102B0000FE02FE02FE02FE02FE02FE02FE02FE02C5
:102B1000FE02FE02FE02FE02FE02FE02FE02FE02B5
:102B2000FE02FE02FE02FE02FE02FE02FE02FE02A5
:102B3000FE02FE02FE02FE02FE02FE02FE02FE0295
:102B4000FE02FE02FE02FE02FE02FE02FE02FE0285
:102B5000FE02FE02FE02FE02FE02FE02FE02FE0275
:102B6000FE02FE02FE02FE02FE02FE02FE02FE0265
:102B7000FE02FE02FE02FE02FE02FE02FE02FE0255
:102B8000FE02FE02FE02FE02FE02FE02FE02FE0245
:102B9000FE02FE02FE02FE02FE02FE02FE02FE0235
:102BA000FE02FE02FE02FE02FE02FE02FE02FE0225
:102BB000FE02FE02FE02FE02FE02FE02FE02FE0215
:102BC000FE02FE02FE02FE02FE02FE02FE02FE0205
:102BD000FE02FE02FE02FE02FE02FE02FE02FE02F5
:102BE000FE02FE02FE02FE02FE02FE02FE02FE02E5
:102BF000FE02FE02FE02FE02FE02FE02FE02FE02D5
:102C0000FE02FE02FE02FE02FE02FE02FE02FE02C4
:102C1000FE02FE02FE02FE02FE02FE02FE02FE02B4
:102C2000FE02FE02FE02FE02FE02FE02FE02FE02A4
:102C3000FE02FE02FE02FE02FE02FE02FE02FE0294
:102C4000FE02FE02FE02FE02FE02FE02FE02FE0284
:102C5000FE02FE02FE02FE02FE02FE02FE02FE0274
:102C6000FE02FE02FE02FE02FE02FE02FE02FE0264
:102C7000FE02FE02FE02FE02FE02FE02FE02FE0254
:102C8000FE02FE02FE02FE02FE02FE02FE02FE0244
:102C9000FE02FE02FE02FE02FE02FE02FE02FE0234
:102CA000FE02FE02FE02FE02FE02FE02FE02FE0224
:102CB000FE02FE02FE02FE02FE02FE02FE02FE0214
:102CC000FE02FE02FE02FE02FE02FE02FE02FE0204
:102CD000FE02FE02FE02FE02FE02FE02FE02FE02F4
:102CE000FE02FE02FE02FE02FE02FE02FE02FE02E4
:102CF000FE02FE02FE02FE02FE02FE02FE02FE02D4
:102D0000FE02FE02FE02FE02FE02FE02FE02FE02C3
:102D1000FE02FE02FE02FE02FE02FE02FE02FE02B3
:102D2000FE02FE02FE02FE02FE02FE02FE02FE02A3
:102D3000FE02FE02FE02FE02FE02FE02FE02FE0293
:102D4000FE02FE02FE02FE02FE02FE02FE02FE0283
:102D5000FE02FE02FE02FE02FE02FE02FE02FE0273
:102D6000FE02FE02FE02FE02FE02FE02FE02FE0263
:102D7000FE02FE02FE02FE02FE02FE02FE02FE0253
:102D8000FE02FE02FE02FE02FE02FE02FE02FE0243
:102D9000FE02FE02FE02FE02FE02FE02FE02FE0233
:102DA000FE02FE02FE02FE02FE02FE02FE02FE0223
:102DB000FE02FE02FE02FE02FE02FE02FE02FE0213
:102DC000FE02FE02FE02FE02FE02FE02FE02FE0203
:102DD000FE02FE02FE02FE02FE02FE02FE02FE02F3
:102DE000FE02FE02FE02FE02FE02FE02FE02FE02E3
:102DF000FE02FE02FE02FE02FE02FE02FE02FE02D3
:102E0000FE02FE02FE02FE02FE02FE02FE02FE02C2
:102E1000FE02FE02FE02FE02FE02FE02FE02FE02B2
:102E2000FE02FE02FE02FE02FE02FE02FE02FE02A2
:102E3000FE02FE02FE02FE02FE02FE02FE02FE0292
:102E4000FE02FE02FE02FE02FE02FE02FE02FE0282
:102E5000FE02FE02FE02FE02FE02FE02FE02FE0272
:102E6000FE02FE02FE02FE02FE02FE02FE02FE0262
:102E7000FE02FE02FE02FE02FE02FE02FE02FE0252
:102E8000FE02FE02FE02FE02FE02FE02FE02FE0242
:102E9000FE02FE02FE02FE02FE02FE02FE02FE0232
:102EA000FE02FE02FE02FE02FE02FE02FE02FE0222
:102EB000FE02FE02FE02FE02FE02FE02FE02FE0212
:102EC000FE02FE02FE02FE02FE02FE02FE02FE0202
:102ED000FE02FE02FE02FE02FE02FE02FE02FE02F2
:102EE000FE02FE02FE02FE02FE02FE02FE02FE02E2
:102EF000FE02FE02FE02FE02FE02FE02FE02FE02D2
:102F0000FE02FE02FE02FE02FE02FE02FE02FE02C1
:102F1000FE02FE02FE02FE02FE02FE02FE02FE02B1
:102F2000FE02FE02FE02FE02FE02FE02FE02FE02A1
:102F3000FE02FE02FE02FE02FE02FE02FE02FE0291
:102F4000FE02FE02FE02FE02FE02FE02FE02FE0281
:102F5000FE02FE02FE02FE02FE02FE02FE02FE0271
:102F6000FE02FE02FE02FE02FE02FE02FE02FE0261
:102F7000FE02FE02FE02FE02FE02FE02FE02FE0251
:102F8000FE02FE02FE02FE02FE02FE02FE02FE0241
:102F9000FE02FE02FE02FE02FE02FE02FE02FE0231
:102FA000FE02FE02FE02FE02FE02FE02FE02FE0221
:102FB000FE02FE02FE02FE02FE02FE02FE02FE0211
:102FC000FE02FE02FE02FE02FE02FE02FE02FE0201
:102FD000FE02FE02FE02FE02FE02FE02FE02FE02F1
:102FE000FE02FE02FE02FE02FE02FE02FE02FE02E1
:102FF000FE02FE02FE02FE02FE02FE02FE02FE02D1
:10300000FE02FE02FE02FE02FE02FE02FE02FE02C0
:10301000FE02FE02FE02FE02FE02FE02FE02FE02B0
:10302000FE02FE02FE02FE02FE02FE02FE02FE02A0
:10303000FE02FE02FE02FE02FE02FE02FE02FE0290
:10304000FE02FE02FE02FE02FE02FE02FE02FE0280
:10305000FE02FE02FE02FE02FE02FE02FE02FE0270
:10306000FE02FE02FE02FE02FE02FE02FE02FE0260
:10307000FE02FE02FE02FE02FE02FE02FE02FE0250
:10308000FE02FE02FE02FE02FE02FE02FE02FE0240
:10309000FE02FE02FE02FE02FE02FE02FE02FE0230
:1030A000FE02FE02FE02FE02FE02FE02FE02FE0220
:1030B000FE02FE02FE02FE02FE02FE02FE02FE0210
:1030C000FE02FE02FE02FE02FE02FE02FE02FE0200
:1030D000FE02FE02FE02FE02FE02FE02FE02FE02F0
:1030E000FE02FE02FE02FE02FE02FE02FE02FE02E0
:1030F000FE02FE02FE02FE02FE02FE02FE02FE02D0
:10310000FE02FE02FE02FE02FE02FE02FE02FE02BF
:10311000FE02FE02FE02FE02FE02FE02FE02FE02AF
:10312000FE02FE02FE02FE02FE02FE02FE02FE029F
:10313000FE02FE02FE02FE02FE02FE02FE02FE028F
:10314000FE02FE02FE02FE02FE02FE02FE02FE027F
:10315000FE02FE02FE02FE02FE02FE02FE02FE026F
:10316000FE02FE02FE02FE02FE02FE02FE02FE025F
:10317000FE02FE02FE02FE02FE02FE02FE02FE024F
:10318000FE02FE02FE02FE02FE02FE02FE02FE023F
:10319000FE02FE02FE02FE02FE02FE02FE02FE022F
:1031A000FE02FE02FE02FE02FE02FE02FE02FE021F
:1031B000FE02FE02FE02FE02FE02FE02FE02FE020F
:1031C000FE02FE02FE02FE02FE02FE02FE02FE02FF
:1031D000FE02FE02FE02FE02FE02FE02FE02FE02EF
:1031E000FE02FE02FE02FE02FE02FE02FE02FE02DF
:1031F000FE02FE02FE02FE02FE02FE02FE02FE02CF
:10320000FE02FE02FE02FE02FE02FE02FE02FE02BE
:10321000FE02FE02FE02FE02FE02FE02FE02FE02AE
:10322000FE02FE02FE02FE02FE02FE02FE02FE029E
:10323000FE02FE02FE02FE02FE02FE02FE02FE028E
:10324000FE02FE02FE02FE02FE02FE02FE02FE027E
:10325000FE02FE02FE02FE02FE02FE02FE02FE026E
:10326000FE02FE02FE02FE02FE02FE02FE02FE025E
:10327000FE02FE02FE02FE02FE02FE02FE02FE024E
:10328000FE02FE02FE02FE02FE02FE02FE02FE023E
:10329000FE02FE02FE02FE02FE02FE02FE02FE022E
:1032A000FE02FE02FE02FE02FE02FE02FE02FE021E
:1032B000FE02FE02FE02FE02FE02FE02FE02FE020E
:1032C000FE02FE02FE02FE02FE02FE02FE02FE02FE
:1032D000FE02FE02FE02FE02FE02FE02FE02FE02EE
:1032E000FE02FE02FE02FE02FE02FE02FE02FE02DE
:1032F000FE02FE02FE02FE02FE02FE02FE02FE02CE
:10330000FE02FE02FE02FE02FE02FE02FE02FE02BD
:10331000FE02FE02FE02FE02FE02FE02FE02FE02AD
:10332000FE02FE02FE02FE02FE02FE02FE02FE029D
:10333000FE02FE02FE02FE02FE02FE02FE02FE028D
:10334000FE02FE02FE02FE02FE02FE02FE02FE027D
:10335000FE02FE02FE02FE02FE02FE02FE02FE026D
:10336000FE02FE02FE02FE02FE02FE02FE02FE025D
:10337000FE02FE02FE02FE02FE02FE02FE02FE024D
:10338000FE02FE02FE02FE02FE02FE02FE02FE023D
:10339000FE02FE02FE02FE02FE02FE02FE02FE022D
:1033A000FE02FE02FE02FE02FE02FE02FE02FE021D
:1033B000FE02FE02FE02FE02FE02FE02FE02FE020D
:1033C000FE02FE02FE02FE02FE02FE02FE02FE02FD
:1033D000FE02FE02FE02FE02FE02FE02FE02FE02ED
:1033E000FE02FE02FE02FE02FE02FE02FE02FE02DD
:1033F000FE02FE02FE02FE02FE02FE02FE02FE02CD
:10340000FE02FE02FE02FE02FE02FE02FE02FE02BC
:10341000FE02FE02FE02FE02FE02FE02FE02FE02AC
:10342000FE02FE02FE02FE02FE02FE02FE02FE029C
:10343000FE02FE02FE02FE02FE02FE02FE02FE028C
:10344000FE02FE02FE02FE02FE02FE02FE02FE027C
:10345000FE02FE02FE02FE02FE02FE02FE02FE026C
:10346000FE02FE02FE02FE02FE02FE02FE02FE025C
:10347000FE02FE02FE02FE02FE02FE02FE02FE024C
:10348000FE02FE02FE02FE02FE02FE02FE02FE023C
:10349000FE02FE02FE02FE02FE02FE02FE02FE022C
:1034A000FE02FE02FE02FE02FE02FE02FE02FE021C
:1034B000FE02FE02FE02FE02FE02FE02FE02FE020C
:1034C000FE02FE02FE02FE02FE02FE02FE02FE02FC
:1034D000FE02FE02FE02FE02FE02FE02FE02FE02EC
:1034E000FE02FE02FE02FE02FE02FE02FE02FE02DC
:1034F000FE02FE02FE02FE02FE02FE02FE02FE02CC
:10350000FE02FE02FE02FE02FE02FE02FE02FE02BB
:10351000FE02FE02FE02FE02FE02FE02FE02FE02AB
:10352000FE02FE02FE02FE02FE02FE02FE02FE029B
:10353000FE02FE02FE02FE02FE02FE02FE02FE028B
:10354000FE02FE02FE02FE02FE02FE02FE02FE027B
:10355000FE02FE02FE02FE02FE02FE02FE02FE026B
:10356000FE02FE02FE02FE02FE02FE02FE02FE025B
:10357000FE02FE02FE02FE02FE02FE02FE02FE024B
:10358000FE02FE02FE02FE02FE02FE02FE02FE023B
:10359000FE02FE02FE02FE02FE02FE02FE02FE022B
:1035A000FE02FE02FE02FE02FE02FE02FE02FE021B
:1035B000FE02FE02FE02FE02FE02FE02FE02FE020B
:1035C000FE02FE02FE02FE02FE02FE02FE02FE02FB
:1035D000FE02FE02FE02FE02FE02FE02FE02FE02EB
:1035E000FE02FE02FE02FE02FE02FE02FE02FE02DB
:1035F000FE02FE02FE02FE02FE02FE02FE02FE02CB
:10360000FE02FE02FE02FE02FE02FE02FE02FE02BA
:10361000FE02FE02FE02FE02FE02FE02FE02FE02AA
:10362000FE02FE02FE02FE02FE02FE02FE02FE029A
:10363000FE02FE02FE02FE02FE02FE02FE02FE028A
:10364000FE02FE02FE02FE02FE02FE02FE02FE027A
:10365000FE02FE02FE02FE02FE02FE02FE02FE026A
:10366000FE02FE02FE02FE02FE02FE02FE02FE025A
:10367000FE02FE02FE02FE02FE02FE02FE02FE024A
:10368000FE02FE02FE02FE02FE02FE02FE02FE023A
:10369000FE02FE02FE02FE02FE02FE02FE02FE022A
:1036A000FE02FE02FE02FE02FE02FE02FE02FE021A
:1036B000FE02FE02FE02FE02FE02FE02FE02FE020A
:1036C000FE02FE02FE02FE02FE02FE02FE02FE02FA
:1036D000FE02FE02FE02FE02FE02FE02FE02FE02EA
:1036E000FE02FE02FE02FE02FE02FE02FE02FE02DA
:1036F000FE02FE02FE02FE02FE02FE02FE02FE02CA
:10370000FE02FE02FE02FE02FE02FE02FE02FE02B9
:10371000FE02FE02FE02FE02FE02FE02FE02FE02A9
:10372000FE02FE02FE02FE02FE02FE02FE02FE0299
:10373000FE02FE02FE02FE02FE02FE02FE02FE0289
:10374000FE02FE02FE02FE02FE02FE02FE02FE0279
:10375000FE02FE02FE02FE02FE02FE02FE02FE0269
:10376000FE02FE02FE02FE02FE02FE02FE02FE0259
:10377000FE02FE02FE02FE02FE02FE02FE02FE0249
:10378000FE02FE02FE02FE02FE02FE02FE02FE0239
:10379000FE02FE02FE02FE02FE02FE02FE02FE0229
:1037A000FE02FE02FE02FE02FE02FE02FE02FE0219
:1037B000FE02FE02FE02FE02FE02FE02FE02FE0209
:1037C000FE02FE02FE02FE02FE02FE02FE02FE02F9
:1037D000FE02FE02FE02FE02FE02FE02FE02FE02E9
:1037E000FE02FE02FE02FE02FE02FE02FE02FE02D9
:1037F000FE02FE02FE02FE02FE02FE02FE02FE02C9
:10380000FE02FE02FE02FE02FE02FE02FE02FE02B8
:10381000FE02FE02FE02FE02FE02FE02FE02FE02A8
:10382000FE02FE02FE02FE02FE02FE02FE02FE0298
:10383000FE02FE02FE02FE02FE02FE02FE02FE0288
:10384000FE02FE02FE02FE02FE02FE02FE02FE0278
:10385000FE02FE02FE02FE02FE02FE02FE02FE0268
:10386000FE02FE02FE02FE02FE02FE02FE02FE0258
:10387000FE02FE02FE02FE02FE02FE02FE02FE0248
:10388000FE02FE02FE02FE02FE02FE02FE02FE0238
:10389000FE02FE02FE02FE02FE02FE02FE02FE0228
:1038A000FE02FE02FE02FE02FE02FE02FE02FE0218
:1038B000FE02FE02FE02FE02FE02FE02FE02FE0208
:1038C000FE02FE02FE02FE02FE02FE02FE02FE02F8
:1038D000FE02FE02FE02FE02FE02FE02FE02FE02E8
:1038E000FE02FE02FE02FE02FE02FE02FE02FE02D8
:1038F000FE02FE02FE02FE02FE02FE02FE02FE02C8
:10390000FE02FE02FE02FE02FE02FE02FE02FE02B7
:10391000FE02FE02FE02FE02FE02FE02FE02FE02A7
:10392000FE02FE02FE02FE02FE02FE02FE02FE0297
:10393000FE02FE02FE02FE02FE02FE02FE02FE0287
:10394000FE02FE02FE02FE02FE02FE02FE02FE0277
:10395000FE02FE02FE02FE02FE02FE02FE02FE0267
:10396000FE02FE02FE02FE02FE02FE02FE02FE0257
:10397000FE02FE02FE02FE02FE02FE02FE02FE0247
:10398000FE02FE02FE02FE02FE02FE02FE02FE0237
:10399000FE02FE02FE02FE02FE02FE02FE02FE0227
:1039A000FE02FE02FE02FE02FE02FE02FE02FE0217
:1039B000FE02FE02FE02FE02FE02FE02FE02FE0207
:1039C000FE02FE02FE02FE02FE02FE02FE02FE02F7
:1039D000FE02FE02FE02FE02FE02FE02FE02FE02E7
:1039E000FE02FE02FE02FE02FE02FE02FE02FE02D7
:1039F000FE02FE02FE02FE02FE02FE02FE02FE02C7
:103A0000FE02FE02FE02FE02FE02FE02FE02FE02B6
:103A1000FE02FE02FE02FE02FE02FE02FE02FE02A6
:103A2000FE02FE02FE02FE02FE02FE02FE02FE0296
:103A3000FE02FE02FE02FE02FE02FE02FE02FE0286
:103A4000FE02FE02FE02FE02FE02FE02FE02FE0276
:103A5000FE02FE02FE02FE02FE02FE02FE02FE0266
:103A6000FE02FE02FE02FE02FE02FE02FE02FE0256
:103A7000FE02FE02FE02FE02FE02FE02FE02FE0246
:103A8000FE02FE02FE02FE02FE02FE02FE02FE0236
:103A9000FE02FE02FE02FE02FE02FE02FE02FE0226
:103AA000FE02FE02FE02FE02FE02FE02FE02FE0216
:103AB000FE02FE02FE02FE02FE02FE02FE02FE0206
:103AC000FE02FE02FE02FE02FE02FE02FE02FE02F6
:103AD000FE02FE02FE02FE02FE02FE02FE02FE02E6
:103AE000FE02FE02FE02FE02FE02FE02FE02FE02D6
:103AF000FE02FE02FE02FE02FE02FE02FE02FE02C6
:103B0000FE02FE02FE02FE02FE02FE02FE02FE02B5
:103B1000FE02FE02FE02FE02FE02FE02FE02FE02A5
:103B2000FE02FE02FE02FE02FE02FE02FE02FE0295
:103B3000FE02FE02FE02FE02FE02FE02FE02FE0285
:103B4000FE02FE02FE02FE02FE02FE02FE02FE0275
:103B5000FE02FE02FE02FE02FE02FE02FE02FE0265
:103B6000FE02FE02FE02FE02FE02FE02FE02FE0255
:103B7000FE02FE02FE02FE02FE02FE02FE02FE0245
:103B8000FE02FE02FE02FE02FE02FE02FE02FE0235
:103B9000FE02FE02FE02FE02FE02FE02FE02FE0225
:103BA000FE02FE02FE02FE02FE02FE02FE02FE0215
:103BB000FE02FE02FE02FE02FE02FE02FE02FE0205
:103BC000FE02FE02FE02FE02FE02FE02FE02FE02F5
:103BD000FE02FE02FE02FE02FE02FE02FE02FE02E5
:103BE000FE02FE02FE02FE02FE02FE02FE02FE02D5
:103BF000FE02FE02FE02FE02FE02FE02FE02FE02C5
:103C0000FE02FE02FE02FE02FE02FE02FE02FE02B4
:103C1000FE02FE02FE02FE02FE02FE02FE02FE02A4
:103C2000FE02FE02FE02FE02FE02FE02FE02FE0294
:103C3000FE02FE02FE02FE02FE02FE02FE02FE0284
:103C4000FE02FE02FE02FE02FE02FE02FE02FE0274
:103C5000FE02FE02FE02FE02FE02FE02FE02FE0264
:103C6000FE02FE02FE02FE02FE02FE02FE02FE0254
:103C7000FE02FE02FE02FE02FE02FE02FE02FE0244
:103C8000FE02FE02FE02FE02FE02FE02FE02FE0234
:103C9000FE02FE02FE02FE02FE02FE02FE02FE0224
:103CA000FE02FE02FE02FE02FE02FE02FE02FE0214
:103CB000FE02FE02FE02FE02FE02FE02FE02FE0204
:103CC000FE02FE02FE02FE02FE02FE02FE02FE02F4
:103CD000FE02FE02FE02FE02FE02FE02FE02FE02E4
:103CE000FE02FE02FE02FE02FE02FE02FE02FE02D4
:103CF000FE02FE02FE02FE02FE02FE02FE02FE02C4
:103D0000FE02FE02FE02FE02FE02FE02FE02FE02B3
:103D1000FE02FE02FE02FE02FE02FE02FE02FE02A3
:103D2000FE02FE02FE02FE02FE02FE02FE02FE0293
:103D3000FE02FE02FE02FE02FE02FE02FE02FE0283
:103D4000FE02FE02FE02FE02FE02FE02FE02FE0273
:103D5000FE02FE02FE02FE02FE02FE02FE02FE0263
:103D6000FE02FE02FE02FE02FE02FE02FE02FE0253
:103D7000FE02FE02FE02FE02FE02FE02FE02FE0243
:103D8000FE02FE02FE02FE02FE02FE02FE02FE0233
:103D9000FE02FE02FE02FE02FE02FE02FE02FE0223
:103DA000FE02FE02FE02FE02FE02FE02FE02FE0213
:103DB000FE02FE02FE02FE02FE02FE02FE02FE0203
:103DC000FE02FE02FE02FE02FE02FE02FE02FE02F3
:103DD000FE02FE02FE02FE02FE02FE02FE02FE02E3
:103DE000FE02FE02FE02FE02FE02FE02FE02FE02D3
:103DF000FE02FE02FE02FE02FE02FE02FE02FE02C3
:103E0000FE02FE02FE02FE02FE02FE02FE02FE02B2
:103E1000FE02FE02FE02FE02FE02FE02FE02FE02A2
:103E2000FE02FE02FE02FE02FE02FE02FE02FE0292
:103E3000FE02FE02FE02FE02FE02FE02FE02FE0282
:103E4000FE02FE02FE02FE02FE02FE02FE02FE0272
:103E5000FE02FE02FE02FE02FE02FE02FE02FE0262
:103E6000FE02FE02FE02FE02FE02FE02FE02FE0252
:103E7000FE02FE02FE02FE02FE02FE02FE02FE0242
:103E8000FE02FE02FE02FE02FE02FE02FE02FE0232
:103E9000FE02FE02FE02FE02FE02FE02FE02FE0222
:103EA000FE02FE02FE02FE02FE02FE02FE02FE0212
:103EB000FE02FE02FE02FE02FE02FE02FE02FE0202
:103EC000FE02FE02FE02FE02FE02FE02FE02FE02F2
:103ED000FE02FE02FE02FE02FE02FE02FE02FE02E2
:103EE000FE02FE02FE02FE02FE02FE02FE02FE02D2
:103EF000FE02FE02FE02FE02FE02FE02FE02FE02C2
:103F0000FE02FE02FE02FE02FE02FE02FE02FE02B1
:103F1000FE02FE02FE02FE02FE02FE02FE02FE02A1
:103F2000FE02FE02FE02FE02FE02FE02FE02FE0291
:103F3000FE02FE02FE02FE02FE02FE02FE02FE0281
:103F4000FE02FE02FE02FE02FE02FE02FE02FE0271
:103F5000FE02FE02FE02FE02FE02FE02FE02FE0261
:103F6000FE02FE02FE02FE02FE02FE02FE02FE0251
:103F7000FE02FE02FE02FE02FE02FE02FE02FE0241
:103F8000FE02FE02FE02FE02FE02FE02FE02FE0231
:103F9000FE02FE02FE02FE02FE02FE02FE02FE0221
:103FA000FE02FE02FE02FE02FE02FE02FE02FE0211
:103FB000FE02FE02FE02FE02FE02FE02FE02FE0201
:103FC000FE02FE02FE02FE02FE02FE02FE02FE02F1
:103FD000FE02FE02FE02FE02FE02FE02FE02FE02E1
:103FE000FE02FE02FE02FE02FE02FE02FE02FE02D1
:103FF000FE02FE02FE02FE02FE02FE02FE02FE02C1
:10400000FE02FE02FE02FE02FE02FE02FE02FE02B0
:10401000FE02FE02FE02FE02FE02FE02FE02FE02A0
:10402000FE02FE02FE02FE02FE02FE02FE02FE0290
:10403000FE02FE02FE02FE02FE02FE02FE02FE0280
:10404000FE02FE02FE02FE02FE02FE02FE02FE0270
:10405000FE02FE02FE02FE02FE02FE02FE02FE0260
:10406000FE02FE02FE02FE02FE02FE02FE02FE0250
:10407000FE02FE02FE02FE02FE02FE02FE02FE0240
:10408000FE02FE02FE02FE02FE02FE02FE02FE0230
:10409000FE02FE02FE02FE02FE02FE02FE02FE0220
:1040A000FE02FE02FE02FE02FE02FE02FE02FE0210
:1040B000FE02FE02FE02FE02FE02FE02FE02FE0200
:1040C000FE02FE02FE02FE02FE02FE02FE02FE02F0
:1040D000FE02FE02FE02FE02FE02FE02FE02FE02E0
:1040E000FE02FE02FE02FE02FE02FE02FE02FE02D0
:1040F000FE02FE02FE02FE02FE02FE02FE02FE02C0
:10410000FE02FE02FE02FE02FE02FE02FE02FE02AF
:10411000FE02FE02FE02FE02FE02FE02FE02FE029F
:10412000FE02FE02FE02FE02FE02FE02FE02FE028F
:10413000FE02FE02FE02FE02FE02FE02FE02FE027F
:10414000FE02FE02FE02FE02FE02FE02FE02FE026F
:10415000FE02FE02FE02FE02FE02FE02FE02FE025F
:10416000FE02FE02FE02FE02FE02FE02FE02FE024F
:10417000FE02FE02FE02FE02FE02FE02FE02FE023F
:10418000FE02FE02FE02FE02FE02FE02FE02FE022F
:10419000FE02FE02FE02FE02FE02FE02FE02FE021F
:1041A000FE02FE02FE02FE02FE02FE02FE02FE020F
:1041B000FE02FE02FE02FE02FE02FE02FE02FE02FF
:1041C000FE02FE02FE02FE02FE02FE02FE02FE02EF
:1041D000FE02FE02FE02FE02FE02FE02FE02FE02DF
:1041E000FE02FE02FE02FE02FE02FE02FE02FE02CF
:1041F000FE02FE02FE02FE02FE02FE02FE02FE02BF
:10420000FE02FE02FE02FE02FE02FE02FE02FE02AE
:10421000FE02FE02FE02FE02FE02FE02FE02FE029E
:10422000FE02FE02FE02FE02FE02FE02FE02FE028E
:10423000FE02FE02FE02FE02FE02FE02FE02FE027E
:10424000FE02FE02FE02FE02FE02FE02FE02FE026E
:10425000FE02FE02FE02FE02FE02FE02FE02FE025E
:10426000FE02FE02FE02FE02FE02FE02FE02FE024E
:10427000FE02FE02FE02FE02FE02FE02FE02FE023E
:10428000FE02FE02FE02FE02FE02FE02FE02FE022E
:10429000FE02FE02FE02FE02FE02FE02FE02FE021E
:1042A000FE02FE02FE02FE02FE02FE02FE02FE020E
:1042B000FE02FE02FE02FE02FE02FE02FE02FE02FE
:1042C000FE02FE02FE02FE02FE02FE02FE02FE02EE
:1042D000FE02FE02FE02FE02FE02FE02FE02FE02DE
:1042E000FE02FE02FE02FE02FE02FE02FE02FE02CE
:1042F000FE02FE02FE02FE02FE02FE02FE02FE02BE
:10430000FE02FE02FE02FE02FE02FE02FE02FE02AD
:10431000FE02FE02FE02FE02FE02FE02FE02FE029D
:10432000FE02FE02FE02FE02FE02FE02FE02FE028D
:10433000FE02FE02FE02FE02FE02FE02FE02FE027D
:10434000FE02FE02FE02FE02FE02FE02FE02FE026D
:10435000FE02FE02FE02FE02FE02FE02FE02FE025D
:10436000FE02FE02FE02FE02FE02FE02FE02FE024D
:10437000FE02FE02FE02FE02FE02FE02FE02FE023D
:10438000FE02FE02FE02FE02FE02FE02FE02FE022D
:10439000FE02FE02FE02FE02FE02FE02FE02FE021D
:1043A000FE02FE02FE02FE02FE02FE02FE02FE020D
:1043B000FE02FE02FE02FE02FE02FE02FE02FE02FD
:1043C000FE02FE02FE02FE02FE02FE02FE02FE02ED
:1043D000FE02FE02FE02FE02FE02FE02FE02FE02DD
:1043E000FE02FE02FE02FE02FE02FE02FE02FE02CD
:1043F000FE02FE02FE02FE02FE02FE02FE02FE02BD
:10440000FE02FE02FE02FE02FE02FE02FE02FE02AC
:10441000FE02FE02FE02FE02FE02FE02FE02FE029C
:10442000FE02FE02FE02FE02FE02FE02FE02FE028C
:10443000FE02FE02FE02FE02FE02FE02FE02FE027C
:10444000FE02FE02FE02FE02FE02FE02FE02FE026C
:10445000FE02FE02FE02FE02FE02FE02FE02FE025C
:10446000FE02FE02FE02FE02FE02FE02FE02FE024C
:10447000FE02FE02FE02FE02FE02FE02FE02FE023C
:10448000FE02FE02FE02FE02FE02FE02FE02FE022C
:10449000FE02FE02FE02FE02FE02FE02FE02FE021C
:1044A000FE02FE02FE02FE02FE02FE02FE02FE020C
:1044B000FE02FE02FE02FE02FE02FE02FE02FE02FC
:1044C000FE02FE02FE02FE02FE02FE02FE02FE02EC
:1044D000FE02FE02FE02FE02FE02FE02FE02FE02DC
:1044E000FE02FE02FE02FE02FE02FE02FE02FE02CC
:1044F000FE02FE02FE02FE02FE02FE02FE02FE02BC
:10450000FE02FE02FE02FE02FE02FE02FE02FE02AB
:10451000FE02FE02FE02FE02FE02FE02FE02FE029B
:10452000FE02FE02FE02FE02FE02FE02FE02FE028B
:10453000FE02FE02FE02FE02FE02FE02FE02FE027B
:10454000FE02FE02FE02FE02FE02FE02FE02FE026B
:10455000FE02FE02FE02FE02FE02FE02FE02FE025B
:10456000FE02FE02FE02FE02FE02FE02FE02FE024B
:10457000FE02FE02FE02FE02FE02FE02FE02FE023B
:10458000FE02FE02FE02FE02FE02FE02FE02FE022B
:10459000FE02FE02FE02FE02FE02FE02FE02FE021B
:1045A000FE02FE02FE02FE02FE02FE02FE02FE020B
:1045B000FE02FE02FE02FE02FE02FE02FE02FE02FB
:1045C000FE02FE02FE02FE02FE02FE02FE02FE02EB
:1045D000FE02FE02FE02FE02FE02FE02FE02FE02DB
:1045E000FE02FE02FE02FE02FE02FE02FE02FE02CB
:1045F000FE02FE02FE02FE02FE02FE02FE02FE02BB
:10460000FE02FE02FE02FE02FE02FE02FE02FE02AA
:10461000FE02FE02FE02FE02FE02FE02FE02FE029A
:10462000FE02FE02FE02FE02FE02FE02FE02FE028A
:10463000FE02FE02FE02FE02FE02FE02FE02FE027A
:10464000FE02FE02FE02FE02FE02FE02FE02FE026A
:10465000FE02FE02FE02FE02FE02FE02FE02FE025A
:10466000FE02FE02FE02FE02FE02FE02FE02FE024A
:10467000FE02FE02FE02FE02FE02FE02FE02FE023A
:10468000FE02FE02FE02FE02FE02FE02FE02FE022A
:10469000FE02FE02FE02FE02FE02FE02FE02FE021A
:1046A000FE02FE02FE02FE02FE02FE02FE02FE020A
:1046B000FE02FE02FE02FE02FE02FE02FE02FE02FA
:1046C000FE02FE02FE02FE02FE02FE02FE02FE02EA
:1046D000FE02FE02FE02FE02FE02FE02FE02FE02DA
:1046E000FE02FE02FE02FE02FE02FE02FE02FE02CA
:1046F000FE02FE02FE02FE02FE02FE02FE02FE02BA
:10470000FE02FE02FE02FE02FE02FE02FE02FE02A9
:10471000FE02FE02FE02FE02FE02FE02FE02FE0299
:10472000FE02FE02FE02FE02FE02FE02FE02FE0289
:10473000FE02FE02FE02FE02FE02FE02FE02FE0279
:10474000FE02FE02FE02FE02FE02FE02FE02FE0269
:10475000FE02FE02FE02FE02FE02FE02FE02FE0259
:10476000FE02FE02FE02FE02FE02FE02FE02FE0249
:10477000FE02FE02FE02FE02FE02FE02FE02FE0239
:10478000FE02FE02FE02FE02FE02FE02FE02FE0229
:10479000FE02FE02FE02FE02FE02FE02FE02FE0219
:1047A000FE02FE02FE02FE02FE02FE02FE02FE0209
:1047B000FE02FE02FE02FE02FE02FE02FE02FE02F9
:1047C000FE02FE02FE02FE02FE02FE02FE02FE02E9
:1047D000FE02FE02FE02FE02FE02FE02FE02FE02D9
:1047E000FE02FE02FE02FE02FE02FE02FE02FE02C9
:1047F000FE02FE02FE02FE02FE02FE02FE02FE02B9
:10480000FE02FE02FE02FE02FE02FE02FE02FE02A8
:10481000FE02FE02FE02FE02FE02FE02FE02FE0298
:10482000FE02FE02FE02FE02FE02FE02FE02FE0288
:10483000FE02FE02FE02FE02FE02FE02FE02FE0278
:10484000FE02FE02FE02FE02FE02FE02FE02FE0268
:10485000FE02FE02FE02FE02FE02FE02FE02FE0258
:10486000FE02FE02FE02FE02FE02FE02FE02FE0248
:10487000FE02FE02FE02FE02FE02FE02FE02FE0238
:10488000FE02FE02FE02FE02FE02FE02FE02FE0228
:10489000FE02FE02FE02FE02FE02FE02FE02FE0218
:1048A000FE02FE02FE02FE02FE02FE02FE02FE0208
:1048B000FE02FE02FE02FE02FE02FE02FE02FE02F8
:1048C000FE02FE02FE02FE02FE02FE02FE02FE02E8
:1048D000FE02FE02FE02FE02FE02FE02FE02FE02D8
:1048E000FE02FE02FE02FE02FE02FE02FE02FE02C8
:1048F000FE02FE02FE02FE02FE02FE02FE02FE02B8
:10490000FE02FE02FE02FE02FE02FE02FE02FE02A7
:10491000FE02FE02FE02FE02FE02FE02FE02FE0297
:10492000FE02FE02FE02FE02FE02FE02FE02FE0287
:10493000FE02FE02FE02FE02FE02FE02FE02FE0277
:10494000FE02FE02FE02FE02FE02FE02FE02FE0267
:10495000FE02FE02FE02FE02FE02FE02FE02FE0257
:10496000FE02FE02FE02FE02FE02FE02FE02FE0247
:10497000FE02FE02FE02FE02FE02FE02FE02FE0237
:10498000FE02FE02FE02FE02FE02FE02FE02FE0227
:10499000FE02FE02FE02FE02FE02FE02FE02FE0217
:1049A000FE02FE02FE02FE02FE02FE02FE02FE0207
:1049B000FE02FE02FE02FE02FE02FE02FE02FE02F7
:1049C000FE02FE02FE02FE02FE02FE02FE02FE02E7
:1049D000FE02FE02FE02FE02FE02FE02FE02FE02D7
:1049E000FE02FE02FE02FE02FE02FE02FE02FE02C7
:1049F000FE02FE02FE02FE02FE02FE02FE02FE02B7
:104A0000FE02FE02FE02FE02FE02FE02FE02FE02A6
:104A1000FE02FE02FE02FE02FE02FE02FE02FE0296
:104A2000FE02FE02FE02FE02FE02FE02FE02FE0286
:104A3000FE02FE02FE02FE02FE02FE02FE02FE0276
:104A4000FE02FE02FE02FE02FE02FE02FE02FE0266
:104A5000FE02FE02FE02FE02FE02FE02FE02FE0256
:104A6000FE02FE02FE02FE02FE02FE02FE02FE0246
:104A7000FE02FE02FE02FE02FE02FE02FE02FE0236
:104A8000FE02FE02FE02FE02FE02FE02FE02FE0226
:104A9000FE02FE02FE02FE02FE02FE02FE02FE0216
:104AA000FE02FE02FE02FE02FE02FE02FE02FE0206
:104AB000FE02FE02FE02FE02FE02FE02FE02FE02F6
:104AC000FE02FE02FE02FE02FE02FE02FE02FE02E6
:104AD000FE02FE02FE02FE02FE02FE02FE02FE02D6
:104AE000FE02FE02FE02FE02FE02FE02FE02FE02C6
:104AF000FE02FE02FE02FE02FE02FE02FE02FE02B6
:104B0000FE02FE02FE02FE02FE02FE02FE02FE02A5
:104B1000FE02FE02FE02FE02FE02FE02FE02FE0295
:104B2000FE02FE02FE02FE02FE02FE02FE02FE0285
:104B3000FE02FE02FE02FE02FE02FE02FE02FE0275
:104B4000FE02FE02FE02FE02FE02FE02FE02FE0265
:104B5000FE02FE02FE02FE02FE02FE02FE02FE0255
:104B6000FE02FE02FE02FE02FE02FE02FE02FE0245
:104B7000FE02FE02FE02FE02FE02FE02FE02FE0235
:104B8000FE02FE02FE02FE02FE02FE02FE02FE0225
:104B9000FE02FE02FE02FE02FE02FE02FE02FE0215
:104BA000FE02FE02FE02FE02FE02FE02FE02FE0205
:104BB000FE02FE02FE02FE02FE02FE02FE02FE02F5
:104BC000FE02FE02FE02FE02FE02FE02FE02FE02E5
:104BD000FE02FE02FE02FE02FE02FE02FE02FE02D5
:104BE000FE02FE02FE02FE02FE02FE02FE02FE02C5
:104BF000FE02FE02FE02FE02FE02FE02FE02FE02B5
:104C0000FE02FE02FE02FE02FE02FE02FE02FE02A4
:104C1000FE02FE02FE02FE02FE02FE02FE02FE0294
:104C2000FE02FE02FE02FE02FE02FE02FE02FE0284
:104C3000FE02FE02FE02FE02FE02FE02FE02FE0274
:104C4000FE02FE02FE02FE02FE02FE02FE02FE0264
:104C5000FE02FE02FE02FE02FE02FE02FE02FE0254
:104C6000FE02FE02FE02FE02FE02FE02FE02FE0244
:104C7000FE02FE02FE02FE02FE02FE02FE02FE0234
:104C8000FE02FE02FE02FE02FE02FE02FE02FE0224
:104C9000FE02FE02FE02FE02FE02FE02FE02FE0214
:104CA000FE02FE02FE02FE02FE02FE02FE02FE0204
:104CB000FE02FE02FE02FE02FE02FE02FE02FE02F4
:104CC000FE02FE02FE02FE02FE02FE02FE02FE02E4
:104CD000FE02FE02FE02FE02FE02FE02FE02FE02D4
:104CE000FE02FE02FE02FE02FE02FE02FE02FE02C4
:104CF000FE02FE02FE02FE02FE02FE02FE02FE02B4
:104D0000FE02FE02FE02FE02FE02FE02FE02FE02A3
:104D1000FE02FE02FE02FE02FE02FE02FE02FE0293
:104D2000FE02FE02FE02FE02FE02FE02FE02FE0283
:104D3000FE02FE02FE02FE02FE02FE02FE02FE0273
:104D4000FE02FE02FE02FE02FE02FE02FE02FE0263
:104D5000FE02FE02FE02FE02FE02FE02FE02FE0253
:104D6000FE02FE02FE02FE02FE02FE02FE02FE0243
:104D7000FE02FE02FE02FE02FE02FE02FE02FE0233
:104D8000FE02FE02FE02FE02FE02FE02FE02FE0223
:104D9000FE02FE02FE02FE02FE02FE02FE02FE0213
:104DA000FE02FE02FE02FE02FE02FE02FE02FE0203
:104DB000FE02FE02FE02FE02FE02FE02FE02FE02F3
:104DC000FE02FE02FE02FE02FE02FE02FE02FE02E3
:104DD000FE02FE02FE02FE02FE02FE02FE02FE02D3
:104DE000FE02FE02FE02FE02FE02FE02FE02FE02C3
:104DF000FE02FE02FE02FE02FE02FE02FE02FE02B3
:104E0000FE02FE02FE02FE02FE02FE02FE02FE02A2
:104E1000FE02FE02FE02FE02FE02FE02FE02FE0292
:104E2000FE02FE02FE02FE02FE02FE02FE02FE0282
:104E3000FE02FE02FE02FE02FE02FE02FE02FE0272
:104E4000FE02FE02FE02FE02FE02FE02FE02FE0262
:104E5000FE02FE02FE02FE02FE02FE02FE02FE0252
:104E6000FE02FE02FE02FE02FE02FE02FE02FE0242
:104E7000FE02FE02FE02FE02FE02FE02FE02FE0232
:104E8000FE02FE02FE02FE02FE02FE02FE02FE0222
:104E9000FE02FE02FE02FE02FE02FE02FE02FE0212
:104EA000FE02FE02FE02FE02FE02FE02FE02FE0202
:104EB000FE02FE02FE02FE02FE02FE02FE02FE02F2
:104EC000FE02FE02FE02FE02FE02FE02FE02FE02E2
:104ED000FE02FE02FE02FE02FE02FE02FE02FE02D2
:104EE000FE02FE02FE02FE02FE02FE02FE02FE02C2
:104EF000FE02FE02FE02FE02FE02FE02FE02FE02B2
:104F0000FE02FE02FE02FE02FE02FE02FE02FE02A1
:104F1000FE02FE02FE02FE02FE02FE02FE02FE0291
:104F2000FE02FE02FE02FE02FE02FE02FE02FE0281
:104F3000FE02FE02FE02FE02FE02FE02FE02FE0271
:104F4000FE02FE02FE02FE02FE02FE02FE02FE0261
:104F5000FE02FE02FE02FE02FE02FE02FE02FE0251
:104F6000FE02FE02FE02FE02FE02FE02FE02FE0241
:104F7000FE02FE02FE02FE02FE02FE02FE02FE0231
:104F8000FE02FE02FE02FE02FE02FE02FE02FE0221
:104F9000FE02FE02FE02FE02FE02FE02FE02FE0211
:104FA000FE02FE02FE02FE02FE02FE02FE02FE0201
:104FB000FE02FE02FE02FE02FE02FE02FE02FE02F1
:104FC000FE02FE02FE02FE02FE02FE02FE02FE02E1
:104FD000FE02FE02FE02FE02FE02FE02FE02FE02D1
:104FE000FE02FE02FE02FE02FE02FE02FE02FE02C1
:104FF000FE02FE02FE02FE02FE02FE02FE02FE02B1
:10500000FE02FE02FE02FE02FE02FE02FE02FE02A0
:10501000FE02FE02FE02FE02FE02FE02FE02FE0290
:10502000FE02FE02FE02FE02FE02FE02FE02FE0280
:10503000FE02FE02FE02FE02FE02FE02FE02FE0270
:10504000FE02FE02FE02FE02FE02FE02FE02FE0260
:10505000FE02FE02FE02FE02FE02FE02FE02FE0250
:10506000FE02FE02FE02FE02FE02FE02FE02FE0240
:10507000FE02FE02FE02FE02FE02FE02FE02FE0230
:10508000FE02FE02FE02FE02FE02FE02FE02FE0220
:10509000FE02FE02FE02FE02FE02FE02FE02FE0210
:1050A000FE02FE02FE02FE02FE02FE02FE02FE0200
:1050B000FE02FE02FE02FE02FE02FE02FE02FE02F0
:1050C000FE02FE02FE02FE02FE02FE02FE02FE02E0
:1050D000FE02FE02FE02FE02FE02FE02FE02FE02D0
:1050E000FE02FE02FE02FE02FE02FE02FE02FE02C0
:1050F000FE02FE02FE02FE02FE02FE02FE02FE02B0
:10510000FE02FE02FE02FE02FE02FE02FE02FE029F
:10511000FE02FE02FE02FE02FE02FE02FE02FE028F
:10512000FE02FE02FE02FE02FE02FE02FE02FE027F
:10513000FE02FE02FE02FE02FE02FE02FE02FE026F
:10514000FE02FE02FE02FE02FE02FE02FE02FE025F
:10515000FE02FE02FE02FE02FE02FE02FE02FE024F
:10516000FE02FE02FE02FE02FE02FE02FE02FE023F
:10517000FE02FE02FE02FE02FE02FE02FE02FE022F
:10518000FE02FE02FE02FE02FE02FE02FE02FE021F
:10519000FE02FE02FE02FE02FE02FE02FE02FE020F
:1051A000FE02FE02FE02FE02FE02FE02FE02FE02FF
:1051B000FE02FE02FE02FE02FE02FE02FE02FE02EF
:1051C000FE02FE02FE02FE02FE02FE02FE02FE02DF
:1051D000FE02FE02FE02FE02FE02FE02FE02FE02CF
:1051E000FE02FE02FE02FE02FE02FE02FE02FE02BF
:1051F000FE02FE02FE02FE02FE02FE02FE02FE02AF
:10520000FE02FE02FE02FE02FE02FE02FE02FE029E
:10521000FE02FE02FE02FE02FE02FE02FE02FE028E
:10522000FE02FE02FE02FE02FE02FE02FE02FE027E
:10523000FE02FE02FE02FE02FE02FE02FE02FE026E
:10524000FE02FE02FE02FE02FE02FE02FE02FE025E
:10525000FE02FE02FE02FE02FE02FE02FE02FE024E
:10526000FE02FE02FE02FE02FE02FE02FE02FE023E
:10527000FE02FE02FE02FE02FE02FE02FE02FE022E
:10528000FE02FE02FE02FE02FE02FE02FE02FE021E
:10529000FE02FE02FE02FE02FE02FE02FE02FE020E
:1052A000FE02FE02FE02FE02FE02FE02FE02FE02FE
:1052B000FE02FE02FE02FE02FE02FE02FE02FE02EE
:1052C000FE02FE02FE02FE02FE02FE02FE02FE02DE
:1052D000FE02FE02FE02FE02FE02FE02FE02FE02CE
:1052E000FE02FE02FE02FE02FE02FE02FE02FE02BE
:1052F000FE02FE02FE02FE02FE02FE02FE02FE02AE
:10530000FE02FE02FE02FE02FE02FE02FE02FE029D
:10531000FE02FE02FE02FE02FE02FE02FE02FE028D
:10532000FE02FE02FE02FE02FE02FE02FE02FE027D
:10533000FE02FE02FE02FE02FE02FE02FE02FE026D
:10534000FE02FE02FE02FE02FE02FE02FE02FE025D
:10535000FE02FE02FE02FE02FE02FE02FE02FE024D
:10536000FE02FE02FE02FE02FE02FE02FE02FE023D
:10537000FE02FE02FE02FE02FE02FE02FE02FE022D
:10538000FE02FE02FE02FE02FE02FE02FE02FE021D
:10539000FE02FE02FE02FE02FE02FE02FE02FE020D
:1053A000FE02FE02FE02FE02FE02FE02FE02FE02FD
:1053B000FE02FE02FE02FE02FE02FE02FE02FE02ED
:1053C000FE02FE02FE02FE02FE02FE02FE02FE02DD
:1053D000FE02FE02FE02FE02FE02FE02FE02FE02CD
:1053E000FE02FE02FE02FE02FE02FE02FE02FE02BD
:1053F000FE02FE02FE02FE02FE02FE02FE02FE02AD
:10540000FE02FE02FE02FE02FE02FE02FE02FE029C
:10541000FE02FE02FE02FE02FE02FE02FE02FE028C
:10542000FE02FE02FE02FE02FE02FE02FE02FE027C
:10543000FE02FE02FE02FE02FE02FE02FE02FE026C
:10544000FE02FE02FE02FE02FE02FE02FE02FE025C
:10545000FE02FE02FE02FE02FE02FE02FE02FE024C
:10546000FE02FE02FE02FE02FE02FE02FE02FE023C
:10547000FE02FE02FE02FE02FE02FE02FE02FE022C
:10548000FE02FE02FE02FE02FE02FE02FE02FE021C
:10549000FE02FE02FE02FE02FE02FE02FE02FE020C
:1054A000FE02FE02FE02FE02FE02FE02FE02FE02FC
:1054B000FE02FE02FE02FE02FE02FE02FE02FE02EC
:1054C000FE02FE02FE02FE02FE02FE02FE02FE02DC
:1054D000FE02FE02FE02FE02FE02FE02FE02FE02CC
:1054E000FE02FE02FE02FE02FE02FE02FE02FE02BC
:1054F000FE02FE02FE02FE02FE02FE02FE02FE02AC
:10550000FE02FE02FE02FE02FE02FE02FE02FE029B
:10551000FE02FE02FE02FE02FE02FE02FE02FE028B
:10552000FE02FE02FE02FE02FE02FE02FE02FE027B
:10553000FE02FE02FE02FE02FE02FE02FE02FE026B
:10554000FE02FE02FE02FE02FE02FE02FE02FE025B
:10555000FE02FE02FE02FE02FE02FE02FE02FE024B
:10556000FE02FE02FE02FE02FE02FE02FE02FE023B
:10557000FE02FE02FE02FE02FE02FE02FE02FE022B
:10558000FE02FE02FE02FE02FE02FE02FE02FE021B
:10559000FE02FE02FE02FE02FE02FE02FE02FE020B
:1055A000FE02FE02FE02FE02FE02FE02FE02FE02FB
:1055B000FE02FE02FE02FE02FE02FE02FE02FE02EB
:1055C000FE02FE02FE02FE02FE02FE02FE02FE02DB
:1055D000FE02FE02FE02FE02FE02FE02FE02FE02CB
:1055E000FE02FE02FE02FE02FE02FE02FE02FE02BB
:1055F000FE02FE02FE02FE02FE02FE02FE02FE02AB
:10560000FE02FE02FE02FE02FE02FE02FE02FE029A
:10561000FE02FE02FE02FE02FE02FE02FE02FE028A
:10562000FE02FE02FE02FE02FE02FE02FE02FE027A
:10563000FE02FE02FE02FE02FE02FE02FE02FE026A
:10564000FE02FE02FE02FE02FE02FE02FE02FE025A
:10565000FE02FE02FE02FE02FE02FE02FE02FE024A
:10566000FE02FE02FE02FE02FE02FE02FE02FE023A
:10567000FE02FE02FE02FE02FE02FE02FE02FE022A
:10568000FE02FE02FE02FE02FE02FE02FE02FE021A
:10569000FE02FE02FE02FE02FE02FE02FE02FE020A
:1056A000FE02FE02FE02FE02FE02FE02FE02FE02FA
:1056B000FE02FE02FE02FE02FE02FE02FE02FE02EA
:1056C000FE02FE02FE02FE02FE02FE02FE02FE02DA
:1056D000FE02FE02FE02FE02FE02FE02FE02FE02CA
:1056E000FE02FE02FE02FE02FE02FE02FE02FE02BA
:1056F000FE02FE02FE02FE02FE02FE02FE02FE02AA
:10570000FE02FE02FE02FE02FE02FE02FE02FE0299
:10571000FE02FE02FE02FE02FE02FE02FE02FE0289
:10572000FE02FE02FE02FE02FE02FE02FE02FE0279
:10573000FE02FE02FE02FE02FE02FE02FE02FE0269
:10574000FE02FE02FE02FE02FE02FE02FE02FE0259
:10575000FE02FE02FE02FE02FE02FE02FE02FE0249
:10576000FE02FE02FE02FE02FE02FE02FE02FE0239
:10577000FE02FE02FE02FE02FE02FE02FE02FE0229
:10578000FE02FE02FE02FE02FE02FE02FE02FE0219
:10579000FE02FE02FE02FE02FE02FE02FE02FE0209
:1057A000FE02FE02FE02FE02FE02FE02FE02FE02F9
:1057B000FE02FE02FE02FE02FE02FE02FE02FE02E9
:1057C000FE02FE02FE02FE02FE02FE02FE02FE02D9
:1057D000FE02FE02FE02FE02FE02FE02FE02FE02C9
:1057E000FE02FE02FE02FE02FE02FE02FE02FE02B9
:1057F000FE02FE02FE02FE02FE02FE02FE02FE02A9
:10580000FE02FE02FE02FE02FE02FE02FE02FE0298
:10581000FE02FE02FE02FE02FE02FE02FE02FE0288
:10582000FE02FE02FE02FE02FE02FE02FE02FE0278
:10583000FE02FE02FE02FE02FE02FE02FE02FE0268
:10584000FE02FE02FE02FE02FE02FE02FE02FE0258
:10585000FE02FE02FE02FE02FE02FE02FE02FE0248
:10586000FE02FE02FE02FE02FE02FE02FE02FE0238
:10587000FE02FE02FE02FE02FE02FE02FE02FE0228
:10588000FE02FE02FE02FE02FE02FE02FE02FE0218
:10589000FE02FE02FE02FE02FE02FE02FE02FE0208
:1058A000FE02FE02FE02FE02FE02FE02FE02FE02F8
:1058B000FE02FE02FE02FE02FE02FE02FE02FE02E8
:1058C000FE02FE02FE02FE02FE02FE02FE02FE02D8
:1058D000FE02FE02FE02FE02FE02FE02FE02FE02C8
:1058E000FE02FE02FE02FE02FE02FE02FE02FE02B8
:1058F000FE02FE02FE02FE02FE02FE02FE02FE02A8
:10590000FE02FE02FE02FE02FE02FE02FE02FE0297
:10591000FE02FE02FE02FE02FE02FE02FE02FE0287
:10592000FE02FE02FE02FE02FE02FE02FE02FE0277
:10593000FE02FE02FE02FE02FE02FE02FE02FE0267
:10594000FE02FE02FE02FE02FE02FE02FE02FE0257
:10595000FE02FE02FE02FE02FE02FE02FE02FE0247
:10596000FE02FE02FE02FE02FE02FE02FE02FE0237
:10597000FE02FE02FE02FE02FE02FE02FE02FE0227
:10598000FE02FE02FE02FE02FE02FE02FE02FE0217
:10599000FE02FE02FE02FE02FE02FE02FE02FE0207
:1059A000FE02FE02FE02FE02FE02FE02FE02FE02F7
:1059B000FE02FE02FE02FE02FE02FE02FE02FE02E7
:1059C000FE02FE02FE02FE02FE02FE02FE02FE02D7
:1059D000FE02FE02FE02FE02FE02FE02FE02FE02C7
:1059E000FE02FE02FE02FE02FE02FE02FE02FE02B7
:1059F000FE02FE02FE02FE02FE02FE02FE02FE02A7
:105A0000FE02FE02FE02FE02FE02FE02FE02FE0296
:105A1000FE02FE02FE02FE02FE02FE02FE02FE0286
:105A2000FE02FE02FE02FE02FE02FE02FE02FE0276
:105A3000FE02FE02FE02FE02FE02FE02FE02FE0266
:105A4000FE02FE02FE02FE02FE02FE02FE02FE0256
:105A5000FE02FE02FE02FE02FE02FE02FE02FE0246
:105A6000FE02FE02FE02FE02FE02FE02FE02FE0236
:105A7000FE02FE02FE02FE02FE02FE02FE02FE0226
:105A8000FE02FE02FE02FE02FE02FE02FE02FE0216
:105A9000FE02FE02FE02FE02FE02FE02FE02FE0206
:105AA000FE02FE02FE02FE02FE02FE02FE02FE02F6
:105AB000FE02FE02FE02FE02FE02FE02FE02FE02E6
:105AC000FE02FE02FE02FE02FE02FE02FE02FE02D6
:105AD000FE02FE02FE02FE02FE02FE02FE02FE02C6
:105AE000FE02FE02FE02FE02FE02FE02FE02FE02B6
:105AF000FE02FE02FE02FE02FE02FE02FE02FE02A6
:105B0000FE02FE02FE02FE02FE02FE02FE02FE0295
:105B1000FE02FE02FE02FE02FE02FE02FE02FE0285
:105B2000FE02FE02FE02FE02FE02FE02FE02FE0275
:105B3000FE02FE02FE02FE02FE02FE02FE02FE0265
:105B4000FE02FE02FE02FE02FE02FE02FE02FE0255
:105B5000FE02FE02FE02FE02FE02FE02FE02FE0245
:105B6000FE02FE02FE02FE02FE02FE02FE02FE0235
:105B7000FE02FE02FE02FE02FE02FE02FE02FE0225
:105B8000FE02FE02FE02FE02FE02FE02FE02FE0215
:105B9000FE02FE02FE02FE02FE02FE02FE02FE0205
:105BA000FE02FE02FE02FE02FE02FE02FE02FE02F5
:105BB000FE02FE02FE02FE02FE02FE02FE02FE02E5
:105BC000FE02FE02FE02FE02FE02FE02FE02FE02D5
:105BD000FE02FE02FE02FE02FE02FE02FE02FE02C5
:105BE000FE02FE02FE02FE02FE02FE02FE02FE02B5
:105BF000FE02FE02FE02FE02FE02FE02FE02FE02A5
:105C0000FE02FE02FE02FE02FE02FE02FE02FE0294
:105C1000FE02FE02FE02FE02FE02FE02FE02FE0284
:105C2000FE02FE02FE02FE02FE02FE02FE02FE0274
:105C3000FE02FE02FE02FE02FE02FE02FE02FE0264
:105C4000FE02FE02FE02FE02FE02FE02FE02FE0254
:105C5000FE02FE02FE02FE02FE02FE02FE02FE0244
:105C6000FE02FE02FE02FE02FE02FE02FE02FE0234
:105C7000FE02FE02FE02FE02FE02FE02FE02FE0224
:105C8000FE02FE02FE02FE02FE02FE02FE02FE0214
:105C9000FE02FE02FE02FE02FE02FE02FE02FE0204
:105CA000FE02FE02FE02FE02FE02FE02FE02FE02F4
:105CB000FE02FE02FE02FE02FE02FE02FE02FE02E4
:105CC000FE02FE02FE02FE02FE02FE02FE02FE02D4
:105CD000FE02FE02FE02FE02FE02FE02FE02FE02C4
:105CE000FE02FE02FE02FE02FE02FE02FE02FE02B4
:105CF000FE02FE02FE02FE02FE02FE02FE02FE02A4
:105D0000FE02FE02FE02FE02FE02FE02FE02FE0293
:105D1000FE02FE02FE02FE02FE02FE02FE02FE0283
:105D2000FE02FE02FE02FE02FE02FE02FE02FE0273
:105D3000FE02FE02FE02FE02FE02FE02FE02FE0263
:105D4000FE02FE02FE02FE02FE02FE02FE02FE0253
:105D5000FE02FE02FE02FE02FE02FE02FE02FE0243
:105D6000FE02FE02FE02FE02FE02FE02FE02FE0233
:105D7000FE02FE02FE02FE02FE02FE02FE02FE0223
:105D8000FE02FE02FE02FE02FE02FE02FE02FE0213
:105D9000FE02FE02FE02FE02FE02FE02FE02FE0203
:105DA000FE02FE02FE02FE02FE02FE02FE02FE02F3
:105DB000FE02FE02FE02FE02FE02FE02FE02FE02E3
:105DC000FE02FE02FE02FE02FE02FE02FE02FE02D3
:105DD000FE02FE02FE02FE02FE02FE02FE02FE02C3
:105DE000FE02FE02FE02FE02FE02FE02FE02FE02B3
:105DF000FE02FE02FE02FE02FE02FE02FE02FE02A3
:105E0000FE02FE02FE02FE02FE02FE02FE02FE0292
:105E1000FE02FE02FE02FE02FE02FE02FE02FE0282
:105E2000FE02FE02FE02FE02FE02FE02FE02FE0272
:105E3000FE02FE02FE02FE02FE02FE02FE02FE0262
:105E4000FE02FE02FE02FE02FE02FE02FE02FE0252
:105E5000FE02FE02FE02FE02FE02FE02FE02FE0242
:105E6000FE02FE02FE02FE02FE02FE02FE02FE0232
:105E7000FE02FE02FE02FE02FE02FE02FE02FE0222
:105E8000FE02FE02FE02FE02FE02FE02FE02FE0212
:105E9000FE02FE02FE02FE02FE02FE02FE02FE0202
:105EA000FE02FE02FE02FE02FE02FE02FE02FE02F2
:105EB000FE02FE02FE02FE02FE02FE02FE02FE02E2
:105EC000FE02FE02FE02FE02FE02FE02FE02FE02D2
:105ED000FE02FE02FE02FE02FE02FE02FE02FE02C2
:105EE000FE02FE02FE02FE02FE02FE02FE02FE02B2
:105EF000FE02FE02FE02FE02FE02FE02FE02FE02A2
:105F0000FE02FE02FE02FE02FE02FE02FE02FE0291
:105F1000FE02FE02FE02FE02FE02FE02FE02FE0281
:105F2000FE02FE02FE02FE02FE02FE02FE02FE0271
:105F3000FE02FE02FE02FE02FE02FE02FE02FE0261
:105F4000FE02FE02FE02FE02FE02FE02FE02FE0251
:105F5000FE02FE02FE02FE02FE02FE02FE02FE0241
:105F6000FE02FE02FE02FE02FE02FE02FE02FE0231
:105F7000FE02FE02FE02FE02FE02FE02FE02FE0221
:105F8000FE02FE02FE02FE02FE02FE02FE02FE0211
:105F9000FE02FE02FE02FE02FE02FE02FE02FE0201
:105FA000FE02FE02FE02FE02FE02FE02FE02FE02F1
:105FB000FE02FE02FE02FE02FE02FE02FE02FE02E1
:105FC000FE02FE02FE02FE02FE02FE02FE02FE02D1
:105FD000FE02FE02FE02FE02FE02FE02FE02FE02C1
:105FE000FE02FE02FE02FE02FE02FE02FE02FE02B1
:105FF000FE02FE02FE02FE02FE02FE02FE02FE02A1
:10600000FE02FE02FE02FE02FE02FE02FE02FE0290
:10601000FE02FE02FE02FE02FE02FE02FE02FE0280
:10602000FE02FE02FE02FE02FE02FE02FE02FE0270
:10603000FE02FE02FE02FE02FE02FE02FE02FE0260
:10604000FE02FE02FE02FE02FE02FE02FE02FE0250
:10605000FE02FE02FE02FE02FE02FE02FE02FE0240
:10606000FE02FE02FE02FE02FE02FE02FE02FE0230
:10607000FE02FE02FE02FE02FE02FE02FE02FE0220
:10608000FE02FE02FE02FE02FE02FE02FE02FE0210
:10609000FE02FE02FE02FE02FE02FE02FE02FE0200
:1060A000FE02FE02FE02FE02FE02FE02FE02FE02F0
:1060B000FE02FE02FE02FE02FE02FE02FE02FE02E0
:1060C000FE02FE02FE02FE02FE02FE02FE02FE02D0
:1060D000FE02FE02FE02FE02FE02FE02FE02FE02C0
:1060E000FE02FE02FE02FE02FE02FE02FE02FE02B0
:1060F000FE02FE02FE02FE02FE02FE02FE02FE02A0
:10610000FE02FE02FE02FE02FE02FE02FE02FE028F
:10611000FE02FE02FE02FE02FE02FE02FE02FE027F
:10612000FE02FE02FE02FE02FE02FE02FE02FE026F
:10613000FE02FE02FE02FE02FE02FE02FE02FE025F
:10614000FE02FE02FE02FE02FE02FE02FE02FE024F
:10615000FE02FE02FE02FE02FE02FE02FE02FE023F
:10616000FE02FE02FE02FE02FE02FE02FE02FE022F
:10617000FE02FE02FE02FE02FE02FE02FE02FE021F
:10618000FE02FE02FE02FE02FE02FE02FE02FE020F
:10619000FE02FE02FE02FE02FE02FE02FE02FE02FF
:1061A000FE02FE02FE02FE02FE02FE02FE02FE02EF
:1061B000FE02FE02FE02FE02FE02FE02FE02FE02DF
:1061C000FE02FE02FE02FE02FE02FE02FE02FE02CF
:1061D000FE02FE02FE02FE02FE02FE02FE02FE02BF
:1061E000FE02FE02FE02FE02FE02FE02FE02FE02AF
:1061F000FE02FE02FE02FE02FE02FE02FE02FE029F
:10620000FE02FE02FE02FE02FE02FE02FE02FE028E
:10621000FE02FE02FE02FE02FE02FE02FE02FE027E
:10622000FE02FE02FE02FE02FE02FE02FE02FE026E
:10623000FE02FE02FE02FE02FE02FE02FE02FE025E
:10624000FE02FE02FE02FE02FE02FE02FE02FE024E
:10625000FE02FE02FE02FE02FE02FE02FE02FE023E
:10626000FE02FE02FE02FE02FE02FE02FE02FE022E
:10627000FE02FE02FE02FE02FE02FE02FE02FE021E
:10628000FE02FE02FE02FE02FE02FE02FE02FE020E
:10629000FE02FE02FE02FE02FE02FE02FE02FE02FE
:1062A000FE02FE02FE02FE02FE02FE02FE02FE02EE
:1062B000FE02FE02FE02FE02FE02FE02FE02FE02DE
:1062C000FE02FE02FE02FE02FE02FE02FE02FE02CE
:1062D000FE02FE02FE02FE02FE02FE02FE02FE02BE
:1062E000FE02FE02FE02FE02FE02FE02FE02FE02AE
:1062F000FE02FE02FE02FE02FE02FE02FE02FE029E
:10630000FE02FE02FE02FE02FE02FE02FE02FE028D
:10631000FE02FE02FE02FE02FE02FE02FE02FE027D
:10632000FE02FE02FE02FE02FE02FE02FE02FE026D
:10633000FE02FE02FE02FE02FE02FE02FE02FE025D
:10634000FE02FE02FE02FE02FE02FE02FE02FE024D
:10635000FE02FE02FE02FE02FE02FE02FE02FE023D
:10636000FE02FE02FE02FE02FE02FE02FE02FE022D
:10637000FE02FE02FE02FE02FE02FE02FE02FE021D
:10638000FE02FE02FE02FE02FE02FE02FE02FE020D
:10639000FE02FE02FE02FE02FE02FE02FE02FE02FD
:1063A000FE02FE02FE02FE02FE02FE02FE02FE02ED
:1063B000FE02FE02FE02FE02FE02FE02FE02FE02DD
:1063C000FE02FE02FE02FE02FE02FE02FE02FE02CD
:1063D000FE02FE02FE02FE02FE02FE02FE02FE02BD
:1063E000FE02FE02FE02FE02FE02FE02FE02FE02AD
:1063F000FE02FE02FE02FE02FE02FE02FE02FE029D
:10640000FE02FE02FE02FE02FE02FE02FE02FE028C
:10641000FE02FE02FE02FE02FE02FE02FE02FE027C
:10642000FE02FE02FE02FE02FE02FE02FE02FE026C
:10643000FE02FE02FE02FE02FE02FE02FE02FE025C
:10644000FE02FE02FE02FE02FE02FE02FE02FE024C
:10645000FE02FE02FE02FE02FE02FE02FE02FE023C
:10646000FE02FE02FE02FE02FE02FE02FE02FE022C
:10647000FE02FE02FE02FE02FE02FE02FE02FE021C
:10648000FE02FE02FE02FE02FE02FE02FE02FE020C
:10649000FE02FE02FE02FE02FE02FE02FE02FE02FC
:1064A000FE02FE02FE02FE02FE02FE02FE02FE02EC
:1064B000FE02FE02FE02FE02FE02FE02FE02FE02DC
:1064C000FE02FE02FE02FE02FE02FE02FE02FE02CC
:1064D000FE02FE02FE02FE02FE02FE02FE02FE02BC
:1064E000FE02FE02FE02FE02FE02FE02FE02FE02AC
:1064F000FE02FE02FE02FE02FE02FE02FE02FE029C
:10650000FE02FE02FE02FE02FE02FE02FE02FE028B
:10651000FE02FE02FE02FE02FE02FE02FE02FE027B
:10652000FE02FE02FE02FE02FE02FE02FE02FE026B
:10653000FE02FE02FE02FE02FE02FE02FE02FE025B
:10654000FE02FE02FE02FE02FE02FE02FE02FE024B
:10655000FE02FE02FE02FE02FE02FE02FE02FE023B
:10656000FE02FE02FE02FE02FE02FE02FE02FE022B
:10657000FE02FE02FE02FE02FE02FE02FE02FE021B
:10658000FE02FE02FE02FE02FE02FE02FE02FE020B
:10659000FE02FE02FE02FE02FE02FE02FE02FE02FB
:1065A000FE02FE02FE02FE02FE02FE02FE02FE02EB
:1065B000FE02FE02FE02FE02FE02FE02FE02FE02DB
:1065C000FE02FE02FE02FE02FE02FE02FE02FE02CB
:1065D000FE02FE02FE02FE02FE02FE02FE02FE02BB
:1065E000FE02FE02FE02FE02FE02FE02FE02FE02AB
:1065F000FE02FE02FE02FE02FE02FE02FE02FE029B
:10660000FE02FE02FE02FE02FE02FE02FE02FE028A
:10661000FE02FE02FE02FE02FE02FE02FE02FE027A
:10662000FE02FE02FE02FE02FE02FE02FE02FE026A
:10663000FE02FE02FE02FE02FE02FE02FE02FE025A
:10664000FE02FE02FE02FE02FE02FE02FE02FE024A
:10665000FE02FE02FE02FE02FE02FE02FE02FE023A
:10666000FE02FE02FE02FE02FE02FE02FE02FE022A
:10667000FE02FE02FE02FE02FE02FE02FE02FE021A
:10668000FE02FE02FE02FE02FE02FE02FE02FE020A
:10669000FE02FE02FE02FE02FE02FE02FE02FE02FA
:1066A000FE02FE02FE02FE02FE02FE02FE02FE02EA
:1066B000FE02FE02FE02FE02FE02FE02FE02FE02DA
:1066C000FE02FE02FE02FE02FE02FE02FE02FE02CA
:1066D000FE02FE02FE02FE02FE02FE02FE02FE02BA
:1066E000FE02FE02FE02FE02FE02FE02FE02FE02AA
:1066F000FE02FE02FE02FE02FE02FE02FE02FE029A
:10670000FE02FE02FE02FE02FE02FE02FE02FE0289
:10671000FE02FE02FE02FE02FE02FE02FE02FE0279
:10672000FE02FE02FE02FE02FE02FE02FE02FE0269
:10673000FE02FE02FE02FE02FE02FE02FE02FE0259
:10674000FE02FE02FE02FE02FE02FE02FE02FE0249
:10675000FE02FE02FE02FE02FE02FE02FE02FE0239
:10676000FE02FE02FE02FE02FE02FE02FE02FE0229
:10677000FE02FE02FE02FE02FE02FE02FE02FE0219
:10678000FE02FE02FE02FE02FE02FE02FE02FE0209
:10679000FE02FE02FE02FE02FE02FE02FE02FE02F9
:1067A000FE02FE02FE02FE02FE02FE02FE02FE02E9
:1067B000FE02FE02FE02FE02FE02FE02FE02FE02D9
:1067C000FE02FE02FE02FE02FE02FE02FE02FE02C9
:1067D000FE02FE02FE02FE02FE02FE02FE02FE02B9
:1067E000FE02FE02FE02FE02FE02FE02FE02FE02A9
:1067F000FE02FE02FE02FE02FE02FE02FE02FE0299
:10680000FE02FE02FE02FE02FE02FE02FE02FE0288
:10681000FE02FE02FE02FE02FE02FE02FE02FE0278
:10682000FE02FE02FE02FE02FE02FE02FE02FE0268
:10683000FE02FE02FE02FE02FE02FE02FE02FE0258
:10684000FE02FE02FE02FE02FE02FE02FE02FE0248
:10685000FE02FE02FE02FE02FE02FE02FE02FE0238
:10686000FE02FE02FE02FE02FE02FE02FE02FE0228
:10687000FE02FE02FE02FE02FE02FE02FE02FE0218
:10688000FE02FE02FE02FE02FE02FE02FE02FE0208
:10689000FE02FE02FE02FE02FE02FE02FE02FE02F8
:1068A000FE02FE02FE02FE02FE02FE02FE02FE02E8
:1068B000FE02FE02FE02FE02FE02FE02FE02FE02D8
:1068C000FE02FE02FE02FE02FE02FE02FE02FE02C8
:1068D000FE02FE02FE02FE02FE02FE02FE02FE02B8
:1068E000FE02FE02FE02FE02FE02FE02FE02FE02A8
:1068F000FE02FE02FE02FE02FE02FE02FE02FE0298
:10690000FE02FE02FE02FE02FE02FE02FE02FE0287
:10691000FE02FE02FE02FE02FE02FE02FE02FE0277
:10692000FE02FE02FE02FE02FE02FE02FE02FE0267
:10693000FE02FE02FE02FE02FE02FE02FE02FE0257
:10694000FE02FE02FE02FE02FE02FE02FE02FE0247
:10695000FE02FE02FE02FE02FE02FE02FE02FE0237
:10696000FE02FE02FE02FE02FE02FE02FE02FE0227
:10697000FE02FE02FE02FE02FE02FE02FE02FE0217
:10698000FE02FE02FE02FE02FE02FE02FE02FE0207
:10699000FE02FE02FE02FE02FE02FE02FE02FE02F7
:1069A000FE02FE02FE02FE02FE02FE02FE02FE02E7
:1069B000FE02FE02FE02FE02FE02FE02FE02FE02D7
:1069C000FE02FE02FE02FE02FE02FE02FE02FE02C7
:1069D000FE02FE02FE02FE02FE02FE02FE02FE02B7
:1069E000FE02FE02FE02FE02FE02FE02FE02FE02A7
:1069F000FE02FE02FE02FE02FE02FE02FE02FE0297
:106A0000FE02FE02FE02FE02FE02FE02FE02FE0286
:106A1000FE02FE02FE02FE02FE02FE02FE02FE0276
:106A2000FE02FE02FE02FE02FE02FE02FE02FE0266
:106A3000FE02FE02FE02FE02FE02FE02FE02FE0256
:106A4000FE02FE02FE02FE02FE02FE02FE02FE0246
:106A5000FE02FE02FE02FE02FE02FE02FE02FE0236
:106A6000FE02FE02FE02FE02FE02FE02FE02FE0226
:106A7000FE02FE02FE02FE02FE02FE02FE02FE0216
:106A8000FE02FE02FE02FE02FE02FE02FE02FE0206
:106A9000FE02FE02FE02FE02FE02FE02FE02FE02F6
:106AA000FE02FE02FE02FE02FE02FE02FE02FE02E6
:106AB000FE02FE02FE02FE02FE02FE02FE02FE02D6
:106AC000FE02FE02FE02FE02FE02FE02FE02FE02C6
:106AD000FE02FE02FE02FE02FE02FE02FE02FE02B6
:106AE000FE02FE02FE02FE02FE02FE02FE02FE02A6
:106AF000FE02FE02FE02FE02FE02FE02FE02FE0296
:106B0000FE02FE02FE02FE02FE02FE02FE02FE0285
:106B1000FE02FE02FE02FE02FE02FE02FE02FE0275
:106B2000FE02FE02FE02FE02FE02FE02FE02FE0265
:106B3000FE02FE02FE02FE02FE02FE02FE02FE0255
:106B4000FE02FE02FE02FE02FE02FE02FE02FE0245
:106B5000FE02FE02FE02FE02FE02FE02FE02FE0235
:106B6000FE02FE02FE02FE02FE02FE02FE02FE0225
:106B7000FE02FE02FE02FE02FE02FE02FE02FE0215
:106B8000FE02FE02FE02FE02FE02FE02FE02FE0205
:106B9000FE02FE02FE02FE02FE02FE02FE02FE02F5
:106BA000FE02FE02FE02FE02FE02FE02FE02FE02E5
:106BB000FE02FE02FE02FE02FE02FE02FE02FE02D5
:106BC000FE02FE02FE02FE02FE02FE02FE02FE02C5
:106BD000FE02FE02FE02FE02FE02FE02FE02FE02B5
:106BE000FE02FE02FE02FE02FE02FE02FE02FE02A5
:106BF000FE02FE02FE02FE02FE02FE02FE02FE0295
:106C0000FE02FE02FE02FE02FE02FE02FE02FE0284
:106C1000FE02FE02FE02FE02FE02FE02FE02FE0274
:106C2000FE02FE02FE02FE02FE02FE02FE02FE0264
:106C3000FE02FE02FE02FE02FE02FE02FE02FE0254
:106C4000FE02FE02FE02FE02FE02FE02FE02FE0244
:106C5000FE02FE02FE02FE02FE02FE02FE02FE0234
:106C6000FE02FE02FE02FE02FE02FE02FE02FE0224
:106C7000FE02FE02FE02FE02FE02FE02FE02FE0214
:106C8000FE02FE02FE02FE02FE02FE02FE02FE0204
:106C9000FE02FE02FE02FE02FE02FE02FE02FE02F4
:106CA000FE02FE02FE02FE02FE02FE02FE02FE02E4
:106CB000FE02FE02FE02FE02FE02FE02FE02FE02D4
:106CC000FE02FE02FE02FE02FE02FE02FE02FE02C4
:106CD000FE02FE02FE02FE02FE02FE02FE02FE02B4
:106CE000FE02FE02FE02FE02FE02FE02FE02FE02A4
:106CF000FE02FE02FE02FE02FE02FE02FE02FE0294
:106D0000FE02FE02FE02FE02FE02FE02FE02FE0283
:106D1000FE02FE02FE02FE02FE02FE02FE02FE0273
:106D2000FE02FE02FE02FE02FE02FE02FE02FE0263
:106D3000FE02FE02FE02FE02FE02FE02FE02FE0253
:106D4000FE02FE02FE02FE02FE02FE02FE02FE0243
:106D5000FE02FE02FE02FE02FE02FE02FE02FE0233
:106D6000FE02FE02FE02FE02FE02FE02FE02FE0223
:106D7000FE02FE02FE02FE02FE02FE02FE02FE0213
:106D8000FE02FE02FE02FE02FE02FE02FE02FE0203
:106D9000FE02FE02FE02FE02FE02FE02FE02FE02F3
:106DA000FE02FE02FE02FE02FE02FE02FE02FE02E3
:106DB000FE02FE02FE02FE02FE02FE02FE02FE02D3
:106DC000FE02FE02FE02FE02FE02FE02FE02FE02C3
:106DD000FE02FE02FE02FE02FE02FE02FE02FE02B3
:106DE000FE02FE02FE02FE02FE02FE02FE02FE02A3
:106DF000FE02FE02FE02FE02FE02FE02FE02FE0293
:106E0000FE02FE02FE02FE02FE02FE02FE02FE0282
:106E1000FE02FE02FE02FE02FE02FE02FE02FE0272
:106E2000FE02FE02FE02FE02FE02FE02FE02FE0262
:106E3000FE02FE02FE02FE02FE02FE02FE02FE0252
:106E4000FE02FE02FE02FE02FE02FE02FE02FE0242
:106E5000FE02FE02FE02FE02FE02FE02FE02FE0232
:106E6000FE02FE02FE02FE02FE02FE02FE02FE0222
:106E7000FE02FE02FE02FE02FE02FE02FE02FE0212
:106E8000FE02FE02FE02FE02FE02FE02FE02FE0202
:106E9000FE02FE02FE02FE02FE02FE02FE02FE02F2
:106EA000FE02FE02FE02FE02FE02FE02FE02FE02E2
:106EB000FE02FE02FE02FE02FE02FE02FE02FE02D2
:106EC000FE02FE02FE02FE02FE02FE02FE02FE02C2
:106ED000FE02FE02FE02FE02FE02FE02FE02FE02B2
:106EE000FE02FE02FE02FE02FE02FE02FE02FE02A2
:106EF000FE02FE02FE02FE02FE02FE02FE02FE0292
:106F0000FE02FE02FE02FE02FE02FE02FE02FE0281
:106F1000FE02FE02FE02FE02FE02FE02FE02FE0271
:106F2000FE02FE02FE02FE02FE02FE02FE02FE0261
:106F3000FE02FE02FE02FE02FE02FE02FE02FE0251
:106F4000FE02FE02FE02FE02FE02FE02FE02FE0241
:106F5000FE02FE02FE02FE02FE02FE02FE02FE0231
:106F6000FE02FE02FE02FE02FE02FE02FE02FE0221
:106F7000FE02FE02FE02FE02FE02FE02FE02FE0211
:106F8000FE02FE02FE02FE02FE02FE02FE02FE0201
:106F9000FE02FE02FE02FE02FE02FE02FE02FE02F1
:106FA000FE02FE02FE02FE02FE02FE02FE02FE02E1
:106FB000FE02FE02FE02FE02FE02FE02FE02FE02D1
:106FC000FE02FE02FE02FE02FE02FE02FE02FE02C1
:106FD000FE02FE02FE02FE02FE02FE02FE02FE02B1
:106FE000FE02FE02FE02FE02FE02FE02FE02FE02A1
:106FF000FE02FE02FE02FE02FE02FE02FE02FE0291
:10700000FE02FE02FE02FE02FE02FE02FE02FE0280
:10701000FE02FE02FE02FE02FE02FE02FE02FE0270
:10702000FE02FE02FE02FE02FE02FE02FE02FE0260
:10703000FE02FE02FE02FE02FE02FE02FE02FE0250
:10704000FE02FE02FE02FE02FE02FE02FE02FE0240
:10705000FE02FE02FE02FE02FE02FE02FE02FE0230
:10706000FE02FE02FE02FE02FE02FE02FE02FE0220
:10707000FE02FE02FE02FE02FE02FE02FE02FE0210
:10708000FE02FE02FE02FE02FE02FE02FE02FE0200
:10709000FE02FE02FE02FE02FE02FE02FE02FE02F0
:1070A000FE02FE02FE02FE02FE02FE02FE02FE02E0
:1070B000FE02FE02FE02FE02FE02FE02FE02FE02D0
:1070C000FE02FE02FE02FE02FE02FE02FE02FE02C0
:1070D000FE02FE02FE02FE02FE02FE02FE02FE02B0
:1070E000FE02FE02FE02FE02FE02FE02FE02FE02A0
:1070F000FE02FE02FE02FE02FE02FE02FE02FE0290
:10710000FE02FE02FE02FE02FE02FE02FE02FE027F
:10711000FE02FE02FE02FE02FE02FE02FE02FE026F
:10712000FE02FE02FE02FE02FE02FE02FE02FE025F
:10713000FE02FE02FE02FE02FE02FE02FE02FE024F
:10714000FE02FE02FE02FE02FE02FE02FE02FE023F
:10715000FE02FE02FE02FE02FE02FE02FE02FE022F
:10716000FE02FE02FE02FE02FE02FE02FE02FE021F
:10717000FE02FE02FE02FE02FE02FE02FE02FE020F
:10718000FE02FE02FE02FE02FE02FE02FE02FE02FF
:10719000FE02FE02FE02FE02FE02FE02FE02FE02EF
:1071A000FE02FE02FE02FE02FE02FE02FE02FE02DF
:1071B000FE02FE02FE02FE02FE02FE02FE02FE02CF
:1071C000FE02FE02FE02FE02FE02FE02FE02FE02BF
:1071D000FE02FE02FE02FE02FE02FE02FE02FE02AF
:1071E000FE02FE02FE02FE02FE02FE02FE02FE029F
:1071F000FE02FE02FE02FE02FE02FE02FE02FE028F
:10720000FE02FE02FE02FE02FE02FE02FE02FE027E
:10721000FE02FE02FE02FE02FE02FE02FE02FE026E
:10722000FE02FE02FE02FE02FE02FE02FE02FE025E
:10723000FE02FE02FE02FE02FE02FE02FE02FE024E
:10724000FE02FE02FE02FE02FE02FE02FE02FE023E
:10725000FE02FE02FE02FE02FE02FE02FE02FE022E
:10726000FE02FE02FE02FE02FE02FE02FE02FE021E
:10727000FE02FE02FE02FE02FE02FE02FE02FE020E
:10728000FE02FE02FE02FE02FE02FE02FE02FE02FE
:10729000FE02FE02FE02FE02FE02FE02FE02FE02EE
:1072A000FE02FE02FE02FE02FE02FE02FE02FE02DE
:1072B000FE02FE02FE02FE02FE02FE02FE02FE02CE
:1072C000FE02FE02FE02FE02FE02FE02FE02FE02BE
:1072D000FE02FE02FE02FE02FE02FE02FE02FE02AE
:1072E000FE02FE02FE02FE02FE02FE02FE02FE029E
:1072F000FE02FE02FE02FE02FE02FE02FE02FE028E
:10730000FE02FE02FE02FE02FE02FE02FE02FE027D
:10731000FE02FE02FE02FE02FE02FE02FE02FE026D
:10732000FE02FE02FE02FE02FE02FE02FE02FE025D
:10733000FE02FE02FE02FE02FE02FE02FE02FE024D
:10734000FE02FE02FE02FE02FE02FE02FE02FE023D
:10735000FE02FE02FE02FE02FE02FE02FE02FE022D
:10736000FE02FE02FE02FE02FE02FE02FE02FE021D
:10737000FE02FE02FE02FE02FE02FE02FE02FE020D
:10738000FE02FE02FE02FE02FE02FE02FE02FE02FD
:10739000FE02FE02FE02FE02FE02FE02FE02FE02ED
:1073A000FE02FE02FE02FE02FE02FE02FE02FE02DD
:1073B000FE02FE02FE02FE02FE02FE02FE02FE02CD
:1073C000FE02FE02FE02FE02FE02FE02FE02FE02BD
:1073D000FE02FE02FE02FE02FE02FE02FE02FE02AD
:1073E000FE02FE02FE02FE02FE02FE02FE02FE029D
:1073F000FE02FE02FE02FE02FE02FE02FE02FE028D
:10740000FE02FE02FE02FE02FE02FE02FE02FE027C
:10741000FE02FE02FE02FE02FE02FE02FE02FE026C
:10742000FE02FE02FE02FE02FE02FE02FE02FE025C
:10743000FE02FE02FE02FE02FE02FE02FE02FE024C
:10744000FE02FE02FE02FE02FE02FE02FE02FE023C
:10745000FE02FE02FE02FE02FE02FE02FE02FE022C
:10746000FE02FE02FE02FE02FE02FE02FE02FE021C
:10747000FE02FE02FE02FE02FE02FE02FE02FE020C
:10748000FE02FE02FE02FE02FE02FE02FE02FE02FC
:10749000FE02FE02FE02FE02FE02FE02FE02FE02EC
:1074A000FE02FE02FE02FE02FE02FE02FE02FE02DC
:1074B000FE02FE02FE02FE02FE02FE02FE02FE02CC
:1074C000FE02FE02FE02FE02FE02FE02FE02FE02BC
:1074D000FE02FE02FE02FE02FE02FE02FE02FE02AC
:1074E000FE02FE02FE02FE02FE02FE02FE02FE029C
:1074F000FE02FE02FE02FE02FE02FE02FE02FE028C
:10750000FE02FE02FE02FE02FE02FE02FE02FE027B
:10751000FE02FE02FE02FE02FE02FE02FE02FE026B
:10752000FE02FE02FE02FE02FE02FE02FE02FE025B
:10753000FE02FE02FE02FE02FE02FE02FE02FE024B
:10754000FE02FE02FE02FE02FE02FE02FE02FE023B
:10755000FE02FE02FE02FE02FE02FE02FE02FE022B
:10756000FE02FE02FE02FE02FE02FE02FE02FE021B
:10757000FE02FE02FE02FE02FE02FE02FE02FE020B
:10758000FE02FE02FE02FE02FE02FE02FE02FE02FB
:10759000FE02FE02FE02FE02FE02FE02FE02FE02EB
:1075A000FE02FE02FE02FE02FE02FE02FE02FE02DB
:1075B000FE02FE02FE02FE02FE02FE02FE02FE02CB
:1075C000FE02FE02FE02FE02FE02FE02FE02FE02BB
:1075D000FE02FE02FE02FE02FE02FE02FE02FE02AB
:1075E000FE02FE02FE02FE02FE02FE02FE02FE029B
:1075F000FE02FE02FE02FE02FE02FE02FE02FE028B
:10760000FE02FE02FE02FE02FE02FE02FE02FE027A
:10761000FE02FE02FE02FE02FE02FE02FE02FE026A
:10762000FE02FE02FE02FE02FE02FE02FE02FE025A
:10763000FE02FE02FE02FE02FE02FE02FE02FE024A
:10764000FE02FE02FE02FE02FE02FE02FE02FE023A
:10765000FE02FE02FE02FE02FE02FE02FE02FE022A
:10766000FE02FE02FE02FE02FE02FE02FE02FE021A
:10767000FE02FE02FE02FE02FE02FE02FE02FE020A
:10768000FE02FE02FE02FE02FE02FE02FE02FE02FA
:10769000FE02FE02FE02FE02FE02FE02FE02FE02EA
:1076A000FE02FE02FE02FE02FE02FE02FE02FE02DA
:1076B000FE02FE02FE02FE02FE02FE02FE02FE02CA
:1076C000FE02FE02FE02FE02FE02FE02FE02FE02BA
:1076D000FE02FE02FE02FE02FE02FE02FE02FE02AA
:1076E000FE02FE02FE02FE02FE02FE02FE02FE029A
:1076F000FE02FE02FE02FE02FE02FE02FE02FE028A
:10770000FE02FE02FE02FE02FE02FE02FE02FE0279
:10771000FE02FE02FE02FE02FE02FE02FE02FE0269
:10772000FE02FE02FE02FE02FE02FE02FE02FE0259
:10773000FE02FE02FE02FE02FE02FE02FE02FE0249
:10774000FE02FE02FE02FE02FE02FE02FE02FE0239
:10775000FE02FE02FE02FE02FE02FE02FE02FE0229
:10776000FE02FE02FE02FE02FE02FE02FE02FE0219
:10777000FE02FE02FE02FE02FE02FE02FE02FE0209
:10778000FE02FE02FE02FE02FE02FE02FE02FE02F9
:10779000FE02FE02FE02FE02FE02FE02FE02FE02E9
:1077A000FE02FE02FE02FE02FE02FE02FE02FE02D9
:1077B000FE02FE02FE02FE02FE02FE02FE02FE02C9
:1077C000FE02FE02FE02FE02FE02FE02FE02FE02B9
:1077D000FE02FE02FE02FE02FE02FE02FE02FE02A9
:1077E000FE02FE02FE02FE02FE02FE02FE02FE0299
:1077F000FE02FE02FE02FE02FE02FE02FE02FE0289
:10780000FE02FE02FE02FE02FE02FE02FE02FE0278
:10781000FE02FE02FE02FE02FE02FE02FE02FE0268
:10782000FE02FE02FE02FE02FE02FE02FE02FE0258
:10783000FE02FE02FE02FE02FE02FE02FE02FE0248
:10784000FE02FE02FE02FE02FE02FE02FE02FE0238
:10785000FE02FE02FE02FE02FE02FE02FE02FE0228
:10786000FE02FE02FE02FE02FE02FE02FE02FE0218
:10787000FE02FE02FE02FE02FE02FE02FE02FE0208
:10788000FE02FE02FE02FE02FE02FE02FE02FE02F8
:10789000FE02FE02FE02FE02FE02FE02FE02FE02E8
:1078A000FE02FE02FE02FE02FE02FE02FE02FE02D8
:1078B000FE02FE02FE02FE02FE02FE02FE02FE02C8
:1078C000FE02FE02FE02FE02FE02FE02FE02FE02B8
:1078D000FE02FE02FE02FE02FE02FE02FE02FE02A8
:1078E000FE02FE02FE02FE02FE02FE02FE02FE0298
:1078F000FE02FE02FE02FE02FE02FE02FE02FE0288
:10790000FE02FE02FE02FE02FE02FE02FE02FE0277
:10791000FE02FE02FE02FE02FE02FE02FE02FE0267
:10792000FE02FE02FE02FE02FE02FE02FE02FE0257
:10793000FE02FE02FE02FE02FE02FE02FE02FE0247
:10794000FE02FE02FE02FE02FE02FE02FE02FE0237
:10795000FE02FE02FE02FE02FE02FE02FE02FE0227
:10796000FE02FE02FE02FE02FE02FE02FE02FE0217
:10797000FE02FE02FE02FE02FE02FE02FE02FE0207
:10798000FE02FE02FE02FE02FE02FE02FE02FE02F7
:10799000FE02FE02FE02FE02FE02FE02FE02FE02E7
:1079A000FE02FE02FE02FE02FE02FE02FE02FE02D7
:1079B000FE02FE02FE02FE02FE02FE02FE02FE02C7
:1079C000FE02FE02FE02FE02FE02FE02FE02FE02B7
:1079D000FE02FE02FE02FE02FE02FE02FE02FE02A7
:1079E000FE02FE02FE02FE02FE02FE02FE02FE0297
:1079F000FE02FE02FE02FE02FE02FE02FE02FE0287
:107A0000FE02FE02FE02FE02FE02FE02FE02FE0276
:107A1000FE02FE02FE02FE02FE02FE02FE02FE0266
:107A2000FE02FE02FE02FE02FE02FE02FE02FE0256
:107A3000FE02FE02FE02FE02FE02FE02FE02FE0246
:107A4000FE02FE02FE02FE02FE02FE02FE02FE0236
:107A5000FE02FE02FE02FE02FE02FE02FE02FE0226
:107A6000FE02FE02FE02FE02FE02FE02FE02FE0216
:107A7000FE02FE02FE02FE02FE02FE02FE02FE0206
:107A8000FE02FE02FE02FE02FE02FE02FE02FE02F6
:107A9000FE02FE02FE02FE02FE02FE02FE02FE02E6
:107AA000FE02FE02FE02FE02FE02FE02FE02FE02D6
:107AB000FE02FE02FE02FE02FE02FE02FE02FE02C6
:107AC000FE02FE02FE02FE02FE02FE02FE02FE02B6
:107AD000FE02FE02FE02FE02FE02FE02FE02FE02A6
:107AE000FE02FE02FE02FE02FE02FE02FE02FE0296
:107AF000FE02FE02FE02FE02FE02FE02FE02FE0286
:107B0000FE02FE02FE02FE02FE02FE02FE02FE0275
:107B1000FE02FE02FE02FE02FE02FE02FE02FE0265
:107B2000FE02FE02FE02FE02FE02FE02FE02FE0255
:107B3000FE02FE02FE02FE02FE02FE02FE02FE0245
:107B4000FE02FE02FE02FE02FE02FE02FE02FE0235
:107B5000FE02FE02FE02FE02FE02FE02FE02FE0225
:107B6000FE02FE02FE02FE02FE02FE02FE02FE0215
:107B7000FE02FE02FE02FE02FE02FE02FE02FE0205
:107B8000FE02FE02FE02FE02FE02FE02FE02FE02F5
:107B9000FE02FE02FE02FE02FE02FE02FE02FE02E5
:107BA000FE02FE02FE02FE02FE02FE02FE02FE02D5
:107BB000FE02FE02FE02FE02FE02FE02FE02FE02C5
:107BC000FE02FE02FE02FE02FE02FE02FE02FE02B5
:107BD000FE02FE02FE02FE02FE02FE02FE02FE02A5
:107BE000FE02FE02FE02FE02FE02FE02FE02FE0295
:107BF000FE02FE02FE02FE02FE02FE02FE02FE0285
:107C0000FE02FE02FE02FE02FE02FE02FE02FE0274
:107C1000FE02FE02FE02FE02FE02FE02FE02FE0264
:107C2000FE02FE02FE02FE02FE02FE02FE02FE0254
:107C3000FE02FE02FE02FE02FE02FE02FE02FE0244
:107C4000FE02FE02FE02FE02FE02FE02FE02FE0234
:107C5000FE02FE02FE02FE02FE02FE02FE02FE0224
:107C6000FE02FE02FE02FE02FE02FE02FE02FE0214
:107C7000FE02FE02FE02FE02FE02FE02FE02FE0204
:107C8000FE02FE02FE02FE02FE02FE02FE02FE02F4
:107C9000FE02FE02FE02FE02FE02FE02FE02FE02E4
:107CA000FE02FE02FE02FE02FE02FE02FE02FE02D4
:107CB000FE02FE02FE02FE02FE02FE02FE02FE02C4
:107CC000FE02FE02FE02FE02FE02FE02FE02FE02B4
:107CD000FE02FE02FE02FE02FE02FE02FE02FE02A4
:107CE000FE02FE02FE02FE02FE02FE02FE02FE0294
:107CF000FE02FE02FE02FE02FE02FE02FE02FE0284
:107D0000FE02FE02FE02FE02FE02FE02FE02FE0273
:107D1000FE02FE02FE02FE02FE02FE02FE02FE0263
:107D2000FE02FE02FE02FE02FE02FE02FE02FE0253
:107D3000FE02FE02FE02FE02FE02FE02FE02FE0243
:107D4000FE02FE02FE02FE02FE02FE02FE02FE0233
:107D5000FE02FE02FE02FE02FE02FE02FE02FE0223
:107D6000FE02FE02FE02FE02FE02FE02FE02FE0213
:107D7000FE02FE02FE02FE02FE02FE02FE02FE0203
:107D8000FE02FE02FE02FE02FE02FE02FE02FE02F3
:107D9000FE02FE02FE02FE02FE02FE02FE02FE02E3
:107DA000FE02FE02FE02FE02FE02FE02FE02FE02D3
:107DB000FE02FE02FE02FE02FE02FE02FE02FE02C3
:107DC000FE02FE02FE02FE02FE02FE02FE02FE02B3
:107DD000FE02FE02FE02FE02FE02FE02FE02FE02A3
:107DE000FE02FE02FE02FE02FE02FE02FE02FE0293
:107DF000FE02FE02FE02FE02FE02FE02FE02FE0283
:107E0000FE02FE02FE02FE02FE02FE02FE02FE0272
:107E1000FE02FE02FE02FE02FE02FE02FE02FE0262
:107E2000FE02FE02FE02FE02FE02FE02FE02FE0252
:107E3000FE02FE02FE02FE02FE02FE02FE02FE0242
:107E4000FE02FE02FE02FE02FE02FE02FE02FE0232
:107E5000FE02FE02FE02FE02FE02FE02FE02FE0222
:107E6000FE02FE02FE02FE02FE02FE02FE02FE0212
:107E7000FE02FE02FE02FE02FE02FE02FE02FE0202
:107E8000FE02FE02FE02FE02FE02FE02FE02FE02F2
:107E9000FE02FE02FE02FE02FE02FE02FE02FE02E2
:107EA000FE02FE02FE02FE02FE02FE02FE02FE02D2
:107EB000FE02FE02FE02FE02FE02FE02FE02FE02C2
:107EC000FE02FE02FE02FE02FE02FE02FE02FE02B2
:107ED000FE02FE02FE02FE02FE02FE02FE02FE02A2
:107EE000FE02FE02FE02FE02FE02FE02FE02FE0292
:107EF000FE02FE02FE02FE02FE02FE02FE02FE0282
:107F0000FE02FE02FE02FE02FE02FE02FE02FE0271
:107F1000FE02FE02FE02FE02FE02FE02FE02FE0261
:107F2000FE02FE02FE02FE02FE02FE02FE02FE0251
:107F3000FE02FE02FE02FE02FE02FE02FE02FE0241
:107F4000FE02FE02FE02FE02FE02FE02FE02FE0231
:107F5000FE02FE02FE02FE02FE02FE02FE02FE0221
:107F6000FE02FE02FE02FE02FE02FE02FE02FE0211
:107F7000FE02FE02FE02FE02FE02FE02FE02FE0201
:107F8000FE02FE02FE02FE02FE02FE02FE02FE02F1
:107F9000FE02FE02FE02FE02FE02FE02FE02FE02E1
:107FA000FE02FE02FE02FE02FE02FE02FE02FE02D1
:107FB000FE02FE02FE02FE02FE02FE02FE02FE02C1
:107FC000FE02FE02FE02FE02FE02FE02FE02FE02B1
:107FD000FE02FE02FE02FE02FE02FE02FE02FE02A1
:107FE000FE02FE02FE02FE02FE02FE02FE02FE0291
:107FF000FE02FE02FE02FE02FE02FE02FE02FE0281
:10800000FE02FE02FE02FE02FE02FE02FE02FE0270
:10801000FE02FE02FE02FE02FE02FE02FE02FE0260
:10802000FE02FE02FE02FE02FE02FE02FE02FE0250
:10803000FE02FE02FE02FE02FE02FE02FE02FE0240
:10804000FE02FE02FE02FE02FE02FE02FE02FE0230
:10805000FE02FE02FE02FE02FE02FE02FE02FE0220
:10806000FE02FE02FE02FE02FE02FE02FE02FE0210
:10807000FE02FE02FE02FE02FE02FE02FE02FE0200
:10808000FE02FE02FE02FE02FE02FE02FE02FE02F0
:10809000FE02FE02FE02FE02FE02FE02FE02FE02E0
:1080A000FE02FE02FE02FE02FE02FE02FE02FE02D0
:1080B000FE02FE02FE02FE02FE02FE02FE02FE02C0
:1080C000FE02FE02FE02FE02FE02FE02FE02FE02B0
:1080D000FE02FE02FE02FE02FE02FE02FE02FE02A0
:1080E000FE02FE02FE02FE02FE02FE02FE02FE0290
:1080F000FE02FE02FE02FE02FE02FE02FE02FE0280
:10810000FE02FE02FE02FE02FE02FE02FE02FE026F
:10811000FE02FE02FE02FE02FE02FE02FE02FE025F
:10812000FE02FE02FE02FE02FE02FE02FE02FE024F
:10813000FE02FE02FE02FE02FE02FE02FE02FE023F
:10814000FE02FE02FE02FE02FE02FE02FE02FE022F
:10815000FE02FE02FE02FE02FE02FE02FE02FE021F
:10816000FE02FE02FE02FE02FE02FE02FE02FE020F
:10817000FE02FE02FE02FE02FE02FE02FE02FE02FF
:10818000FE02FE02FE02FE02FE02FE02FE02FE02EF
:10819000FE02FE02FE02FE02FE02FE02FE02FE02DF
:1081A000FE02FE02FE02FE02FE02FE02FE02FE02CF
:1081B000FE02FE02FE02FE02FE02FE02FE02FE02BF
:1081C000FE02FE02FE02FE02FE02FE02FE02FE02AF
:1081D000FE02FE02FE02FE02FE02FE02FE02FE029F
:1081E000FE02FE02FE02FE02FE02FE02FE02FE028F
:1081F000FE02FE02FE02FE02FE02FE02FE02FE027F
:10820000FE02FE02FE02FE02FE02FE02FE02FE026E
:10821000FE02FE02FE02FE02FE02FE02FE02FE025E
:10822000FE02FE02FE02FE02FE02FE02FE02FE024E
:10823000FE02FE02FE02FE02FE02FE02FE02FE023E
:10824000FE02FE02FE02FE02FE02FE02FE02FE022E
:10825000FE02FE02FE02FE02FE02FE02FE02FE021E
:10826000FE02FE02FE02FE02FE02FE02FE02FE020E
:10827000FE02FE02FE02FE02FE02FE02FE02FE02FE
:10828000FE02FE02FE02FE02FE02FE02FE02FE02EE
:10829000FE02FE02FE02FE02FE02FE02FE02FE02DE
:1082A000FE02FE02FE02FE02FE02FE02FE02FE02CE
:1082B000FE02FE02FE02FE02FE02FE02FE02FE02BE
:1082C000FE02FE02FE02FE02FE02FE02FE02FE02AE
:1082D000FE02FE02FE02FE02FE02FE02FE02FE029E
:1082E000FE02FE02FE02FE02FE02FE02FE02FE028E
:1082F000FE02FE02FE02FE02FE02FE02FE02FE027E
:10830000FE02FE02FE02FE02FE02FE02FE02FE026D
:10831000FE02FE02FE02FE02FE02FE02FE02FE025D
:10832000FE02FE02FE02FE02FE02FE02FE02FE024D
:10833000FE02FE02FE02FE02FE02FE02FE02FE023D
:10834000FE02FE02FE02FE02FE02FE02FE02FE022D
:10835000FE02FE02FE02FE02FE02FE02FE02FE021D
:10836000FE02FE02FE02FE02FE02FE02FE02FE020D
:10837000FE02FE02FE02FE02FE02FE02FE02FE02FD
:10838000FE02FE02FE02FE02FE02FE02FE02FE02ED
:10839000FE02FE02FE02FE02FE02FE02FE02FE02DD
:1083A000FE02FE02FE02FE02FE02FE02FE02FE02CD
:1083B000FE02FE02FE02FE02FE02FE02FE02FE02BD
:1083C000FE02FE02FE02FE02FE02FE02FE02FE02AD
:1083D000FE02FE02FE02FE02FE02FE02FE02FE029D
:1083E000FE02FE02FE02FE02FE02FE02FE02FE028D
:1083F000FE02FE02FE02FE02FE02FE02FE02FE027D
:10840000FE02FE02FE02FE02FE02FE02FE02FE026C
:10841000FE02FE02FE02FE02FE02FE02FE02FE025C
:10842000FE02FE02FE02FE02FE02FE02FE02FE024C
:10843000FE02FE02FE02FE02FE02FE02FE02FE023C
:10844000FE02FE02FE02FE02FE02FE02FE02FE022C
:10845000FE02FE02FE02FE02FE02FE02FE02FE021C
:10846000FE02FE02FE02FE02FE02FE02FE02FE020C
:10847000FE02FE02FE02FE02FE02FE02FE02FE02FC
:10848000FE02FE02FE02FE02FE02FE02FE02FE02EC
:10849000FE02FE02FE02FE02FE02FE02FE02FE02DC
:1084A000FE02FE02FE02FE02FE02FE02FE02FE02CC
:1084B000FE02FE02FE02FE02FE02FE02FE02FE02BC
:1084C000FE02FE02FE02FE02FE02FE02FE02FE02AC
:1084D000FE02FE02FE02FE02FE02FE02FE02FE029C
:1084E000FE02FE02FE02FE02FE02FE02FE02FE028C
:1084F000FE02FE02FE02FE02FE02FE02FE02FE027C
:10850000FE02FE02FE02FE02FE02FE02FE02FE026B
:10851000FE02FE02FE02FE02FE02FE02FE02FE025B
:10852000FE02FE02FE02FE02FE02FE02FE02FE024B
:10853000FE02FE02FE02FE02FE02FE02FE02FE023B
:10854000FE02FE02FE02FE02FE02FE02FE02FE022B
:10855000FE02FE02FE02FE02FE02FE02FE02FE021B
:10856000FE02FE02FE02FE02FE02FE02FE02FE020B
:10857000FE02FE02FE02FE02FE02FE02FE02FE02FB
:10858000FE02FE02FE02FE02FE02FE02FE02FE02EB
:10859000FE02FE02FE02FE02FE02FE02FE02FE02DB
:1085A000FE02FE02FE02FE02FE02FE02FE02FE02CB
:1085B000FE02FE02FE02FE02FE02FE02FE02FE02BB
:1085C000FE02FE02FE02FE02FE02FE02FE02FE02AB
:1085D000FE02FE02FE02FE02FE02FE02FE02FE029B
:1085E000FE02FE02FE02FE02FE02FE02FE02FE028B
:1085F000FE02FE02FE02FE02FE02FE02FE02FE027B
:10860000FE02FE02FE02FE02FE02FE02FE02FE026A
:10861000FE02FE02FE02FE02FE02FE02FE02FE025A
:10862000FE02FE02FE02FE02FE02FE02FE02FE024A
:10863000FE02FE02FE02FE02FE02FE02FE02FE023A
:10864000FE02FE02FE02FE02FE02FE02FE02FE022A
:10865000FE02FE02FE02FE02FE02FE02FE02FE021A
:10866000FE02FE02FE02FE02FE02FE02FE02FE020A
:10867000FE02FE02FE02FE02FE02FE02FE02FE02FA
:10868000FE02FE02FE02FE02FE02FE02FE02FE02EA
:10869000FE02FE02FE02FE02FE02FE02FE02FE02DA
:1086A000FE02FE02FE02FE02FE02FE02FE02FE02CA
:1086B000FE02FE02FE02FE02FE02FE02FE02FE02BA
:1086C000FE02FE02FE02FE02FE02FE02FE02FE02AA
:1086D000FE02FE02FE02FE02FE02FE02FE02FE029A
:1086E000FE02FE02FE02FE02FE02FE02FE02FE028A
:1086F000FE02FE02FE02FE02FE02FE02FE02FE027A
:10870000FE02FE02FE02FE02FE02FE02FE02FE0269
:10871000FE02FE02FE02FE02FE02FE02FE02FE0259
:10872000FE02FE02FE02FE02FE02FE02FE02FE0249
:10873000FE02FE02FE02FE02FE02FE02FE02FE0239
:10874000FE02FE02FE02FE02FE02FE02FE02FE0229
:10875000FE02FE02FE02FE02FE02FE02FE02FE0219
:10876000FE02FE02FE02FE02FE02FE02FE02FE0209
:10877000FE02FE02FE02FE02FE02FE02FE02FE02F9
:10878000FE02FE02FE02FE02FE02FE02FE02FE02E9
:10879000FE02FE02FE02FE02FE02FE02FE02FE02D9
:1087A000FE02FE02FE02FE02FE02FE02FE02FE02C9
:1087B000FE02FE02FE02FE02FE02FE02FE02FE02B9
:1087C000FE02FE02FE02FE02FE02FE02FE02FE02A9
:1087D000FE02FE02FE02FE02FE02FE02FE02FE0299
:1087E000FE02FE02FE02FE02FE02FE02FE02FE0289
:1087F000FE02FE02FE02FE02FE02FE02FE02FE0279
:10880000FE02FE02FE02FE02FE02FE02FE02FE0268
:10881000FE02FE02FE02FE02FE02FE02FE02FE0258
:10882000FE02FE02FE02FE02FE02FE02FE02FE0248
:10883000FE02FE02FE02FE02FE02FE02FE02FE0238
:10884000FE02FE02FE02FE02FE02FE02FE02FE0228
:10885000FE02FE02FE02FE02FE02FE02FE02FE0218
:10886000FE02FE02FE02FE02FE02FE02FE02FE0208
:10887000FE02FE02FE02FE02FE02FE02FE02FE02F8
:10888000FE02FE02FE02FE02FE02FE02FE02FE02E8
:10889000FE02FE02FE02FE02FE02FE02FE02FE02D8
:1088A000FE02FE02FE02FE02FE02FE02FE02FE02C8
:1088B000FE02FE02FE02FE02FE02FE02FE02FE02B8
:1088C000FE02FE02FE02FE02FE02FE02FE02FE02A8
:1088D000FE02FE02FE02FE02FE02FE02FE02FE0298
:1088E000FE02FE02FE02FE02FE02FE02FE02FE0288
:1088F000FE02FE02FE02FE02FE02FE02FE02FE0278
:10890000FE02FE02FE02FE02FE02FE02FE02FE0267
:10891000FE02FE02FE02FE02FE02FE02FE02FE0257
:10892000FE02FE02FE02FE02FE02FE02FE02FE0247
:10893000FE02FE02FE02FE02FE02FE02FE02FE0237
:10894000FE02FE02FE02FE02FE02FE02FE02FE0227
:10895000FE02FE02FE02FE02FE02FE02FE02FE0217
:10896000FE02FE02FE02FE02FE02FE02FE02FE0207
:10897000FE02FE02FE02FE02FE02FE02FE02FE02F7
:10898000FE02FE02FE02FE02FE02FE02FE02FE02E7
:10899000FE02FE02FE02FE02FE02FE02FE02FE02D7
:1089A000FE02FE02FE02FE02FE02FE02FE02FE02C7
:1089B000FE02FE02FE02FE02FE02FE02FE02FE02B7
:1089C000FE02FE02FE02FE02FE02FE02FE02FE02A7
:1089D000FE02FE02FE02FE02FE02FE02FE02FE0297
:1089E000FE02FE02FE02FE02FE02FE02FE02FE0287
:1089F000FE02FE02FE02FE02FE02FE02FE02FE0277
:108A0000FE02FE02FE02FE02FE02FE02FE02FE0266
:108A1000FE02FE02FE02FE02FE02FE02FE02FE0256
:108A2000FE02FE02FE02FE02FE02FE02FE02FE0246
:108A3000FE02FE02FE02FE02FE02FE02FE02FE0236
:108A4000FE02FE02FE02FE02FE02FE02FE02FE0226
:108A5000FE02FE02FE02FE02FE02FE02FE02FE0216
:108A6000FE02FE02FE02FE02FE02FE02FE02FE0206
:108A7000FE02FE02FE02FE02FE02FE02FE02FE02F6
:108A8000FE02FE02FE02FE02FE02FE02FE02FE02E6
:108A9000FE02FE02FE02FE02FE02FE02FE02FE02D6
:108AA000FE02FE02FE02FE02FE02FE02FE02FE02C6
:108AB000FE02FE02FE02FE02FE02FE02FE02FE02B6
:108AC000FE02FE02FE02FE02FE02FE02FE02FE02A6
:108AD000FE02FE02FE02FE02FE02FE02FE02FE0296
:108AE000FE02FE02FE02FE02FE02FE02FE02FE0286
:108AF000FE02FE02FE02FE02FE02FE02FE02FE0276
:108B0000FE02FE02FE02FE02FE02FE02FE02FE0265
:108B1000FE02FE02FE02FE02FE02FE02FE02FE0255
:108B2000FE02FE02FE02FE02FE02FE02FE02FE0245
:108B3000FE02FE02FE02FE02FE02FE02FE02FE0235
:108B4000FE02FE02FE02FE02FE02FE02FE02FE0225
:108B5000FE02FE02FE02FE02FE02FE02FE02FE0215
:108B6000FE02FE02FE02FE02FE02FE02FE02FE0205
:108B7000FE02FE02FE02FE02FE02FE02FE02FE02F5
:108B8000FE02FE02FE02FE02FE02FE02FE02FE02E5
:108B9000FE02FE02FE02FE02FE02FE02FE02FE02D5
:108BA000FE02FE02FE02FE02FE02FE02FE02FE02C5
:108BB000FE02FE02FE02FE02FE02FE02FE02FE02B5
:108BC000FE02FE02FE02FE02FE02FE02FE02FE02A5
:108BD000FE02FE02FE02FE02FE02FE02FE02FE0295
:108BE000FE02FE02FE02FE02FE02FE02FE02FE0285
:108BF000FE02FE02FE02FE02FE02FE02FE02FE0275
:108C0000FE02FE02FE02FE02FE02FE02FE02FE0264
:108C1000FE02FE02FE02FE02FE02FE02FE02FE0254
:108C2000FE02FE02FE02FE02FE02FE02FE02FE0244
:108C3000FE02FE02FE02FE02FE02FE02FE02FE0234
:108C4000FE02FE02FE02FE02FE02FE02FE02FE0224
:108C5000FE02FE02FE02FE02FE02FE02FE02FE0214
:108C6000FE02FE02FE02FE02FE02FE02FE02FE0204
:108C7000FE02FE02FE02FE02FE02FE02FE02FE02F4
:108C8000FE02FE02FE02FE02FE02FE02FE02FE02E4
:108C9000FE02FE02FE02FE02FE02FE02FE02FE02D4
:108CA000FE02FE02FE02FE02FE02FE02FE02FE02C4
:108CB000FE02FE02FE02FE02FE02FE02FE02FE02B4
:108CC000FE02FE02FE02FE02FE02FE02FE02FE02A4
:108CD000FE02FE02FE02FE02FE02FE02FE02FE0294
:108CE000FE02FE02FE02FE02FE02FE02FE02FE0284
:108CF000FE02FE02FE02FE02FE02FE02FE02FE0274
:108D0000FE02FE02FE02FE02FE02FE02FE02FE0263
:108D1000FE02FE02FE02FE02FE02FE02FE02FE0253
:108D2000FE02FE02FE02FE02FE02FE02FE02FE0243
:108D3000FE02FE02FE02FE02FE02FE02FE02FE0233
:108D4000FE02FE02FE02FE02FE02FE02FE02FE0223
:108D5000FE02FE02FE02FE02FE02FE02FE02FE0213
:108D6000FE02FE02FE02FE02FE02FE02FE02FE0203
:108D7000FE02FE02FE02FE02FE02FE02FE02FE02F3
:108D8000FE02FE02FE02FE02FE02FE02FE02FE02E3
:108D9000FE02FE02FE02FE02FE02FE02FE02FE02D3
:108DA000FE02FE02FE02FE02FE02FE02FE02FE02C3
:108DB000FE02FE02FE02FE02FE02FE02FE02FE02B3
:108DC000FE02FE02FE02FE02FE02FE02FE02FE02A3
:108DD000FE02FE02FE02FE02FE02FE02FE02FE0293
:108DE000FE02FE02FE02FE02FE02FE02FE02FE0283
:108DF000FE02FE02FE02FE02FE02FE02FE02FE0273
:108E0000FE02FE02FE02FE02FE02FE02FE02FE0262
:108E1000FE02FE02FE02FE02FE02FE02FE02FE0252
:108E2000FE02FE02FE02FE02FE02FE02FE02FE0242
:108E3000FE02FE02FE02FE02FE02FE02FE02FE0232
:108E4000FE02FE02FE02FE02FE02FE02FE02FE0222
:108E5000FE02FE02FE02FE02FE02FE02FE02FE0212
:108E6000FE02FE02FE02FE02FE02FE02FE02FE0202
:108E7000FE02FE02FE02FE02FE02FE02FE02FE02F2
:108E8000FE02FE02FE02FE02FE02FE02FE02FE02E2
:108E9000FE02FE02FE02FE02FE02FE02FE02FE02D2
:108EA000FE02FE02FE02FE02FE02FE02FE02FE02C2
:108EB000FE02FE02FE02FE02FE02FE02FE02FE02B2
:108EC000FE02FE02FE02FE02FE02FE02FE02FE02A2
:108ED000FE02FE02FE02FE02FE02FE02FE02FE0292
:108EE000FE02FE02FE02FE02FE02FE02FE02FE0282
:108EF000FE02FE02FE02FE02FE02FE02FE02FE0272
:108F0000FE02FE02FE02FE02FE02FE02FE02FE0261
:108F1000FE02FE02FE02FE02FE02FE02FE02FE0251
:108F2000FE02FE02FE02FE02FE02FE02FE02FE0241
:108F3000FE02FE02FE02FE02FE02FE02FE02FE0231
:108F4000FE02FE02FE02FE02FE02FE02FE02FE0221
:108F5000FE02FE02FE02FE02FE02FE02FE02FE0211
:108F6000FE02FE02FE02FE02FE02FE02FE02FE0201
:108F7000FE02FE02FE02FE02FE02FE02FE02FE02F1
:108F8000FE02FE02FE02FE02FE02FE02FE02FE02E1
:108F9000FE02FE02FE02FE02FE02FE02FE02FE02D1
:108FA000FE02FE02FE02FE02FE02FE02FE02FE02C1
:108FB000FE02FE02FE02FE02FE02FE02FE02FE02B1
:108FC000FE02FE02FE02FE02FE02FE02FE02FE02A1
:108FD000FE02FE02FE02FE02FE02FE02FE02FE0291
:108FE000FE02FE02FE02FE02FE02FE02FE02FE0281
:108FF000FE02FE02FE02FE02FE02FE02FE02FE0271
:10900000FE02FE02FE02FE02FE02FE02FE02FE0260
:10901000FE02FE02FE02FE02FE02FE02FE02FE0250
:10902000FE02FE02FE02FE02FE02FE02FE02FE0240
:10903000FE02FE02FE02FE02FE02FE02FE02FE0230
:10904000FE02FE02FE02FE02FE02FE02FE02FE0220
:10905000FE02FE02FE02FE02FE02FE02FE02FE0210
:10906000FE02FE02FE02FE02FE02FE02FE02FE0200
:10907000FE02FE02FE02FE02FE02FE02FE02FE02F0
:10908000FE02FE02FE02FE02FE02FE02FE02FE02E0
:10909000FE02FE02FE02FE02FE02FE02FE02FE02D0
:1090A000FE02FE02FE02FE02FE02FE02FE02FE02C0
:1090B000FE02FE02FE02FE02FE02FE02FE02FE02B0
:1090C000FE02FE02FE02FE02FE02FE02FE02FE02A0
:1090D000FE02FE02FE02FE02FE02FE02FE02FE0290
:1090E000FE02FE02FE02FE02FE02FE02FE02FE0280
:1090F000FE02FE02FE02FE02FE02FE02FE02FE0270
:10910000FE02FE02FE02FE02FE02FE02FE02FE025F
:10911000FE02FE02FE02FE02FE02FE02FE02FE024F
:10912000FE02FE02FE02FE02FE02FE02FE02FE023F
:10913000FE02FE02FE02FE02FE02FE02FE02FE022F
:10914000FE02FE02FE02FE02FE02FE02FE02FE021F
:10915000FE02FE02FE02FE02FE02FE02FE02FE020F
:10916000FE02FE02FE02FE02FE02FE02FE02FE02FF
:10917000FE02FE02FE02FE02FE02FE02FE02FE02EF
:10918000FE02FE02FE02FE02FE02FE02FE02FE02DF
:10919000FE02FE02FE02FE02FE02FE02FE02FE02CF
:1091A000FE02FE02FE02FE02FE02FE02FE02FE02BF
:1091B000FE02FE02FE02FE02FE02FE02FE02FE02AF
:1091C000FE02FE02FE02FE02FE02FE02FE02FE029F
:1091D000FE02FE02FE02FE02FE02FE02FE02FE028F
:1091E000FE02FE02FE02FE02FE02FE02FE02FE027F
:1091F000FE02FE02FE02FE02FE02FE02FE02FE026F
:10920000FE02FE02FE02FE02FE02FE02FE02FE025E
:10921000FE02FE02FE02FE02FE02FE02FE02FE024E
:10922000FE02FE02FE02FE02FE02FE02FE02FE023E
:10923000FE02FE02FE02FE02FE02FE02FE02FE022E
:10924000FE02FE02FE02FE02FE02FE02FE02FE021E
:10925000FE02FE02FE02FE02FE02FE02FE02FE020E
:10926000FE02FE02FE02FE02FE02FE02FE02FE02FE
:10927000FE02FE02FE02FE02FE02FE02FE02FE02EE
:10928000FE02FE02FE02FE02FE02FE02FE02FE02DE
:10929000FE02FE02FE02FE02FE02FE02FE02FE02CE
:1092A000FE02FE02FE02FE02FE02FE02FE02FE02BE
:1092B000FE02FE02FE02FE02FE02FE02FE02FE02AE
:1092C000FE02FE02FE02FE02FE02FE02FE02FE029E
:1092D000FE02FE02FE02FE02FE02FE02FE02FE028E
:1092E000FE02FE02FE02FE02FE02FE02FE02FE027E
:1092F000FE02FE02FE02FE02FE02FE02FE02FE026E
:10930000FE02FE02FE02FE02FE02FE02FE02FE025D
:10931000FE02FE02FE02FE02FE02FE02FE02FE024D
:10932000FE02FE02FE02FE02FE02FE02FE02FE023D
:10933000FE02FE02FE02FE02FE02FE02FE02FE022D
:10934000FE02FE02FE02FE02FE02FE02FE02FE021D
:10935000FE02FE02FE02FE02FE02FE02FE02FE020D
:10936000FE02FE02FE02FE02FE02FE02FE02FE02FD
:10937000FE02FE02FE02FE02FE02FE02FE02FE02ED
:10938000FE02FE02FE02FE02FE02FE02FE02FE02DD
:10939000FE02FE02FE02FE02FE02FE02FE02FE02CD
:1093A000FE02FE02FE02FE02FE02FE02FE02FE02BD
:1093B000FE02FE02FE02FE02FE02FE02FE02FE02AD
:1093C000FE02FE02FE02FE02FE02FE02FE02FE029D
:1093D000FE02FE02FE02FE02FE02FE02FE02FE028D
:1093E000FE02FE02FE02FE02FE02FE02FE02FE027D
:1093F000FE02FE02FE02FE02FE02FE02FE02FE026D
:10940000FE02FE02FE02FE02FE02FE02FE02FE025C
:10941000FE02FE02FE02FE02FE02FE02FE02FE024C
:10942000FE02FE02FE02FE02FE02FE02FE02FE023C
:10943000FE02FE02FE02FE02FE02FE02FE02FE022C
:10944000FE02FE02FE02FE02FE02FE02FE02FE021C
:10945000FE02FE02FE02FE02FE02FE02FE02FE020C
:10946000FE02FE02FE02FE02FE02FE02FE02FE02FC
:10947000FE02FE02FE02FE02FE02FE02FE02FE02EC
:10948000FE02FE02FE02FE02FE02FE02FE02FE02DC
:10949000FE02FE02FE02FE02FE02FE02FE02FE02CC
:1094A000FE02FE02FE02FE02FE02FE02FE02FE02BC
:1094B000FE02FE02FE02FE02FE02FE02FE02FE02AC
:1094C000FE02FE02FE02FE02FE02FE02FE02FE029C
:1094D000FE02FE02FE02FE02FE02FE02FE02FE028C
:1094E000FE02FE02FE02FE02FE02FE02FE02FE027C
:1094F000FE02FE02FE02FE02FE02FE02FE02FE026C
:10950000FE02FE02FE02FE02FE02FE02FE02FE025B
:10951000FE02FE02FE02FE02FE02FE02FE02FE024B
:10952000FE02FE02FE02FE02FE02FE02FE02FE023B
:10953000FE02FE02FE02FE02FE02FE02FE02FE022B
:10954000FE02FE02FE02FE02FE02FE02FE02FE021B
:10955000FE02FE02FE02FE02FE02FE02FE02FE020B
:10956000FE02FE02FE02FE02FE02FE02FE02FE02FB
:10957000FE02FE02FE02FE02FE02FE02FE02FE02EB
:10958000FE02FE02FE02FE02FE02FE02FE02FE02DB
:10959000FE02FE02FE02FE02FE02FE02FE02FE02CB
:1095A000FE02FE02FE02FE02FE02FE02FE02FE02BB
:1095B000FE02FE02FE02FE02FE02FE02FE02FE02AB
:1095C000FE02FE02FE02FE02FE02FE02FE02FE029B
:1095D000FE02FE02FE02FE02FE02FE02FE02FE028B
:1095E000FE02FE02FE02FE02FE02FE02FE02FE027B
:1095F000FE02FE02FE02FE02FE02FE02FE02FE026B
:10960000FE02FE02FE02FE02FE02FE02FE02FE025A
:10961000FE02FE02FE02FE02FE02FE02FE02FE024A
:10962000FE02FE02FE02FE02FE02FE02FE02FE023A
:10963000FE02FE02FE02FE02FE02FE02FE02FE022A
:10964000FE02FE02FE02FE02FE02FE02FE02FE021A
:10965000FE02FE02FE02FE02FE02FE02FE02FE020A
:10966000FE02FE02FE02FE02FE02FE02FE02FE02FA
:10967000FE02FE02FE02FE02FE02FE02FE02FE02EA
:10968000FE02FE02FE02FE02FE02FE02FE02FE02DA
:10969000FE02FE02FE02FE02FE02FE02FE02FE02CA
:1096A000FE02FE02FE02FE02FE02FE02FE02FE02BA
:1096B000FE02FE02FE02FE02FE02FE02FE02FE02AA
:1096C000FE02FE02FE02FE02FE02FE02FE02FE029A
:1096D000FE02FE02FE02FE02FE02FE02FE02FE028A
:1096E000FE02FE02FE02FE02FE02FE02FE02FE027A
:1096F000FE02FE02FE02FE02FE02FE02FE02FE026A
:10970000FE02FE02FE02FE02FE02FE02FE02FE0259
:10971000FE02FE02FE02FE02FE02FE02FE02FE0249
:10972000FE02FE02FE02FE02FE02FE02FE02FE0239
:10973000FE02FE02FE02FE02FE02FE02FE02FE0229
:10974000FE02FE02FE02FE02FE02FE02FE02FE0219
:10975000FE02FE02FE02FE02FE02FE02FE02FE0209
:10976000FE02FE02FE02FE02FE02FE02FE02FE02F9
:10977000FE02FE02FE02FE02FE02FE02FE02FE02E9
:10978000FE02FE02FE02FE02FE02FE02FE02FE02D9
:10979000FE02FE02FE02FE02FE02FE02FE02FE02C9
:1097A000FE02FE02FE02FE02FE02FE02FE02FE02B9
:1097B000FE02FE02FE02FE02FE02FE02FE02FE02A9
:1097C000FE02FE02FE02FE02FE02FE02FE02FE0299
:1097D000FE02FE02FE02FE02FE02FE02FE02FE0289
:1097E000FE02FE02FE02FE02FE02FE02FE02FE0279
:1097F000FE02FE02FE02FE02FE02FE02FE02FE0269
:10980000FE02FE02FE02FE02FE02FE02FE02FE0258
:10981000FE02FE02FE02FE02FE02FE02FE02FE0248
:10982000FE02FE02FE02FE02FE02FE02FE02FE0238
:10983000FE02FE02FE02FE02FE02FE02FE02FE0228
:10984000FE02FE02FE02FE02FE02FE02FE02FE0218
:10985000FE02FE02FE02FE02FE02FE02FE02FE0208
:10986000FE02FE02FE02FE02FE02FE02FE02FE02F8
:10987000FE02FE02FE02FE02FE02FE02FE02FE02E8
:10988000FE02FE02FE02FE02FE02FE02FE02FE02D8
:10989000FE02FE02FE02FE02FE02FE02FE02FE02C8
:1098A000FE02FE02FE02FE02FE02FE02FE02FE02B8
:1098B000FE02FE02FE02FE02FE02FE02FE02FE02A8
:1098C000FE02FE02FE02FE02FE02FE02FE02FE0298
:1098D000FE02FE02FE02FE02FE02FE02FE02FE0288
:1098E000FE02FE02FE02FE02FE02FE02FE02FE0278
:1098F000FE02FE02FE02FE02FE02FE02FE02FE0268
:10990000FE02FE02FE02FE02FE02FE02FE02FE0257
:10991000FE02FE02FE02FE02FE02FE02FE02FE0247
:10992000FE02FE02FE02FE02FE02FE02FE02FE0237
:10993000FE02FE02FE02FE02FE02FE02FE02FE0227
:10994000FE02FE02FE02FE02FE02FE02FE02FE0217
:10995000FE02FE02FE02FE02FE02FE02FE02FE0207
:10996000FE02FE02FE02FE02FE02FE02FE02FE02F7
:10997000FE02FE02FE02FE02FE02FE02FE02FE02E7
:10998000FE02FE02FE02FE02FE02FE02FE02FE02D7
:10999000FE02FE02FE02FE02FE02FE02FE02FE02C7
:1099A000FE02FE02FE02FE02FE02FE02FE02FE02B7
:1099B000FE02FE02FE02FE02FE02FE02FE02FE02A7
:1099C000FE02FE02FE02FE02FE02FE02FE02FE0297
:1099D000FE02FE02FE02FE02FE02FE02FE02FE0287
:1099E000FE02FE02FE02FE02FE02FE02FE02FE0277
:1099F000FE02FE02FE02FE02FE02FE02FE02FE0267
:109A0000FE02FE02FE02FE02FE02FE02FE02FE0256
:109A1000FE02FE02FE02FE02FE02FE02FE02FE0246
:109A2000FE02FE02FE02FE02FE02FE02FE02FE0236
:109A3000FE02FE02FE02FE02FE02FE02FE02FE0226
:109A4000FE02FE02FE02FE02FE02FE02FE02FE0216
:109A5000FE02FE02FE02FE02FE02FE02FE02FE0206
:109A6000FE02FE02FE02FE02FE02FE02FE02FE02F6
:109A7000FE02FE02FE02FE02FE02FE02FE02FE02E6
:109A8000FE02FE02FE02FE02FE02FE02FE02FE02D6
:109A9000FE02FE02FE02FE02FE02FE02FE02FE02C6
:109AA000FE02FE02FE02FE02FE02FE02FE02FE02B6
:109AB000FE02FE02FE02FE02FE02FE02FE02FE02A6
:109AC000FE02FE02FE02FE02FE02FE02FE02FE0296
:109AD000FE02FE02FE02FE02FE02FE02FE02FE0286
:109AE000FE02FE02FE02FE02FE02FE02FE02FE0276
:109AF000FE02FE02FE02FE02FE02FE02FE02FE0266
:109B0000FE02FE02FE02FE02FE02FE02FE02FE0255
:109B1000FE02FE02FE02FE02FE02FE02FE02FE0245
:109B2000FE02FE02FE02FE02FE02FE02FE02FE0235
:109B3000FE02FE02FE02FE02FE02FE02FE02FE0225
:109B4000FE02FE02FE02FE02FE02FE02FE02FE0215
:109B5000FE02FE02FE02FE02FE02FE02FE02FE0205
:109B6000FE02FE02FE02FE02FE02FE02FE02FE02F5
:109B7000FE02FE02FE02FE02FE02FE02FE02FE02E5
:109B8000FE02FE02FE02FE02FE02FE02FE02FE02D5
:109B9000FE02FE02FE02FE02FE02FE02FE02FE02C5
:109BA000FE02FE02FE02FE02FE02FE02FE02FE02B5
:109BB000FE02FE02FE02FE02FE02FE02FE02FE02A5
:109BC000FE02FE02FE02FE02FE02FE02FE02FE0295
:109BD000FE02FE02FE02FE02FE02FE02FE02FE0285
:109BE000FE02FE02FE02FE02FE02FE02FE02FE0275
:109BF000FE02FE02FE02FE02FE02FE02FE02FE0265
:109C0000FE02FE02FE02FE02FE02FE02FE02FE0254
:109C1000FE02FE02FE02FE02FE02FE02FE02FE0244
:109C2000FE02FE02FE02FE02FE02FE02FE02FE0234
:109C3000FE02FE02FE02FE02FE02FE02FE02FE0224
:109C4000FE02FE02FE02FE02FE02FE02FE02FE0214
:109C5000FE02FE02FE02FE02FE02FE02FE02FE0204
:109C6000FE02FE02FE02FE02FE02FE02FE02FE02F4
:109C7000FE02FE02FE02FE02FE02FE02FE02FE02E4
:109C8000FE02FE02FE02FE02FE02FE02FE02FE02D4
:109C9000FE02FE02FE02FE02FE02FE02FE02FE02C4
:109CA000FE02FE02FE02FE02FE02FE02FE02FE02B4
:109CB000FE02FE02FE02FE02FE02FE02FE02FE02A4
:109CC000FE02FE02FE02FE02FE02FE02FE02FE0294
:109CD000FE02FE02FE02FE02FE02FE02FE02FE0284
:109CE000FE02FE02FE02FE02FE02FE02FE02FE0274
:109CF000FE02FE02FE02FE02FE02FE02FE02FE0264
:109D0000FE02FE02FE02FE02FE02FE02FE02FE0253
:109D1000FE02FE02FE02FE02FE02FE02FE02FE0243
:109D2000FE02FE02FE02FE02FE02FE02FE02FE0233
:109D3000FE02FE02FE02FE02FE02FE02FE02FE0223
:109D4000FE02FE02FE02FE02FE02FE02FE02FE0213
:109D5000FE02FE02FE02FE02FE02FE02FE02FE0203
:109D6000FE02FE02FE02FE02FE02FE02FE02FE02F3
:109D7000FE02FE02FE02FE02FE02FE02FE02FE02E3
:109D8000FE02FE02FE02FE02FE02FE02FE02FE02D3
:109D9000FE02FE02FE02FE02FE02FE02FE02FE02C3
:109DA000FE02FE02FE02FE02FE02FE02FE02FE02B3
:109DB000FE02FE02FE02FE02FE02FE02FE02FE02A3
:109DC000FE02FE02FE02FE02FE02FE02FE02FE0293
:109DD000FE02FE02FE02FE02FE02FE02FE02FE0283
:109DE000FE02FE02FE02FE02FE02FE02FE02FE0273
:109DF000FE02FE02FE02FE02FE02FE02FE02FE0263
:109E0000FE02FE02FE02FE02FE02FE02FE02FE0252
:109E1000FE02FE02FE02FE02FE02FE02FE02FE0242
:109E2000FE02FE02FE02FE02FE02FE02FE02FE0232
:109E3000FE02FE02FE02FE02FE02FE02FE02FE0222
:109E4000FE02FE02FE02FE02FE02FE02FE02FE0212
:109E5000FE02FE02FE02FE02FE02FE02FE02FE0202
:109E6000FE02FE02FE02FE02FE02FE02FE02FE02F2
:109E7000FE02FE02FE02FE02FE02FE02FE02FE02E2
:109E8000FE02FE02FE02FE02FE02FE02FE02FE02D2
:109E9000FE02FE02FE02FE02FE02FE02FE02FE02C2
:109EA000FE02FE02FE02FE02FE02FE02FE02FE02B2
:109EB000FE02FE02FE02FE02FE02FE02FE02FE02A2
:109EC000FE02FE02FE02FE02FE02FE02FE02FE0292
:109ED000FE02FE02FE02FE02FE02FE02FE02FE0282
:109EE000FE02FE02FE02FE02FE02FE02FE02FE0272
:109EF000FE02FE02FE02FE02FE02FE02FE02FE0262
:109F0000FE02FE02FE02FE02FE02FE02FE02FE0251
:109F1000FE02FE02FE02FE02FE02FE02FE02FE0241
:109F2000FE02FE02FE02FE02FE02FE02FE02FE0231
:109F3000FE02FE02FE02FE02FE02FE02FE02FE0221
:109F4000FE02FE02FE02FE02FE02FE02FE02FE0211
:109F5000FE02FE02FE02FE02FE02FE02FE02FE0201
:109F6000FE02FE02FE02FE02FE02FE02FE02FE02F1
:109F7000FE02FE02FE02FE02FE02FE02FE02FE02E1
:109F8000FE02FE02FE02FE02FE02FE02FE02FE02D1
:109F9000FE02FE02FE02FE02FE02FE02FE02FE02C1
:109FA000FE02FE02FE02FE02FE02FE02FE02FE02B1
:109FB000FE02FE02FE02FE02FE02FE02FE02FE02A1
:109FC000FE02FE02FE02FE02FE02FE02FE02FE0291
:109FD000FE02FE02FE02FE02FE02FE02FE02FE0281
:109FE000FE02FE02FE02FE02FE02FE02FE02FE0271
:109FF000FE02FE02FE02FE02FE02FE02FE02FE0261
:10A00000FE02FE02FE02FE02FE02FE02FE02FE0250
:10A01000FE02FE02FE02FE02FE02FE02FE02FE0240
:10A02000FE02FE02FE02FE02FE02FE02FE02FE0230
:10A03000FE02FE02FE02FE02FE02FE02FE02FE0220
:10A04000FE02FE02FE02FE02FE02FE02FE02FE0210
:10A05000FE02FE02FE02FE02FE02FE02FE02FE0200
:10A06000FE02FE02FE02FE02FE02FE02FE02FE02F0
:10A07000FE02FE02FE02FE02FE02FE02FE02FE02E0
:10A08000FE02FE02FE02FE02FE02FE02FE02FE02D0
:10A09000FE02FE02FE02FE02FE02FE02FE02FE02C0
:10A0A000FE02FE02FE02FE02FE02FE02FE02FE02B0
:10A0B000FE02FE02FE02FE02FE02FE02FE02FE02A0
:10A0C000FE02FE02FE02FE02FE02FE02FE02FE0290
:10A0D000FE02FE02FE02FE02FE02FE02FE02FE0280
:10A0E000FE02FE02FE02FE02FE02FE02FE02FE0270
:10A0F000FE02FE02FE02FE02FE02FE02FE02FE0260
:10A10000FE02FE02FE02FE02FE02FE02FE02FE024F
:10A11000FE02FE02FE02FE02FE02FE02FE02FE023F
:10A12000FE02FE02FE02FE02FE02FE02FE02FE022F
:10A13000FE02FE02FE02FE02FE02FE02FE02FE021F
:10A14000FE02FE02FE02FE02FE02FE02FE02FE020F
:10A15000FE02FE02FE02FE02FE02FE02FE02FE02FF
:10A16000FE02FE02FE02FE02FE02FE02FE02FE02EF
:10A17000FE02FE02FE02FE02FE02FE02FE02FE02DF
:10A18000FE02FE02FE02FE02FE02FE02FE02FE02CF
:10A19000FE02FE02FE02FE02FE02FE02FE02FE02BF
:10A1A000FE02FE02FE02FE02FE02FE02FE02FE02AF
:10A1B000FE02FE02FE02FE02FE02FE02FE02FE029F
:10A1C000FE02FE02FE02FE02FE02FE02FE02FE028F
:10A1D000FE02FE02FE02FE02FE02FE02FE02FE027F
:10A1E000FE02FE02FE02FE02FE02FE02FE02FE026F
:10A1F000FE02FE02FE02FE02FE02FE02FE02FE025F
:10A20000FE02FE02FE02FE02FE02FE02FE02FE024E
:10A21000FE02FE02FE02FE02FE02FE02FE02FE023E
:10A22000FE02FE02FE02FE02FE02FE02FE02FE022E
:10A23000FE02FE02FE02FE02FE02FE02FE02FE021E
:10A24000FE02FE02FE02FE02FE02FE02FE02FE020E
:10A25000FE02FE02FE02FE02FE02FE02FE02FE02FE
:10A26000FE02FE02FE02FE02FE02FE02FE02FE02EE
:10A27000FE02FE02FE02FE02FE02FE02FE02FE02DE
:10A28000FE02FE02FE02FE02FE02FE02FE02FE02CE
:10A29000FE02FE02FE02FE02FE02FE02FE02FE02BE
:10A2A000FE02FE02FE02FE02FE02FE02FE02FE02AE
:10A2B000FE02FE02FE02FE02FE02FE02FE02FE029E
:10A2C000FE02FE02FE02FE02FE02FE02FE02FE028E
:10A2D000FE02FE02FE02FE02FE02FE02FE02FE027E
:10A2E000FE02FE02FE02FE02FE02FE02FE02FE026E
:10A2F000FE02FE02FE02FE02FE02FE02FE02FE025E
:10A30000FE02FE02FE02FE02FE02FE02FE02FE024D
:10A31000FE02FE02FE02FE02FE02FE02FE02FE023D
:10A32000FE02FE02FE02FE02FE02FE02FE02FE022D
:10A33000FE02FE02FE02FE02FE02FE02FE02FE021D
:10A34000FE02FE02FE02FE02FE02FE02FE02FE020D
:10A35000FE02FE02FE02FE02FE02FE02FE02FE02FD
:10A36000FE02FE02FE02FE02FE02FE02FE02FE02ED
:10A37000FE02FE02FE02FE02FE02FE02FE02FE02DD
:10A38000FE02FE02FE02FE02FE02FE02FE02FE02CD
:10A39000FE02FE02FE02FE02FE02FE02FE02FE02BD
:10A3A000FE02FE02FE02FE02FE02FE02FE02FE02AD
:10A3B000FE02FE02FE02FE02FE02FE02FE02FE029D
:10A3C000FE02FE02FE02FE02FE02FE02FE02FE028D
:10A3D000FE02FE02FE02FE02FE02FE02FE02FE027D
:10A3E000FE02FE02FE02FE02FE02FE02FE02FE026D
:10A3F000FE02FE02FE02FE02FE02FE02FE02FE025D
:10A40000FE02FE02FE02FE02FE02FE02FE02FE024C
:10A41000FE02FE02FE02FE02FE02FE02FE02FE023C
:10A42000FE02FE02FE02FE02FE02FE02FE02FE022C
:10A43000FE02FE02FE02FE02FE02FE02FE02FE021C
:10A44000FE02FE02FE02FE02FE02FE02FE02FE020C
:10A45000FE02FE02FE02FE02FE02FE02FE02FE02FC
:10A46000FE02FE02FE02FE02FE02FE02FE02FE02EC
:10A47000FE02FE02FE02FE02FE02FE02FE02FE02DC
:10A48000FE02FE02FE02FE02FE02FE02FE02FE02CC
:10A49000FE02FE02FE02FE02FE02FE02FE02FE02BC
:10A4A000FE02FE02FE02FE02FE02FE02FE02FE02AC
:10A4B000FE02FE02FE02FE02FE02FE02FE02FE029C
:10A4C000FE02FE02FE02FE02FE02FE02FE02FE028C
:10A4D000FE02FE02FE02FE02FE02FE02FE02FE027C
:10A4E000FE02FE02FE02FE02FE02FE02FE02FE026C
:10A4F000FE02FE02FE02FE02FE02FE02FE02FE025C
:10A50000FE02FE02FE02FE02FE02FE02FE02FE024B
:10A51000FE02FE02FE02FE02FE02FE02FE02FE023B
:10A52000FE02FE02FE02FE02FE02FE02FE02FE022B
:10A53000FE02FE02FE02FE02FE02FE02FE02FE021B
:10A54000FE02FE02FE02FE02FE02FE02FE02FE020B
:10A55000FE02FE02FE02FE02FE02FE02FE02FE02FB
:10A56000FE02FE02FE02FE02FE02FE02FE02FE02EB
:10A57000FE02FE02FE02FE02FE02FE02FE02FE02DB
:10A58000FE02FE02FE02FE02FE02FE02FE02FE02CB
:10A59000FE02FE02FE02FE02FE02FE02FE02FE02BB
:10A5A000FE02FE02FE02FE02FE02FE02FE02FE02AB
:10A5B000FE02FE02FE02FE02FE02FE02FE02FE029B
:10A5C000FE02FE02FE02FE02FE02FE02FE02FE028B
:10A5D000FE02FE02FE02FE02FE02FE02FE02FE027B
:10A5E000FE02FE02FE02FE02FE02FE02FE02FE026B
:10A5F000FE02FE02FE02FE02FE02FE02FE02FE025B
:10A60000FE02FE02FE02FE02FE02FE02FE02FE024A
:10A61000FE02FE02FE02FE02FE02FE02FE02FE023A
:10A62000FE02FE02FE02FE02FE02FE02FE02FE022A
:10A63000FE02FE02FE02FE02FE02FE02FE02FE021A
:10A64000FE02FE02FE02FE02FE02FE02FE02FE020A
:10A65000FE02FE02FE02FE02FE02FE02FE02FE02FA
:10A66000FE02FE02FE02FE02FE02FE02FE02FE02EA
:10A67000FE02FE02FE02FE02FE02FE02FE02FE02DA
:10A68000FE02FE02FE02FE02FE02FE02FE02FE02CA
:10A69000FE02FE02FE02FE02FE02FE02FE02FE02BA
:10A6A000FE02FE02FE02FE02FE02FE02FE02FE02AA
:10A6B000FE02FE02FE02FE02FE02FE02FE02FE029A
:10A6C000FE02FE02FE02FE02FE02FE02FE02FE028A
:10A6D000FE02FE02FE02FE02FE02FE02FE02FE027A
:10A6E000FE02FE02FE02FE02FE02FE02FE02FE026A
:10A6F000FE02FE02FE02FE02FE02FE02FE02FE025A
:10A70000FE02FE02FE02FE02FE02FE02FE02FE0249
:10A71000FE02FE02FE02FE02FE02FE02FE02FE0239
:10A72000FE02FE02FE02FE02FE02FE02FE02FE0229
:10A73000FE02FE02FE02FE02FE02FE02FE02FE0219
:10A74000FE02FE02FE02FE02FE02FE02FE02FE0209
:10A75000FE02FE02FE02FE02FE02FE02FE02FE02F9
:10A76000FE02FE02FE02FE02FE02FE02FE02FE02E9
:10A77000FE02FE02FE02FE02FE02FE02FE02FE02D9
:10A78000FE02FE02FE02FE02FE02FE02FE02FE02C9
:10A79000FE02FE02FE02FE02FE02FE02FE02FE02B9
:10A7A000FE02FE02FE02FE02FE02FE02FE02FE02A9
:10A7B000FE02FE02FE02FE02FE02FE02FE02FE0299
:10A7C000FE02FE02FE02FE02FE02FE02FE02FE0289
:10A7D000FE02FE02FE02FE02FE02FE02FE02FE0279
:10A7E000FE02FE02FE02FE02FE02FE02FE02FE0269
:10A7F000FE02FE02FE02FE02FE02FE02FE02FE0259
:10A80000FE02FE02FE02FE02FE02FE02FE02FE0248
:10A81000FE02FE02FE02FE02FE02FE02FE02FE0238
:10A82000FE02FE02FE02FE02FE02FE02FE02FE0228
:10A83000FE02FE02FE02FE02FE02FE02FE02FE0218
:10A84000FE02FE02FE02FE02FE02FE02FE02FE0208
:10A85000FE02FE02FE02FE02FE02FE02FE02FE02F8
:10A86000FE02FE02FE02FE02FE02FE02FE02FE02E8
:10A87000FE02FE02FE02FE02FE02FE02FE02FE02D8
:10A88000FE02FE02FE02FE02FE02FE02FE02FE02C8
:10A89000FE02FE02FE02FE02FE02FE02FE02FE02B8
:10A8A000FE02FE02FE02FE02FE02FE02FE02FE02A8
:10A8B000FE02FE02FE02FE02FE02FE02FE02FE0298
:10A8C000FE02FE02FE02FE02FE02FE02FE02FE0288
:10A8D000FE02FE02FE02FE02FE02FE02FE02FE0278
:10A8E000FE02FE02FE02FE02FE02FE02FE02FE0268
:10A8F000FE02FE02FE02FE02FE02FE02FE02FE0258
:10A90000FE02FE02FE02FE02FE02FE02FE02FE0247
:10A91000FE02FE02FE02FE02FE02FE02FE02FE0237
:10A92000FE02FE02FE02FE02FE02FE02FE02FE0227
:10A93000FE02FE02FE02FE02FE02FE02FE02FE0217
:10A94000FE02FE02FE02FE02FE02FE02FE02FE0207
:10A95000FE02FE02FE02FE02FE02FE02FE02FE02F7
:10A96000FE02FE02FE02FE02FE02FE02FE02FE02E7
:10A97000FE02FE02FE02FE02FE02FE02FE02FE02D7
:10A98000FE02FE02FE02FE02FE02FE02FE02FE02C7
:10A99000FE02FE02FE02FE02FE02FE02FE02FE02B7
:10A9A000FE02FE02FE02FE02FE02FE02FE02FE02A7
:10A9B000FE02FE02FE02FE02FE02FE02FE02FE0297
:10A9C000FE02FE02FE02FE02FE02FE02FE02FE0287
:10A9D000FE02FE02FE02FE02FE02FE02FE02FE0277
:10A9E000FE02FE02FE02FE02FE02FE02FE02FE0267
:10A9F000FE02FE02FE02FE02FE02FE02FE02FE0257
:10AA0000FE02FE02FE02FE02FE02FE02FE02FE0246
:10AA1000FE02FE02FE02FE02FE02FE02FE02FE0236
:10AA2000FE02FE02FE02FE02FE02FE02FE02FE0226
:10AA3000FE02FE02FE02FE02FE02FE02FE02FE0216
:10AA4000FE02FE02FE02FE02FE02FE02FE02FE0206
:10AA5000FE02FE02FE02FE02FE02FE02FE02FE02F6
:10AA6000FE02FE02FE02FE02FE02FE02FE02FE02E6
:10AA7000FE02FE02FE02FE02FE02FE02FE02FE02D6
:10AA8000FE02FE02FE02FE02FE02FE02FE02FE02C6
:10AA9000FE02FE02FE02FE02FE02FE02FE02FE02B6
:10AAA000FE02FE02FE02FE02FE02FE02FE02FE02A6
:10AAB000FE02FE02FE02FE02FE02FE02FE02FE0296
:10AAC000FE02FE02FE02FE02FE02FE02FE02FE0286
:10AAD000FE02FE02FE02FE02FE02FE02FE02FE0276
:10AAE000FE02FE02FE02FE02FE02FE02FE02FE0266
:10AAF000FE02FE02FE02FE02FE02FE02FE02FE0256
:10AB0000FE02FE02FE02FE02FE02FE02FE02FE0245
:10AB1000FE02FE02FE02FE02FE02FE02FE02FE0235
:10AB2000FE02FE02FE02FE02FE02FE02FE02FE0225
:10AB3000FE02FE02FE02FE02FE02FE02FE02FE0215
:10AB4000FE02FE02FE02FE02FE02FE02FE02FE0205
:10AB5000FE02FE02FE02FE02FE02FE02FE02FE02F5
:10AB6000FE02FE02FE02FE02FE02FE02FE02FE02E5
:10AB7000FE02FE02FE02FE02FE02FE02FE02FE02D5
:10AB8000FE02FE02FE02FE02FE02FE02FE02FE02C5
:10AB9000FE02FE02FE02FE02FE02FE02FE02FE02B5
:10ABA000FE02FE02FE02FE02FE02FE02FE02FE02A5
:10ABB000FE02FE02FE02FE02FE02FE02FE02FE0295
:10ABC000FE02FE02FE02FE02FE02FE02FE02FE0285
:10ABD000FE02FE02FE02FE02FE02FE02FE02FE0275
:10ABE000FE02FE02FE02FE02FE02FE02FE02FE0265
:10ABF000FE02FE02FE02FE02FE02FE02FE02FE0255
:10AC0000FE02FE02FE02FE02FE02FE02FE02FE0244
:10AC1000FE02FE02FE02FE02FE02FE02FE02FE0234
:10AC2000FE02FE02FE02FE02FE02FE02FE02FE0224
:10AC3000FE02FE02FE02FE02FE02FE02FE02FE0214
:10AC4000FE02FE02FE02FE02FE02FE02FE02FE0204
:10AC5000FE02FE02FE02FE02FE02FE02FE02FE02F4
:10AC6000FE02FE02FE02FE02FE02FE02FE02FE02E4
:10AC7000FE02FE02FE02FE02FE02FE02FE02FE02D4
:10AC8000FE02FE02FE02FE02FE02FE02FE02FE02C4
:10AC9000FE02FE02FE02FE02FE02FE02FE02FE02B4
:10ACA000FE02FE02FE02FE02FE02FE02FE02FE02A4
:10ACB000FE02FE02FE02FE02FE02FE02FE02FE0294
:10ACC000FE02FE02FE02FE02FE02FE02FE02FE0284
:10ACD000FE02FE02FE02FE02FE02FE02FE02FE0274
:10ACE000FE02FE02FE02FE02FE02FE02FE02FE0264
:10ACF000FE02FE02FE02FE02FE02FE02FE02FE0254
:10AD0000FE02FE02FE02FE02FE02FE02FE02FE0243
:10AD1000FE02FE02FE02FE02FE02FE02FE02FE0233
:10AD2000FE02FE02FE02FE02FE02FE02FE02FE0223
:10AD3000FE02FE02FE02FE02FE02FE02FE02FE0213
:10AD4000FE02FE02FE02FE02FE02FE02FE02FE0203
:10AD5000FE02FE02FE02FE02FE02FE02FE02FE02F3
:10AD6000FE02FE02FE02FE02FE02FE02FE02FE02E3
:10AD7000FE02FE02FE02FE02FE02FE02FE02FE02D3
:10AD8000FE02FE02FE02FE02FE02FE02FE02FE02C3
:10AD9000FE02FE02FE02FE02FE02FE02FE02FE02B3
:10ADA000FE02FE02FE02FE02FE02FE02FE02FE02A3
:10ADB000FE02FE02FE02FE02FE02FE02FE02FE0293
:10ADC000FE02FE02FE02FE02FE02FE02FE02FE0283
:10ADD000FE02FE02FE02FE02FE02FE02FE02FE0273
:10ADE000FE02FE02FE02FE02FE02FE02FE02FE0263
:10ADF000FE02FE02FE02FE02FE02FE02FE02FE0253
:10AE0000FE02FE02FE02FE02FE02FE02FE02FE0242
:10AE1000FE02FE02FE02FE02FE02FE02FE02FE0232
:10AE2000FE02FE02FE02FE02FE02FE02FE02FE0222
:10AE3000FE02FE02FE02FE02FE02FE02FE02FE0212
:10AE4000FE02FE02FE02FE02FE02FE02FE02FE0202
:10AE5000FE02FE02FE02FE02FE02FE02FE02FE02F2
:10AE6000FE02FE02FE02FE02FE02FE02FE02FE02E2
:10AE7000FE02FE02FE02FE02FE02FE02FE02FE02D2
:10AE8000FE02FE02FE02FE02FE02FE02FE02FE02C2
:10AE9000FE02FE02FE02FE02FE02FE02FE02FE02B2
:10AEA000FE02FE02FE02FE02FE02FE02FE02FE02A2
:10AEB000FE02FE02FE02FE02FE02FE02FE02FE0292
:10AEC000FE02FE02FE02FE02FE02FE02FE02FE0282
:10AED000FE02FE02FE02FE02FE02FE02FE02FE0272
:10AEE000FE02FE02FE02FE02FE02FE02FE02FE0262
:10AEF000FE02FE02FE02FE02FE02FE02FE02FE0252
:10AF0000FE02FE02FE02FE02FE02FE02FE02FE0241
:10AF1000FE02FE02FE02FE02FE02FE02FE02FE0231
:10AF2000FE02FE02FE02FE02FE02FE02FE02FE0221
:10AF3000FE02FE02FE02FE02FE02FE02FE02FE0211
:10AF4000FE02FE02FE02FE02FE02FE02FE02FE0201
:10AF5000FE02FE02FE02FE02FE02FE02FE02FE02F1
:10AF6000FE02FE02FE02FE02FE02FE02FE02FE02E1
:10AF7000FE02FE02FE02FE02FE02FE02FE02FE02D1
:10AF8000FE02FE02FE02FE02FE02FE02FE02FE02C1
:10AF9000FE02FE02FE02FE02FE02FE02FE02FE02B1
:10AFA000FE02FE02FE02FE02FE02FE02FE02FE02A1
:10AFB000FE02FE02FE02FE02FE02FE02FE02FE0291
:10AFC000FE02FE02FE02FE02FE02FE02FE02FE0281
:10AFD000FE02FE02FE02FE02FE02FE02FE02FE0271
:10AFE000FE02FE02FE02FE02FE02FE02FE02FE0261
:10AFF000FE02FE02FE02FE02FE02FE02FE02FE0251
:10B00000FE02FE02FE02FE02FE02FE02FE02FE0240
:10B01000FE02FE02FE02FE02FE02FE02FE02FE0230
:10B02000FE02FE02FE02FE02FE02FE02FE02FE0220
:10B03000FE02FE02FE02FE02FE02FE02FE02FE0210
:10B04000FE02FE02FE02FE02FE02FE02FE02FE0200
:10B05000FE02FE02FE02FE02FE02FE02FE02FE02F0
:10B06000FE02FE02FE02FE02FE02FE02FE02FE02E0
:10B07000FE02FE02FE02FE02FE02FE02FE02FE02D0
:10B08000FE02FE02FE02FE02FE02FE02FE02FE02C0
:10B09000FE02FE02FE02FE02FE02FE02FE02FE02B0
:10B0A000FE02FE02FE02FE02FE02FE02FE02FE02A0
:10B0B000FE02FE02FE02FE02FE02FE02FE02FE0290
:10B0C000FE02FE02FE02FE02FE02FE02FE02FE0280
:10B0D000FE02FE02FE02FE02FE02FE02FE02FE0270
:10B0E000FE02FE02FE02FE02FE02FE02FE02FE0260
:10B0F000FE02FE02FE02FE02FE02FE02FE02FE0250
:10B10000FE02FE02FE02FE02FE02FE02FE02FE023F
:10B11000FE02FE02FE02FE02FE02FE02FE02FE022F
:10B12000FE02FE02FE02FE02FE02FE02FE02FE021F
:10B13000FE02FE02FE02FE02FE02FE02FE02FE020F
:10B14000FE02FE02FE02FE02FE02FE02FE02FE02FF
:10B15000FE02FE02FE02FE02FE02FE02FE02FE02EF
:10B16000FE02FE02FE02FE02FE02FE02FE02FE02DF
:10B17000FE02FE02FE02FE02FE02FE02FE02FE02CF
:10B18000FE02FE02FE02FE02FE02FE02FE02FE02BF
:10B19000FE02FE02FE02FE02FE02FE02FE02FE02AF
:10B1A000FE02FE02FE02FE02FE02FE02FE02FE029F
:10B1B000FE02FE02FE02FE02FE02FE02FE02FE028F
:10B1C000FE02FE02FE02FE02FE02FE02FE02FE027F
:10B1D000FE02FE02FE02FE02FE02FE02FE02FE026F
:10B1E000FE02FE02FE02FE02FE02FE02FE02FE025F
:10B1F000FE02FE02FE02FE02FE02FE02FE02FE024F
:10B20000FE02FE02FE02FE02FE02FE02FE02FE023E
:10B21000FE02FE02FE02FE02FE02FE02FE02FE022E
:10B22000FE02FE02FE02FE02FE02FE02FE02FE021E
:10B23000FE02FE02FE02FE02FE02FE02FE02FE020E
:10B24000FE02FE02FE02FE02FE02FE02FE02FE02FE
:10B25000FE02FE02FE02FE02FE02FE02FE02FE02EE
:10B26000FE02FE02FE02FE02FE02FE02FE02FE02DE
:10B27000FE02FE02FE02FE02FE02FE02FE02FE02CE
:10B28000FE02FE02FE02FE02FE02FE02FE02FE02BE
:10B29000FE02FE02FE02FE02FE02FE02FE02FE02AE
:10B2A000FE02FE02FE02FE02FE02FE02FE02FE029E
:10B2B000FE02FE02FE02FE02FE02FE02FE02FE028E
:10B2C000FE02FE02FE02FE02FE02FE02FE02FE027E
:10B2D000FE02FE02FE02FE02FE02FE02FE02FE026E
:10B2E000FE02FE02FE02FE02FE02FE02FE02FE025E
:10B2F000FE02FE02FE02FE02FE02FE02FE02FE024E
:10B30000FE02FE02FE02FE02FE02FE02FE02FE023D
:10B31000FE02FE02FE02FE02FE02FE02FE02FE022D
:10B32000FE02FE02FE02FE02FE02FE02FE02FE021D
:10B33000FE02FE02FE02FE02FE02FE02FE02FE020D
:10B34000FE02FE02FE02FE02FE02FE02FE02FE02FD
:10B35000FE02FE02FE02FE02FE02FE02FE02FE02ED
:10B36000FE02FE02FE02FE02FE02FE02FE02FE02DD
:10B37000FE02FE02FE02FE02FE02FE02FE02FE02CD
:10B38000FE02FE02FE02FE02FE02FE02FE02FE02BD
:10B39000FE02FE02FE02FE02FE02FE02FE02FE02AD
:10B3A000FE02FE02FE02FE02FE02FE02FE02FE029D
:10B3B000FE02FE02FE02FE02FE02FE02FE02FE028D
:10B3C000FE02FE02FE02FE02FE02FE02FE02FE027D
:10B3D000FE02FE02FE02FE02FE02FE02FE02FE026D
:10B3E000FE02FE02FE02FE02FE02FE02FE02FE025D
:10B3F000FE02FE02FE02FE02FE02FE02FE02FE024D
:10B40000FE02FE02FE02FE02FE02FE02FE02FE023C
:10B41000FE02FE02FE02FE02FE02FE02FE02FE022C
:10B42000FE02FE02FE02FE02FE02FE02FE02FE021C
:10B43000FE02FE02FE02FE02FE02FE02FE02FE020C
:10B44000FE02FE02FE02FE02FE02FE02FE02FE02FC
:10B45000FE02FE02FE02FE02FE02FE02FE02FE02EC
:10B46000FE02FE02FE02FE02FE02FE02FE02FE02DC
:10B47000FE02FE02FE02FE02FE02FE02FE02FE02CC
:10B48000FE02FE02FE02FE02FE02FE02FE02FE02BC
:10B49000FE02FE02FE02FE02FE02FE02FE02FE02AC
:10B4A000FE02FE02FE02FE02FE02FE02FE02FE029C
:10B4B000FE02FE02FE02FE02FE02FE02FE02FE028C
:10B4C000FE02FE02FE02FE02FE02FE02FE02FE027C
:10B4D000FE02FE02FE02FE02FE02FE02FE02FE026C
:10B4E000FE02FE02FE02FE02FE02FE02FE02FE025C
:10B4F000FE02FE02FE02FE02FE02FE02FE02FE024C
:10B50000FE02FE02FE02FE02FE02FE02FE02FE023B
:10B51000FE02FE02FE02FE02FE02FE02FE02FE022B
:10B52000FE02FE02FE02FE02FE02FE02FE02FE021B
:10B53000FE02FE02FE02FE02FE02FE02FE02FE020B
:10B54000FE02FE02FE02FE02FE02FE02FE02FE02FB
:10B55000FE02FE02FE02FE02FE02FE02FE02FE02EB
:10B56000FE02FE02FE02FE02FE02FE02FE02FE02DB
:10B57000FE02FE02FE02FE02FE02FE02FE02FE02CB
:10B58000FE02FE02FE02FE02FE02FE02FE02FE02BB
:10B59000FE02FE02FE02FE02FE02FE02FE02FE02AB
:10B5A000FE02FE02FE02FE02FE02FE02FE02FE029B
:10B5B000FE02FE02FE02FE02FE02FE02FE02FE028B
:10B5C000FE02FE02FE02FE02FE02FE02FE02FE027B
:10B5D000FE02FE02FE02FE02FE02FE02FE02FE026B
:10B5E000FE02FE02FE02FE02FE02FE02FE02FE025B
:10B5F000FE02FE02FE02FE02FE02FE02FE02FE024B
:10B60000FE02FE02FE02FE02FE02FE02FE02FE023A
:10B61000FE02FE02FE02FE02FE02FE02FE02FE022A
:10B62000FE02FE02FE02FE02FE02FE02FE02FE021A
:10B63000FE02FE02FE02FE02FE02FE02FE02FE020A
:10B64000FE02FE02FE02FE02FE02FE02FE02FE02FA
:10B65000FE02FE02FE02FE02FE02FE02FE02FE02EA
:10B66000FE02FE02FE02FE02FE02FE02FE02FE02DA
:10B67000FE02FE02FE02FE02FE02FE02FE02FE02CA
:10B68000FE02FE02FE02FE02FE02FE02FE02FE02BA
:10B69000FE02FE02FE02FE02FE02FE02FE02FE02AA
:10B6A000FE02FE02FE02FE02FE02FE02FE02FE029A
:10B6B000FE02FE02FE02FE02FE02FE02FE02FE028A
:10B6C000FE02FE02FE02FE02FE02FE02FE02FE027A
:10B6D000FE02FE02FE02FE02FE02FE02FE02FE026A
:10B6E000FE02FE02FE02FE02FE02FE02FE02FE025A
:10B6F000FE02FE02FE02FE02FE02FE02FE02FE024A
:10B70000FE02FE02FE02FE02FE02FE02FE02FE0239
:10B71000FE02FE02FE02FE02FE02FE02FE02FE0229
:10B72000FE02FE02FE02FE02FE02FE02FE02FE0219
:10B73000FE02FE02FE02FE02FE02FE02FE02FE0209
:10B74000FE02FE02FE02FE02FE02FE02FE02FE02F9
:10B75000FE02FE02FE02FE02FE02FE02FE02FE02E9
:10B76000FE02FE02FE02FE02FE02FE02FE02FE02D9
:10B77000FE02FE02FE02FE02FE02FE02FE02FE02C9
:10B78000FE02FE02FE02FE02FE02FE02FE02FE02B9
:10B79000FE02FE02FE02FE02FE02FE02FE02FE02A9
:10B7A000FE02FE02FE02FE02FE02FE02FE02FE0299
:10B7B000FE02FE02FE02FE02FE02FE02FE02FE0289
:10B7C000FE02FE02FE02FE02FE02FE02FE02FE0279
:10B7D000FE02FE02FE02FE02FE02FE02FE02FE0269
:10B7E000FE02FE02FE02FE02FE02FE02FE02FE0259
:10B7F000FE02FE02FE02FE02FE02FE02FE02FE0249
:10B80000FE02FE02FE02FE02FE02FE02FE02FE0238
:10B81000FE02FE02FE02FE02FE02FE02FE02FE0228
:10B82000FE02FE02FE02FE02FE02FE02FE02FE0218
:10B83000FE02FE02FE02FE02FE02FE02FE02FE0208
:10B84000FE02FE02FE02FE02FE02FE02FE02FE02F8
:10B85000FE02FE02FE02FE02FE02FE02FE02FE02E8
:10B86000FE02FE02FE02FE02FE02FE02FE02FE02D8
:10B87000FE02FE02FE02FE02FE02FE02FE02FE02C8
:10B88000FE02FE02FE02FE02FE02FE02FE02FE02B8
:10B89000FE02FE02FE02FE02FE02FE02FE02FE02A8
:10B8A000FE02FE02FE02FE02FE02FE02FE02FE0298
:10B8B000FE02FE02FE02FE02FE02FE02FE02FE0288
:10B8C000FE02FE02FE02FE02FE02FE02FE02FE0278
:10B8D000FE02FE02FE02FE02FE02FE02FE02FE0268
:10B8E000FE02FE02FE02FE02FE02FE02FE02FE0258
:10B8F000FE02FE02FE02FE02FE02FE02FE02FE0248
:10B90000FE02FE02FE02FE02FE02FE02FE02FE0237
:10B91000FE02FE02FE02FE02FE02FE02FE02FE0227
:10B92000FE02FE02FE02FE02FE02FE02FE02FE0217
:10B93000FE02FE02FE02FE02FE02FE02FE02FE0207
:10B94000FE02FE02FE02FE02FE02FE02FE02FE02F7
:10B95000FE02FE02FE02FE02FE02FE02FE02FE02E7
:10B96000FE02FE02FE02FE02FE02FE02FE02FE02D7
:10B97000FE02FE02FE02FE02FE02FE02FE02FE02C7
:10B98000FE02FE02FE02FE02FE02FE02FE02FE02B7
:10B99000FE02FE02FE02FE02FE02FE02FE02FE02A7
:10B9A000FE02FE02FE02FE02FE02FE02FE02FE0297
:10B9B000FE02FE02FE02FE02FE02FE02FE02FE0287
:10B9C000FE02FE02FE02FE02FE02FE02FE02FE0277
:10B9D000FE02FE02FE02FE02FE02FE02FE02FE0267
:10B9E000FE02FE02FE02FE02FE02FE02FE02FE0257
:10B9F000FE02FE02FE02FE02FE02FE02FE02FE0247
:10BA0000FE02FE02FE02FE02FE02FE02FE02FE0236
:10BA1000FE02FE02FE02FE02FE02FE02FE02FE0226
:10BA2000FE02FE02FE02FE02FE02FE02FE02FE0216
:10BA3000FE02FE02FE02FE02FE02FE02FE02FE0206
:10BA4000FE02FE02FE02FE02FE02FE02FE02FE02F6
:10BA5000FE02FE02FE02FE02FE02FE02FE02FE02E6
:10BA6000FE02FE02FE02FE02FE02FE02FE02FE02D6
:10BA7000FE02FE02FE02FE02FE02FE02FE02FE02C6
:10BA8000FE02FE02FE02FE02FE02FE02FE02FE02B6
:10BA9000FE02FE02FE02FE02FE02FE02FE02FE02A6
:10BAA000FE02FE02FE02FE02FE02FE02FE02FE0296
:10BAB000FE02FE02FE02FE02FE02FE02FE02FE0286
:10BAC000FE02FE02FE02FE02FE02FE02FE02FE0276
:10BAD000FE02FE02FE02FE02FE02FE02FE02FE0266
:10BAE000FE02FE02FE02FE02FE02FE02FE02FE0256
:10BAF000FE02FE02FE02FE02FE02FE02FE02FE0246
:10BB0000FE02FE02FE02FE02FE02FE02FE02FE0235
:10BB1000FE02FE02FE02FE02FE02FE02FE02FE0225
:10BB2000FE02FE02FE02FE02FE02FE02FE02FE0215
:10BB3000FE02FE02FE02FE02FE02FE02FE02FE0205
:10BB4000FE02FE02FE02FE02FE02FE02FE02FE02F5
:10BB5000FE02FE02FE02FE02FE02FE02FE02FE02E5
:10BB6000FE02FE02FE02FE02FE02FE02FE02FE02D5
:10BB7000FE02FE02FE02FE02FE02FE02FE02FE02C5
:10BB8000FE02FE02FE02FE02FE02FE02FE02FE02B5
:10BB9000FE02FE02FE02FE02FE02FE02FE02FE02A5
:10BBA000FE02FE02FE02FE02FE02FE02FE02FE0295
:10BBB000FE02FE02FE02FE02FE02FE02FE02FE0285
:10BBC000FE02FE02FE02FE02FE02FE02FE02FE0275
:10BBD000FE02FE02FE02FE02FE02FE02FE02FE0265
:10BBE000FE02FE02FE02FE02FE02FE02FE02FE0255
:10BBF000FE02FE02FE02FE02FE02FE02FE02FE0245
:10BC0000FE02FE02FE02FE02FE02FE02FE02FE0234
:10BC1000FE02FE02FE02FE02FE02FE02FE02FE0224
:10BC2000FE02FE02FE02FE02FE02FE02FE02FE0214
:10BC3000FE02FE02FE02FE02FE02FE02FE02FE0204
:10BC4000FE02FE02FE02FE02FE02FE02FE02FE02F4
:10BC5000FE02FE02FE02FE02FE02FE02FE02FE02E4
:10BC6000FE02FE02FE02FE02FE02FE02FE02FE02D4
:10BC7000FE02FE02FE02FE02FE02FE02FE02FE02C4
:10BC8000FE02FE02FE02FE02FE02FE02FE02FE02B4
:10BC9000FE02FE02FE02FE02FE02FE02FE02FE02A4
:10BCA000FE02FE02FE02FE02FE02FE02FE02FE0294
:10BCB000FE02FE02FE02FE02FE02FE02FE02FE0284
:10BCC000FE02FE02FE02FE02FE02FE02FE02FE0274
:10BCD000FE02FE02FE02FE02FE02FE02FE02FE0264
:10BCE000FE02FE02FE02FE02FE02FE02FE02FE0254
:10BCF000FE02FE02FE02FE02FE02FE02FE02FE0244
:10BD0000FE02FE02FE02FE02FE02FE02FE02FE0233
:10BD1000FE02FE02FE02FE02FE02FE02FE02FE0223
:10BD2000FE02FE02FE02FE02FE02FE02FE02FE0213
:10BD3000FE02FE02FE02FE02FE02FE02FE02FE0203
:10BD4000FE02FE02FE02FE02FE02FE02FE02FE02F3
:10BD5000FE02FE02FE02FE02FE02FE02FE02FE02E3
:10BD6000FE02FE02FE02FE02FE02FE02FE02FE02D3
:10BD7000FE02FE02FE02FE02FE02FE02FE02FE02C3
:10BD8000FE02FE02FE02FE02FE02FE02FE02FE02B3
:10BD9000FE02FE02FE02FE02FE02FE02FE02FE02A3
:10BDA000FE02FE02FE02FE02FE02FE02FE02FE0293
:10BDB000FE02FE02FE02FE02FE02FE02FE02FE0283
:10BDC000FE02FE02FE02FE02FE02FE02FE02FE0273
:10BDD000FE02FE02FE02FE02FE02FE02FE02FE0263
:10BDE000FE02FE02FE02FE02FE02FE02FE02FE0253
:10BDF000FE02FE02FE02FE02FE02FE02FE02FE0243
:10BE0000FE02FE02FE02FE02FE02FE02FE02FE0232
:10BE1000FE02FE02FE02FE02FE02FE02FE02FE0222
:10BE2000FE02FE02FE02FE02FE02FE02FE02FE0212
:10BE3000FE02FE02FE02FE02FE02FE02FE02FE0202
:10BE4000FE02FE02FE02FE02FE02FE02FE02FE02F2
:10BE5000FE02FE02FE02FE02FE02FE02FE02FE02E2
:10BE6000FE02FE02FE02FE02FE02FE02FE02FE02D2
:10BE7000FE02FE02FE02FE02FE02FE02FE02FE02C2
:10BE8000FE02FE02FE02FE02FE02FE02FE02FE02B2
:10BE9000FE02FE02FE02FE02FE02FE02FE02FE02A2
:10BEA000FE02FE02FE02FE02FE02FE02FE02FE0292
:10BEB000FE02FE02FE02FE02FE02FE02FE02FE0282
:10BEC000FE02FE02FE02FE02FE02FE02FE02FE0272
:10BED000FE02FE02FE02FE02FE02FE02FE02FE0262
:10BEE000FE02FE02FE02FE02FE02FE02FE02FE0252
:10BEF000FE02FE02FE02FE02FE02FE02FE02FE0242
:10BF0000FE02FE02FE02FE02FE02FE02FE02FE0231
:10BF1000FE02FE02FE02FE02FE02FE02FE02FE0221
:10BF2000FE02FE02FE02FE02FE02FE02FE02FE0211
:10BF3000FE02FE02FE02FE02FE02FE02FE02FE0201
:10BF4000FE02FE02FE02FE02FE02FE02FE02FE02F1
:10BF5000FE02FE02FE02FE02FE02FE02FE02FE02E1
:10BF6000FE02FE02FE02FE02FE02FE02FE02FE02D1
:10BF7000FE02FE02FE02FE02FE02FE02FE02FE02C1
:10BF8000FE02FE02FE02FE02FE02FE02FE02FE02B1
:10BF9000FE02FE02FE02FE02FE02FE02FE02FE02A1
:10BFA000FE02FE02FE02FE02FE02FE02FE02FE0291
:10BFB000FE02FE02FE02FE02FE02FE02FE02FE0281
:10BFC000FE02FE02FE02FE02FE02FE02FE02FE0271
:10BFD000FE02FE02FE02FE02FE02FE02FE02FE0261
:10BFE000FE02FE02FE02FE02FE02FE02FE02FE0251
:10BFF000FE02FE02FE02FE02FE02FE02FE02FE0241
:10C00000FE02FE02FE02FE02FE02FE02FE02FE0230
:10C01000FE02FE02FE02FE02FE02FE02FE02FE0220
:10C02000FE02FE02FE02FE02FE02FE02FE02FE0210
:10C03000FE02FE02FE02FE02FE02FE02FE02FE0200
:10C04000FE02FE02FE02FE02FE02FE02FE02FE02F0
:10C05000FE02FE02FE02FE02FE02FE02FE02FE02E0
:10C06000FE02FE02FE02FE02FE02FE02FE02FE02D0
:10C07000FE02FE02FE02FE02FE02FE02FE02FE02C0
:10C08000FE02FE02FE02FE02FE02FE02FE02FE02B0
:10C09000FE02FE02FE02FE02FE02FE02FE02FE02A0
:10C0A000FE02FE02FE02FE02FE02FE02FE02FE0290
:10C0B000FE02FE02FE02FE02FE02FE02FE02FE0280
:10C0C000FE02FE02FE02FE02FE02FE02FE02FE0270
:10C0D000FE02FE02FE02FE02FE02FE02FE02FE0260
:10C0E000FE02FE02FE02FE02FE02FE02FE02FE0250
:10C0F000FE02FE02FE02FE02FE02FE02FE02FE0240
:10C10000FE02FE02FE02FE02FE02FE02FE02FE022F
:10C11000FE02FE02FE02FE02FE02FE02FE02FE021F
:10C12000FE02FE02FE02FE02FE02FE02FE02FE020F
:10C13000FE02FE02FE02FE02FE02FE02FE02FE02FF
:10C14000FE02FE02FE02FE02FE02FE02FE02FE02EF
:10C15000FE02FE02FE02FE02FE02FE02FE02FE02DF
:10C16000FE02FE02FE02FE02FE02FE02FE02FE02CF
:10C17000FE02FE02FE02FE02FE02FE02FE02FE02BF
:10C18000FE02FE02FE02FE02FE02FE02FE02FE02AF
:10C19000FE02FE02FE02FE02FE02FE02FE02FE029F
:10C1A000FE02FE02FE02FE02FE02FE02FE02FE028F
:10C1B000FE02FE02FE02FE02FE02FE02FE02FE027F
:10C1C000FE02FE02FE02FE02FE02FE02FE02FE026F
:10C1D000FE02FE02FE02FE02FE02FE02FE02FE025F
:10C1E000FE02FE02FE02FE02FE02FE02FE02FE024F
:10C1F000FE02FE02FE02FE02FE02FE02FE02FE023F
:10C20000FE02FE02FE02FE02FE02FE02FE02FE022E
:10C21000FE02FE02FE02FE02FE02FE02FE02FE021E
:10C22000FE02FE02FE02FE02FE02FE02FE02FE020E
:10C23000FE02FE02FE02FE02FE02FE02FE02FE02FE
:10C24000FE02FE02FE02FE02FE02FE02FE02FE02EE
:10C25000FE02FE02FE02FE02FE02FE02FE02FE02DE
:10C26000FE02FE02FE02FE02FE02FE02FE02FE02CE
:10C27000FE02FE02FE02FE02FE02FE02FE02FE02BE
:10C28000FE02FE02FE02FE02FE02FE02FE02FE02AE
:10C29000FE02FE02FE02FE02FE02FE02FE02FE029E
:10C2A000FE02FE02FE02FE02FE02FE02FE02FE028E
:10C2B000FE02FE02FE02FE02FE02FE02FE02FE027E
:10C2C000FE02FE02FE02FE02FE02FE02FE02FE026E
:10C2D000FE02FE02FE02FE02FE02FE02FE02FE025E
:10C2E000FE02FE02FE02FE02FE02FE02FE02FE024E
:10C2F000FE02FE02FE02FE02FE02FE02FE02FE023E
:10C30000FE02FE02FE02FE02FE02FE02FE02FE022D
:10C31000FE02FE02FE02FE02FE02FE02FE02FE021D
:10C32000FE02FE02FE02FE02FE02FE02FE02FE020D
:10C33000FE02FE02FE02FE02FE02FE02FE02FE02FD
:10C34000FE02FE02FE02FE02FE02FE02FE02FE02ED
:10C35000FE02FE02FE02FE02FE02FE02FE02FE02DD
:10C36000FE02FE02FE02FE02FE02FE02FE02FE02CD
:10C37000FE02FE02FE02FE02FE02FE02FE02FE02BD
:10C38000FE02FE02FE02FE02FE02FE02FE02FE02AD
:10C39000FE02FE02FE02FE02FE02FE02FE02FE029D
:10C3A000FE02FE02FE02FE02FE02FE02FE02FE028D
:10C3B000FE02FE02FE02FE02FE02FE02FE02FE027D
:10C3C000FE02FE02FE02FE02FE02FE02FE02FE026D
:10C3D000FE02FE02FE02FE02FE02FE02FE02FE025D
:10C3E000FE02FE02FE02FE02FE02FE02FE02FE024D
:10C3F000FE02FE02FE02FE02FE02FE02FE02FE023D
:10C40000FE02FE02FE02FE02FE02FE02FE02FE022C
:10C41000FE02FE02FE02FE02FE02FE02FE02FE021C
:10C42000FE02FE02FE02FE02FE02FE02FE02FE020C
:10C43000FE02FE02FE02FE02FE02FE02FE02FE02FC
:10C44000FE02FE02FE02FE02FE02FE02FE02FE02EC
:10C45000FE02FE02FE02FE02FE02FE02FE02FE02DC
:10C46000FE02FE02FE02FE02FE02FE02FE02FE02CC
:10C47000FE02FE02FE02FE02FE02FE02FE02FE02BC
:10C48000FE02FE02FE02FE02FE02FE02FE02FE02AC
:10C49000FE02FE02FE02FE02FE02FE02FE02FE029C
:10C4A000FE02FE02FE02FE02FE02FE02FE02FE028C
:10C4B000FE02FE02FE02FE02FE02FE02FE02FE027C
:10C4C000FE02FE02FE02FE02FE02FE02FE02FE026C
:10C4D000FE02FE02FE02FE02FE02FE02FE02FE025C
:10C4E000FE02FE02FE02FE02FE02FE02FE02FE024C
:10C4F000FE02FE02FE02FE02FE02FE02FE02FE023C
:10C50000FE02FE02FE02FE02FE02FE02FE02FE022B
:10C51000FE02FE02FE02FE02FE02FE02FE02FE021B
:10C52000FE02FE02FE02FE02FE02FE02FE02FE020B
:10C53000FE02FE02FE02FE02FE02FE02FE02FE02FB
:10C54000FE02FE02FE02FE02FE02FE02FE02FE02EB
:10C55000FE02FE02FE02FE02FE02FE02FE02FE02DB
:10C56000FE02FE02FE02FE02FE02FE02FE02FE02CB
:10C57000FE02FE02FE02FE02FE02FE02FE02FE02BB
:10C58000FE02FE02FE02FE02FE02FE02FE02FE02AB
:10C59000FE02FE02FE02FE02FE02FE02FE02FE029B
:10C5A000FE02FE02FE02FE02FE02FE02FE02FE028B
:10C5B000FE02FE02FE02FE02FE02FE02FE02FE027B
:10C5C000FE02FE02FE02FE02FE02FE02FE02FE026B
:10C5D000FE02FE02FE02FE02FE02FE02FE02FE025B
:10C5E000FE02FE02FE02FE02FE02FE02FE02FE024B
:10C5F000FE02FE02FE02FE02FE02FE02FE02FE023B
:10C60000FE02FE02FE02FE02FE02FE02FE02FE022A
:10C61000FE02FE02FE02FE02FE02FE02FE02FE021A
:10C62000FE02FE02FE02FE02FE02FE02FE02FE020A
:10C63000FE02FE02FE02FE02FE02FE02FE02FE02FA
:10C64000FE02FE02FE02FE02FE02FE02FE02FE02EA
:10C65000FE02FE02FE02FE02FE02FE02FE02FE02DA
:10C66000FE02FE02FE02FE02FE02FE02FE02FE02CA
:10C67000FE02FE02FE02FE02FE02FE02FE02FE02BA
:10C68000FE02FE02FE02FE02FE02FE02FE02FE02AA
:10C69000FE02FE02FE02FE02FE02FE02FE02FE029A
:10C6A000FE02FE02FE02FE02FE02FE02FE02FE028A
:10C6B000FE02FE02FE02FE02FE02FE02FE02FE027A
:10C6C000FE02FE02FE02FE02FE02FE02FE02FE026A
:10C6D000FE02FE02FE02FE02FE02FE02FE02FE025A
:10C6E000FE02FE02FE02FE02FE02FE02FE02FE024A
:10C6F000FE02FE02FE02FE02FE02FE02FE02FE023A
:10C70000FE02FE02FE02FE02FE02FE02FE02FE0229
:10C71000FE02FE02FE02FE02FE02FE02FE02FE0219
:10C72000FE02FE02FE02FE02FE02FE02FE02FE0209
:10C73000FE02FE02FE02FE02FE02FE02FE02FE02F9
:10C74000FE02FE02FE02FE02FE02FE02FE02FE02E9
:10C75000FE02FE02FE02FE02FE02FE02FE02FE02D9
:10C76000FE02FE02FE02FE02FE02FE02FE02FE02C9
:10C77000FE02FE02FE02FE02FE02FE02FE02FE02B9
:10C78000FE02FE02FE02FE02FE02FE02FE02FE02A9
:10C79000FE02FE02FE02FE02FE02FE02FE02FE0299
:10C7A000FE02FE02FE02FE02FE02FE02FE02FE0289
:10C7B000FE02FE02FE02FE02FE02FE02FE02FE0279
:10C7C000FE02FE02FE02FE02FE02FE02FE02FE0269
:10C7D000FE02FE02FE02FE02FE02FE02FE02FE0259
:10C7E000FE02FE02FE02FE02FE02FE02FE02FE0249
:10C7F000FE02FE02FE02FE02FE02FE02FE02FE0239
:10C80000FE02FE02FE02FE02FE02FE02FE02FE0228
:10C81000FE02FE02FE02FE02FE02FE02FE02FE0218
:10C82000FE02FE02FE02FE02FE02FE02FE02FE0208
:10C83000FE02FE02FE02FE02FE02FE02FE02FE02F8
:10C84000FE02FE02FE02FE02FE02FE02FE02FE02E8
:10C85000FE02FE02FE02FE02FE02FE02FE02FE02D8
:10C86000FE02FE02FE02FE02FE02FE02FE02FE02C8
:10C87000FE02FE02FE02FE02FE02FE02FE02FE02B8
:10C88000FE02FE02FE02FE02FE02FE02FE02FE02A8
:10C89000FE02FE02FE02FE02FE02FE02FE02FE0298
:10C8A000FE02FE02FE02FE02FE02FE02FE02FE0288
:10C8B000FE02FE02FE02FE02FE02FE02FE02FE0278
:10C8C000FE02FE02FE02FE02FE02FE02FE02FE0268
:10C8D000FE02FE02FE02FE02FE02FE02FE02FE0258
:10C8E000FE02FE02FE02FE02FE02FE02FE02FE0248
:10C8F000FE02FE02FE02FE02FE02FE02FE02FE0238
:10C90000FE02FE02FE02FE02FE02FE02FE02FE0227
:10C91000FE02FE02FE02FE02FE02FE02FE02FE0217
:10C92000FE02FE02FE02FE02FE02FE02FE02FE0207
:10C93000FE02FE02FE02FE02FE02FE02FE02FE02F7
:10C94000FE02FE02FE02FE02FE02FE02FE02FE02E7
:10C95000FE02FE02FE02FE02FE02FE02FE02FE02D7
:10C96000FE02FE02FE02FE02FE02FE02FE02FE02C7
:10C97000FE02FE02FE02FE02FE02FE02FE02FE02B7
:10C98000FE02FE02FE02FE02FE02FE02FE02FE02A7
:10C99000FE02FE02FE02FE02FE02FE02FE02FE0297
:10C9A000FE02FE02FE02FE02FE02FE02FE02FE0287
:10C9B000FE02FE02FE02FE02FE02FE02FE02FE0277
:10C9C000FE02FE02FE02FE02FE02FE02FE02FE0267
:10C9D000FE02FE02FE02FE02FE02FE02FE02FE0257
:10C9E000FE02FE02FE02FE02FE02FE02FE02FE0247
:10C9F000FE02FE02FE02FE02FE02FE02FE02FE0237
:10CA0000FE02FE02FE02FE02FE02FE02FE02FE0226
:10CA1000FE02FE02FE02FE02FE02FE02FE02FE0216
:10CA2000FE02FE02FE02FE02FE02FE02FE02FE0206
:10CA3000FE02FE02FE02FE02FE02FE02FE02FE02F6
:10CA4000FE02FE02FE02FE02FE02FE02FE02FE02E6
:10CA5000FE02FE02FE02FE02FE02FE02FE02FE02D6
:10CA6000FE02FE02FE02FE02FE02FE02FE02FE02C6
:10CA7000FE02FE02FE02FE02FE02FE02FE02FE02B6
:10CA8000FE02FE02FE02FE02FE02FE02FE02FE02A6
:10CA9000FE02FE02FE02FE02FE02FE02FE02FE0296
:10CAA000FE02FE02FE02FE02FE02FE02FE02FE0286
:10CAB000FE02FE02FE02FE02FE02FE02FE02FE0276
:10CAC000FE02FE02FE02FE02FE02FE02FE02FE0266
:10CAD000FE02FE02FE02FE02FE02FE02FE02FE0256
:10CAE000FE02FE02FE02FE02FE02FE02FE02FE0246
:10CAF000FE02FE02FE02FE02FE02FE02FE02FE0236
:10CB0000FE02FE02FE02FE02FE02FE02FE02FE0225
:10CB1000FE02FE02FE02FE02FE02FE02FE02FE0215
:10CB2000FE02FE02FE02FE02FE02FE02FE02FE0205
:10CB3000FE02FE02FE02FE02FE02FE02FE02FE02F5
:10CB4000FE02FE02FE02FE02FE02FE02FE02FE02E5
:10CB5000FE02FE02FE02FE02FE02FE02FE02FE02D5
:10CB6000FE02FE02FE02FE02FE02FE02FE02FE02C5
:10CB7000FE02FE02FE02FE02FE02FE02FE02FE02B5
:10CB8000FE02FE02FE02FE02FE02FE02FE02FE02A5
:10CB9000FE02FE02FE02FE02FE02FE02FE02FE0295
:10CBA000FE02FE02FE02FE02FE02FE02FE02FE0285
:10CBB000FE02FE02FE02FE02FE02FE02FE02FE0275
:10CBC000FE02FE02FE02FE02FE02FE02FE02FE0265
:10CBD000FE02FE02FE02FE02FE02FE02FE02FE0255
:10CBE000FE02FE02FE02FE02FE02FE02FE02FE0245
:10CBF000FE02FE02FE02FE02FE02FE02FE02FE0235
:10CC0000FE02FE02FE02FE02FE02FE02FE02FE0224
:10CC1000FE02FE02FE02FE02FE02FE02FE02FE0214
:10CC2000FE02FE02FE02FE02FE02FE02FE02FE0204
:10CC3000FE02FE02FE02FE02FE02FE02FE02FE02F4
:10CC4000FE02FE02FE02FE02FE02FE02FE02FE02E4
:10CC5000FE02FE02FE02FE02FE02FE02FE02FE02D4
:10CC6000FE02FE02FE02FE02FE02FE02FE02FE02C4
:10CC7000FE02FE02FE02FE02FE02FE02FE02FE02B4
:10CC8000FE02FE02FE02FE02FE02FE02FE02FE02A4
:10CC9000FE02FE02FE02FE02FE02FE02FE02FE0294
:10CCA000FE02FE02FE02FE02FE02FE02FE02FE0284
:10CCB000FE02FE02FE02FE02FE02FE02FE02FE0274
:10CCC000FE02FE02FE02FE02FE02FE02FE02FE0264
:10CCD000FE02FE02FE02FE02FE02FE02FE02FE0254
:10CCE000FE02FE02FE02FE02FE02FE02FE02FE0244
:10CCF000FE02FE02FE02FE02FE02FE02FE02FE0234
:10CD0000FE02FE02FE02FE02FE02FE02FE02FE0223
:10CD1000FE02FE02FE02FE02FE02FE02FE02FE0213
:10CD2000FE02FE02FE02FE02FE02FE02FE02FE0203
:10CD3000FE02FE02FE02FE02FE02FE02FE02FE02F3
:10CD4000FE02FE02FE02FE02FE02FE02FE02FE02E3
:10CD5000FE02FE02FE02FE02FE02FE02FE02FE02D3
:10CD6000FE02FE02FE02FE02FE02FE02FE02FE02C3
:10CD7000FE02FE02FE02FE02FE02FE02FE02FE02B3
:10CD8000FE02FE02FE02FE02FE02FE02FE02FE02A3
:10CD9000FE02FE02FE02FE02FE02FE02FE02FE0293
:10CDA000FE02FE02FE02FE02FE02FE02FE02FE0283
:10CDB000FE02FE02FE02FE02FE02FE02FE02FE0273
:10CDC000FE02FE02FE02FE02FE02FE02FE02FE0263
:10CDD000FE02FE02FE02FE02FE02FE02FE02FE0253
:10CDE000FE02FE02FE02FE02FE02FE02FE02FE0243
:10CDF000FE02FE02FE02FE02FE02FE02FE02FE0233
:10CE0000FE02FE02FE02FE02FE02FE02FE02FE0222
:10CE1000FE02FE02FE02FE02FE02FE02FE02FE0212
:10CE2000FE02FE02FE02FE02FE02FE02FE02FE0202
:10CE3000FE02FE02FE02FE02FE02FE02FE02FE02F2
:10CE4000FE02FE02FE02FE02FE02FE02FE02FE02E2
:10CE5000FE02FE02FE02FE02FE02FE02FE02FE02D2
:10CE6000FE02FE02FE02FE02FE02FE02FE02FE02C2
:10CE7000FE02FE02FE02FE02FE02FE02FE02FE02B2
:10CE8000FE02FE02FE02FE02FE02FE02FE02FE02A2
:10CE9000FE02FE02FE02FE02FE02FE02FE02FE0292
:10CEA000FE02FE02FE02FE02FE02FE02FE02FE0282
:10CEB000FE02FE02FE02FE02FE02FE02FE02FE0272
:10CEC000FE02FE02FE02FE02FE02FE02FE02FE0262
:10CED000FE02FE02FE02FE02FE02FE02FE02FE0252
:10CEE000FE02FE02FE02FE02FE02FE02FE02FE0242
:10CEF000FE02FE02FE02FE02FE02FE02FE02FE0232
:10CF0000FE02FE02FE02FE02FE02FE02FE02FE0221
:10CF1000FE02FE02FE02FE02FE02FE02FE02FE0211
:10CF2000FE02FE02FE02FE02FE02FE02FE02FE0201
:10CF3000FE02FE02FE02FE02FE02FE02FE02FE02F1
:10CF4000FE02FE02FE02FE02FE02FE02FE02FE02E1
:10CF5000FE02FE02FE02FE02FE02FE02FE02FE02D1
:10CF6000FE02FE02FE02FE02FE02FE02FE02FE02C1
:10CF7000FE02FE02FE02FE02FE02FE02FE02FE02B1
:10CF8000FE02FE02FE02FE02FE02FE02FE02FE02A1
:10CF9000FE02FE02FE02FE02FE02FE02FE02FE0291
:10CFA000FE02FE02FE02FE02FE02FE02FE02FE0281
:10CFB000FE02FE02FE02FE02FE02FE02FE02FE0271
:10CFC000FE02FE02FE02FE02FE02FE02FE02FE0261
:10CFD000FE02FE02FE02FE02FE02FE02FE02FE0251
:10CFE000FE02FE02FE02FE02FE02FE02FE02FE0241
:10CFF000FE02FE02FE02FE02FE02FE02FE02FE0231
:10D00000FE02FE02FE02FE02FE02FE02FE02FE0220
:10D01000FE02FE02FE02FE02FE02FE02FE02FE0210
:10D02000FE02FE02FE02FE02FE02FE02FE02FE0200
:10D03000FE02FE02FE02FE02FE02FE02FE02FE02F0
:10D04000FE02FE02FE02FE02FE02FE02FE02FE02E0
:10D05000FE02FE02FE02FE02FE02FE02FE02FE02D0
:10D06000FE02FE02FE02FE02FE02FE02FE02FE02C0
:10D07000FE02FE02FE02FE02FE02FE02FE02FE02B0
:10D08000FE02FE02FE02FE02FE02FE02FE02FE02A0
:10D09000FE02FE02FE02FE02FE02FE02FE02FE0290
:10D0A000FE02FE02FE02FE02FE02FE02FE02FE0280
:10D0B000FE02FE02FE02FE02FE02FE02FE02FE0270
:10D0C000FE02FE02FE02FE02FE02FE02FE02FE0260
:10D0D000FE02FE02FE02FE02FE02FE02FE02FE0250
:10D0E000FE02FE02FE02FE02FE02FE02FE02FE0240
:10D0F000FE02FE02FE02FE02FE02FE02FE02FE0230
:10D10000FE02FE02FE02FE02FE02FE02FE02FE021F
:10D11000FE02FE02FE02FE02FE02FE02FE02FE020F
:10D12000FE02FE02FE02FE02FE02FE02FE02FE02FF
:10D13000FE02FE02FE02FE02FE02FE02FE02FE02EF
:10D14000FE02FE02FE02FE02FE02FE02FE02FE02DF
:10D15000FE02FE02FE02FE02FE02FE02FE02FE02CF
:10D16000FE02FE02FE02FE02FE02FE02FE02FE02BF
:10D17000FE02FE02FE02FE02FE02FE02FE02FE02AF
:10D18000FE02FE02FE02FE02FE02FE02FE02FE029F
:10D19000FE02FE02FE02FE02FE02FE02FE02FE028F
:10D1A000FE02FE02FE02FE02FE02FE02FE02FE027F
:10D1B000FE02FE02FE02FE02FE02FE02FE02FE026F
:10D1C000FE02FE02FE02FE02FE02FE02FE02FE025F
:10D1D000FE02FE02FE02FE02FE02FE02FE02FE024F
:10D1E000FE02FE02FE02FE02FE02FE02FE02FE023F
:10D1F000FE02FE02FE02FE02FE02FE02FE02FE022F
:10D20000FE02FE02FE02FE02FE02FE02FE02FE021E
:10D21000FE02FE02FE02FE02FE02FE02FE02FE020E
:10D22000FE02FE02FE02FE02FE02FE02FE02FE02FE
:10D23000FE02FE02FE02FE02FE02FE02FE02FE02EE
:10D24000FE02FE02FE02FE02FE02FE02FE02FE02DE
:10D25000FE02FE02FE02FE02FE02FE02FE02FE02CE
:10D26000FE02FE02FE02FE02FE02FE02FE02FE02BE
:10D27000FE02FE02FE02FE02FE02FE02FE02FE02AE
:10D28000FE02FE02FE02FE02FE02FE02FE02FE029E
:10D29000FE02FE02FE02FE02FE02FE02FE02FE028E
:10D2A000FE02FE02FE02FE02FE02FE02FE02FE027E
:10D2B000FE02FE02FE02FE02FE02FE02FE02FE026E
:10D2C000FE02FE02FE02FE02FE02FE02FE02FE025E
:10D2D000FE02FE02FE02FE02FE02FE02FE02FE024E
:10D2E000FE02FE02FE02FE02FE02FE02FE02FE023E
:10D2F000FE02FE02FE02FE02FE02FE02FE02FE022E
:10D30000FE02FE02FE02FE02FE02FE02FE02FE021D
:10D31000FE02FE02FE02FE02FE02FE02FE02FE020D
:10D32000FE02FE02FE02FE02FE02FE02FE02FE02FD
:10D33000FE02FE02FE02FE02FE02FE02FE02FE02ED
:10D34000FE02FE02FE02FE02FE02FE02FE02FE02DD
:10D35000FE02FE02FE02FE02FE02FE02FE02FE02CD
:10D36000FE02FE02FE02FE02FE02FE02FE02FE02BD
:10D37000FE02FE02FE02FE02FE02FE02FE02FE02AD
:10D38000FE02FE02FE02FE02FE02FE02FE02FE029D
:10D39000FE02FE02FE02FE02FE02FE02FE02FE028D
:10D3A000FE02FE02FE02FE02FE02FE02FE02FE027D
:10D3B000FE02FE02FE02FE02FE02FE02FE02FE026D
:10D3C000FE02FE02FE02FE02FE02FE02FE02FE025D
:10D3D000FE02FE02FE02FE02FE02FE02FE02FE024D
:10D3E000FE02FE02FE02FE02FE02FE02FE02FE023D
:10D3F000FE02FE02FE02FE02FE02FE02FE02FE022D
:10D40000FE02FE02FE02FE02FE02FE02FE02FE021C
:10D41000FE02FE02FE02FE02FE02FE02FE02FE020C
:10D42000FE02FE02FE02FE02FE02FE02FE02FE02FC
:10D43000FE02FE02FE02FE02FE02FE02FE02FE02EC
:10D44000FE02FE02FE02FE02FE02FE02FE02FE02DC
:10D45000FE02FE02FE02FE02FE02FE02FE02FE02CC
:10D46000FE02FE02FE02FE02FE02FE02FE02FE02BC
:10D47000FE02FE02FE02FE02FE02FE02FE02FE02AC
:10D48000FE02FE02FE02FE02FE02FE02FE02FE029C
:10D49000FE02FE02FE02FE02FE02FE02FE02FE028C
:10D4A000FE02FE02FE02FE02FE02FE02FE02FE027C
:10D4B000FE02FE02FE02FE02FE02FE02FE02FE026C
:10D4C000FE02FE02FE02FE02FE02FE02FE02FE025C
:10D4D000FE02FE02FE02FE02FE02FE02FE02FE024C
:10D4E000FE02FE02FE02FE02FE02FE02FE02FE023C
:10D4F000FE02FE02FE02FE02FE02FE02FE02FE022C
:10D50000FE02FE02FE02FE02FE02FE02FE02FE021B
:10D51000FE02FE02FE02FE02FE02FE02FE02FE020B
:10D52000FE02FE02FE02FE02FE02FE02FE02FE02FB
:10D53000FE02FE02FE02FE02FE02FE02FE02FE02EB
:10D54000FE02FE02FE02FE02FE02FE02FE02FE02DB
:10D55000FE02FE02FE02FE02FE02FE02FE02FE02CB
:10D56000FE02FE02FE02FE02FE02FE02FE02FE02BB
:10D57000FE02FE02FE02FE02FE02FE02FE02FE02AB
:10D58000FE02FE02FE02FE02FE02FE02FE02FE029B
:10D59000FE02FE02FE02FE02FE02FE02FE02FE028B
:10D5A000FE02FE02FE02FE02FE02FE02FE02FE027B
:10D5B000FE02FE02FE02FE02FE02FE02FE02FE026B
:10D5C000FE02FE02FE02FE02FE02FE02FE02FE025B
:10D5D000FE02FE02FE02FE02FE02FE02FE02FE024B
:10D5E000FE02FE02FE02FE02FE02FE02FE02FE023B
:10D5F000FE02FE02FE02FE02FE02FE02FE02FE022B
:10D60000FE02FE02FE02FE02FE02FE02FE02FE021A
:10D61000FE02FE02FE02FE02FE02FE02FE02FE020A
:10D62000FE02FE02FE02FE02FE02FE02FE02FE02FA
:10D63000FE02FE02FE02FE02FE02FE02FE02FE02EA
:10D64000FE02FE02FE02FE02FE02FE02FE02FE02DA
:10D65000FE02FE02FE02FE02FE02FE02FE02FE02CA
:10D66000FE02FE02FE02FE02FE02FE02FE02FE02BA
:10D67000FE02FE02FE02FE02FE02FE02FE02FE02AA
:10D68000FE02FE02FE02FE02FE02FE02FE02FE029A
:10D69000FE02FE02FE02FE02FE02FE02FE02FE028A
:10D6A000FE02FE02FE02FE02FE02FE02FE02FE027A
:10D6B000FE02FE02FE02FE02FE02FE02FE02FE026A
:10D6C000FE02FE02FE02FE02FE02FE02FE02FE025A
:10D6D000FE02FE02FE02FE02FE02FE02FE02FE024A
:10D6E000FE02FE02FE02FE02FE02FE02FE02FE023A
:10D6F000FE02FE02FE02FE02FE02FE02FE02FE022A
:10D70000FE02FE02FE02FE02FE02FE02FE02FE0219
:10D71000FE02FE02FE02FE02FE02FE02FE02FE0209
:10D72000FE02FE02FE02FE02FE02FE02FE02FE02F9
:10D73000FE02FE02FE02FE02FE02FE02FE02FE02E9
:10D74000FE02FE02FE02FE02FE02FE02FE02FE02D9
:10D75000FE02FE02FE02FE02FE02FE02FE02FE02C9
:10D76000FE02FE02FE02FE02FE02FE02FE02FE02B9
:10D77000FE02FE02FE02FE02FE02FE02FE02FE02A9
:10D78000FE02FE02FE02FE02FE02FE02FE02FE0299
:10D79000FE02FE02FE02FE02FE02FE02FE02FE0289
:10D7A000FE02FE02FE02FE02FE02FE02FE02FE0279
:10D7B000FE02FE02FE02FE02FE02FE02FE02FE0269
:10D7C000FE02FE02FE02FE02FE02FE02FE02FE0259
:10D7D000FE02FE02FE02FE02FE02FE02FE02FE0249
:10D7E000FE02FE02FE02FE02FE02FE02FE02FE0239
:10D7F000FE02FE02FE02FE02FE02FE02FE02FE0229
:10D80000FE02FE02FE02FE02FE02FE02FE02FE0218
:10D81000FE02FE02FE02FE02FE02FE02FE02FE0208
:10D82000FE02FE02FE02FE02FE02FE02FE02FE02F8
:10D83000FE02FE02FE02FE02FE02FE02FE02FE02E8
:10D84000FE02FE02FE02FE02FE02FE02FE02FE02D8
:10D85000FE02FE02FE02FE02FE02FE02FE02FE02C8
:10D86000FE02FE02FE02FE02FE02FE02FE02FE02B8
:10D87000FE02FE02FE02FE02FE02FE02FE02FE02A8
:10D88000FE02FE02FE02FE02FE02FE02FE02FE0298
:10D89000FE02FE02FE02FE02FE02FE02FE02FE0288
:10D8A000FE02FE02FE02FE02FE02FE02FE02FE0278
:10D8B000FE02FE02FE02FE02FE02FE02FE02FE0268
:10D8C000FE02FE02FE02FE02FE02FE02FE02FE0258
:10D8D000FE02FE02FE02FE02FE02FE02FE02FE0248
:10D8E000FE02FE02FE02FE02FE02FE02FE02FE0238
:10D8F000FE02FE02FE02FE02FE02FE02FE02FE0228
:10D90000FE02FE02FE02FE02FE02FE02FE02FE0217
:10D91000FE02FE02FE02FE02FE02FE02FE02FE0207
:10D92000FE02FE02FE02FE02FE02FE02FE02FE02F7
:10D93000FE02FE02FE02FE02FE02FE02FE02FE02E7
:10D94000FE02FE02FE02FE02FE02FE02FE02FE02D7
:10D95000FE02FE02FE02FE02FE02FE02FE02FE02C7
:10D96000FE02FE02FE02FE02FE02FE02FE02FE02B7
:10D97000FE02FE02FE02FE02FE02FE02FE02FE02A7
:10D98000FE02FE02FE02FE02FE02FE02FE02FE0297
:10D99000FE02FE02FE02FE02FE02FE02FE02FE0287
:10D9A000FE02FE02FE02FE02FE02FE02FE02FE0277
:10D9B000FE02FE02FE02FE02FE02FE02FE02FE0267
:10D9C000FE02FE02FE02FE02FE02FE02FE02FE0257
:10D9D000FE02FE02FE02FE02FE02FE02FE02FE0247
:10D9E000FE02FE02FE02FE02FE02FE02FE02FE0237
:10D9F000FE02FE02FE02FE02FE02FE02FE02FE0227
:10DA0000FE02FE02FE02FE02FE02FE02FE02FE0216
:10DA1000FE02FE02FE02FE02FE02FE02FE02FE0206
:10DA2000FE02FE02FE02FE02FE02FE02FE02FE02F6
:10DA3000FE02FE02FE02FE02FE02FE02FE02FE02E6
:10DA4000FE02FE02FE02FE02FE02FE02FE02FE02D6
:10DA5000FE02FE02FE02FE02FE02FE02FE02FE02C6
:10DA6000FE02FE02FE02FE02FE02FE02FE02FE02B6
:10DA7000FE02FE02FE02FE02FE02FE02FE02FE02A6
:10DA8000FE02FE02FE02FE02FE02FE02FE02FE0296
:10DA9000FE02FE02FE02FE02FE02FE02FE02FE0286
:10DAA000FE02FE02FE02FE02FE02FE02FE02FE0276
:10DAB000FE02FE02FE02FE02FE02FE02FE02FE0266
:10DAC000FE02FE02FE02FE02FE02FE02FE02FE0256
:10DAD000FE02FE02FE02FE02FE02FE02FE02FE0246
:10DAE000FE02FE02FE02FE02FE02FE02FE02FE0236
:10DAF000FE02FE02FE02FE02FE02FE02FE02FE0226
:10DB0000FE02FE02FE02FE02FE02FE02FE02FE0215
:10DB1000FE02FE02FE02FE02FE02FE02FE02FE0205
:10DB2000FE02FE02FE02FE02FE02FE02FE02FE02F5
:10DB3000FE02FE02FE02FE02FE02FE02FE02FE02E5
:10DB4000FE02FE02FE02FE02FE02FE02FE02FE02D5
:10DB5000FE02FE02FE02FE02FE02FE02FE02FE02C5
:10DB6000FE02FE02FE02FE02FE02FE02FE02FE02B5
:10DB7000FE02FE02FE02FE02FE02FE02FE02FE02A5
:10DB8000FE02FE02FE02FE02FE02FE02FE02FE0295
:10DB9000FE02FE02FE02FE02FE02FE02FE02FE0285
:10DBA000FE02FE02FE02FE02FE02FE02FE02FE0275
:10DBB000FE02FE02FE02FE02FE02FE02FE02FE0265
:10DBC000FE02FE02FE02FE02FE02FE02FE02FE0255
:10DBD000FE02FE02FE02FE02FE02FE02FE02FE0245
:10DBE000FE02FE02FE02FE02FE02FE02FE02FE0235
:10DBF000FE02FE02FE02FE02FE02FE02FE02FE0225
:10DC0000FE02FE02FE02FE02FE02FE02FE02FE0214
:10DC1000FE02FE02FE02FE02FE02FE02FE02FE0204
:10DC2000FE02FE02FE02FE02FE02FE02FE02FE02F4
:10DC3000FE02FE02FE02FE02FE02FE02FE02FE02E4
:10DC4000FE02FE02FE02FE02FE02FE02FE02FE02D4
:10DC5000FE02FE02FE02FE02FE02FE02FE02FE02C4
:10DC6000FE02FE02FE02FE02FE02FE02FE02FE02B4
:10DC7000FE02FE02FE02FE02FE02FE02FE02FE02A4
:10DC8000FE02FE02FE02FE02FE02FE02FE02FE0294
:10DC9000FE02FE02FE02FE02FE02FE02FE02FE0284
:10DCA000FE02FE02FE02FE02FE02FE02FE02FE0274
:10DCB000FE02FE02FE02FE02FE02FE02FE02FE0264
:10DCC000FE02FE02FE02FE02FE02FE02FE02FE0254
:10DCD000FE02FE02FE02FE02FE02FE02FE02FE0244
:10DCE000FE02FE02FE02FE02FE02FE02FE02FE0234
:10DCF000FE02FE02FE02FE02FE02FE02FE02FE0224
:10DD0000FE02FE02FE02FE02FE02FE02FE02FE0213
:10DD1000FE02FE02FE02FE02FE02FE02FE02FE0203
:10DD2000FE02FE02FE02FE02FE02FE02FE02FE02F3
:10DD3000FE02FE02FE02FE02FE02FE02FE02FE02E3
:10DD4000FE02FE02FE02FE02FE02FE02FE02FE02D3
:10DD5000FE02FE02FE02FE02FE02FE02FE02FE02C3
:10DD6000FE02FE02FE02FE02FE02FE02FE02FE02B3
:10DD7000FE02FE02FE02FE02FE02FE02FE02FE02A3
:10DD8000FE02FE02FE02FE02FE02FE02FE02FE0293
:10DD9000FE02FE02FE02FE02FE02FE02FE02FE0283
:10DDA000FE02FE02FE02FE02FE02FE02FE02FE0273
:10DDB000FE02FE02FE02FE02FE02FE02FE02FE0263
:10DDC000FE02FE02FE02FE02FE02FE02FE02FE0253
:10DDD000FE02FE02FE02FE02FE02FE02FE02FE0243
:10DDE000FE02FE02FE02FE02FE02FE02FE02FE0233
:10DDF000FE02FE02FE02FE02FE02FE02FE02FE0223
:10DE0000FE02FE02FE02FE02FE02FE02FE02FE0212
:10DE1000FE02FE02FE02FE02FE02FE02FE02FE0202
:10DE2000FE02FE02FE02FE02FE02FE02FE02FE02F2
:10DE3000FE02FE02FE02FE02FE02FE02FE02FE02E2
:10DE4000FE02FE02FE02FE02FE02FE02FE02FE02D2
:10DE5000FE02FE02FE02FE02FE02FE02FE02FE02C2
:10DE6000FE02FE02FE02FE02FE02FE02FE02FE02B2
:10DE7000FE02FE02FE02FE02FE02FE02FE02FE02A2
:10DE8000FE02FE02FE02FE02FE02FE02FE02FE0292
:10DE9000FE02FE02FE02FE02FE02FE02FE02FE0282
:10DEA000FE02FE02FE02FE02FE02FE02FE02FE0272
:10DEB000FE02FE02FE02FE02FE02FE02FE02FE0262
:10DEC000FE02FE02FE02FE02FE02FE02FE02FE0252
:10DED000FE02FE02FE02FE02FE02FE02FE02FE0242
:10DEE000FE02FE02FE02FE02FE02FE02FE02FE0232
:10DEF000FE02FE02FE02FE02FE02FE02FE02FE0222
:10DF0000FE02FE02FE02FE02FE02FE02FE02FE0211
:10DF1000FE02FE02FE02FE02FE02FE02FE02FE0201
:10DF2000FE02FE02FE02FE02FE02FE02FE02FE02F1
:10DF3000FE02FE02FE02FE02FE02FE02FE02FE02E1
:10DF4000FE02FE02FE02FE02FE02FE02FE02FE02D1
:10DF5000FE02FE02FE02FE02FE02FE02FE02FE02C1
:10DF6000FE02FE02FE02FE02FE02FE02FE02FE02B1
:10DF7000FE02FE02FE02FE02FE02FE02FE02FE02A1
:10DF8000FE02FE02FE02FE02FE02FE02FE02FE0291
:10DF9000FE02FE02FE02FE02FE02FE02FE02FE0281
:10DFA000FE02FE02FE02FE02FE02FE02FE02FE0271
:10DFB000FE02FE02FE02FE02FE02FE02FE02FE0261
:10DFC000FE02FE02FE02FE02FE02FE02FE02FE0251
:10DFD000FE02FE02FE02FE02FE02FE02FE02FE0241
:10DFE000FE02FE02FE02FE02FE02FE02FE02FE0231
:10DFF000FE02FE02FE02FE02FE02FE02FE02FE0221
:10E00000FE02FE02FE02FE02FE02FE02FE02FE0210
:10E01000FE02FE02FE02FE02FE02FE02FE02FE0200
:10E02000FE02FE02FE02FE02FE02FE02FE02FE02F0
:10E03000FE02FE02FE02FE02FE02FE02FE02FE02E0
:10E04000FE02FE02FE02FE02FE02FE02FE02FE02D0
:10E05000FE02FE02FE02FE02FE02FE02FE02FE02C0
:10E06000FE02FE02FE02FE02FE02FE02FE02FE02B0
:10E07000FE02FE02FE02FE02FE02FE02FE02FE02A0
:10E08000FE02FE02FE02FE02FE02FE02FE02FE0290
:10E09000FE02FE02FE02FE02FE02FE02FE02FE0280
:10E0A000FE02FE02FE02FE02FE02FE02FE02FE0270
:10E0B000FE02FE02FE02FE02FE02FE02FE02FE0260
:10E0C000FE02FE02FE02FE02FE02FE02FE02FE0250
:10E0D000FE02FE02FE02FE02FE02FE02FE02FE0240
:10E0E000FE02FE02FE02FE02FE02FE02FE02FE0230
:10E0F000FE02FE02FE02FE02FE02FE02FE02FE0220
:10E10000FE02FE02FE02FE02FE02FE02FE02FE020F
:10E11000FE02FE02FE02FE02FE02FE02FE02FE02FF
:10E12000FE02FE02FE02FE02FE02FE02FE02FE02EF
:10E13000FE02FE02FE02FE02FE02FE02FE02FE02DF
:10E14000FE02FE02FE02FE02FE02FE02FE02FE02CF
:10E15000FE02FE02FE02FE02FE02FE02FE02FE02BF
:10E16000FE02FE02FE02FE02FE02FE02FE02FE02AF
:10E17000FE02FE02FE02FE02FE02FE02FE02FE029F
:10E18000FE02FE02FE02FE02FE02FE02FE02FE028F
:10E19000FE02FE02FE02FE02FE02FE02FE02FE027F
:10E1A000FE02FE02FE02FE02FE02FE02FE02FE026F
:10E1B000FE02FE02FE02FE02FE02FE02FE02FE025F
:10E1C000FE02FE02FE02FE02FE02FE02FE02FE024F
:10E1D000FE02FE02FE02FE02FE02FE02FE02FE023F
:10E1E000FE02FE02FE02FE02FE02FE02FE02FE022F
:10E1F000FE02FE02FE02FE02FE02FE02FE02FE021F
:10E20000FE02FE02FE02FE02FE02FE02FE02FE020E
:10E21000FE02FE02FE02FE02FE02FE02FE02FE02FE
:10E22000FE02FE02FE02FE02FE02FE02FE02FE02EE
:10E23000FE02FE02FE02FE02FE02FE02FE02FE02DE
:10E24000FE02FE02FE02FE02FE02FE02FE02FE02CE
:10E25000FE02FE02FE02FE02FE02FE02FE02FE02BE
:10E26000FE02FE02FE02FE02FE02FE02FE02FE02AE
:10E27000FE02FE02FE02FE02FE02FE02FE02FE029E
:10E28000FE02FE02FE02FE02FE02FE02FE02FE028E
:10E29000FE02FE02FE02FE02FE02FE02FE02FE027E
:10E2A000FE02FE02FE02FE02FE02FE02FE02FE026E
:10E2B000FE02FE02FE02FE02FE02FE02FE02FE025E
:10E2C000FE02FE02FE02FE02FE02FE02FE02FE024E
:10E2D000FE02FE02FE02FE02FE02FE02FE02FE023E
:10E2E000FE02FE02FE02FE02FE02FE02FE02FE022E
:10E2F000FE02FE02FE02FE02FE02FE02FE02FE021E
:10E30000FE02FE02FE02FE02FE02FE02FE02FE020D
:10E31000FE02FE02FE02FE02FE02FE02FE02FE02FD
:10E32000FE02FE02FE02FE02FE02FE02FE02FE02ED
:10E33000FE02FE02FE02FE02FE02FE02FE02FE02DD
:10E34000FE02FE02FE02FE02FE02FE02FE02FE02CD
:10E35000FE02FE02FE02FE02FE02FE02FE02FE02BD
:10E36000FE02FE02FE02FE02FE02FE02FE02FE02AD
:10E37000FE02FE02FE02FE02FE02FE02FE02FE029D
:10E38000FE02FE02FE02FE02FE02FE02FE02FE028D
:10E39000FE02FE02FE02FE02FE02FE02FE02FE027D
:10E3A000FE02FE02FE02FE02FE02FE02FE02FE026D
:10E3B000FE02FE02FE02FE02FE02FE02FE02FE025D
:10E3C000FE02FE02FE02FE02FE02FE02FE02FE024D
:10E3D000FE02FE02FE02FE02FE02FE02FE02FE023D
:10E3E000FE02FE02FE02FE02FE02FE02FE02FE022D
:10E3F000FE02FE02FE02FE02FE02FE02FE02FE021D
:10E40000FE02FE02FE02FE02FE02FE02FE02FE020C
:10E41000FE02FE02FE02FE02FE02FE02FE02FE02FC
:10E42000FE02FE02FE02FE02FE02FE02FE02FE02EC
:10E43000FE02FE02FE02FE02FE02FE02FE02FE02DC
:10E44000FE02FE02FE02FE02FE02FE02FE02FE02CC
:10E45000FE02FE02FE02FE02FE02FE02FE02FE02BC
:10E46000FE02FE02FE02FE02FE02FE02FE02FE02AC
:10E47000FE02FE02FE02FE02FE02FE02FE02FE029C
:10E48000FE02FE02FE02FE02FE02FE02FE02FE028C
:10E49000FE02FE02FE02FE02FE02FE02FE02FE027C
:10E4A000FE02FE02FE02FE02FE02FE02FE02FE026C
:10E4B000FE02FE02FE02FE02FE02FE02FE02FE025C
:10E4C000FE02FE02FE02FE02FE02FE02FE02FE024C
:10E4D000FE02FE02FE02FE02FE02FE02FE02FE023C
:10E4E000FE02FE02FE02FE02FE02FE02FE02FE022C
:10E4F000FE02FE02FE02FE02FE02FE02FE02FE021C
:10E50000FE02FE02FE02FE02FE02FE02FE02FE020B
:10E51000FE02FE02FE02FE02FE02FE02FE02FE02FB
:10E52000FE02FE02FE02FE02FE02FE02FE02FE02EB
:10E53000FE02FE02FE02FE02FE02FE02FE02FE02DB
:10E54000FE02FE02FE02FE02FE02FE02FE02FE02CB
:10E55000FE02FE02FE02FE02FE02FE02FE02FE02BB
:10E56000FE02FE02FE02FE02FE02FE02FE02FE02AB
:10E57000FE02FE02FE02FE02FE02FE02FE02FE029B
:10E58000FE02FE02FE02FE02FE02FE02FE02FE028B
:10E59000FE02FE02FE02FE02FE02FE02FE02FE027B
:10E5A000FE02FE02FE02FE02FE02FE02FE02FE026B
:10E5B000FE02FE02FE02FE02FE02FE02FE02FE025B
:10E5C000FE02FE02FE02FE02FE02FE02FE02FE024B
:10E5D000FE02FE02FE02FE02FE02FE02FE02FE023B
:10E5E000FE02FE02FE02FE02FE02FE02FE02FE022B
:10E5F000FE02FE02FE02FE02FE02FE02FE02FE021B
:10E60000FE02FE02FE02FE02FE02FE02FE02FE020A
:10E61000FE02FE02FE02FE02FE02FE02FE02FE02FA
:10E62000FE02FE02FE02FE02FE02FE02FE02FE02EA
:10E63000FE02FE02FE02FE02FE02FE02FE02FE02DA
:10E64000FE02FE02FE02FE02FE02FE02FE02FE02CA
:10E65000FE02FE02FE02FE02FE02FE02FE02FE02BA
:10E66000FE02FE02FE02FE02FE02FE02FE02FE02AA
:10E67000FE02FE02FE02FE02FE02FE02FE02FE029A
:10E68000FE02FE02FE02FE02FE02FE02FE02FE028A
:10E69000FE02FE02FE02FE02FE02FE02FE02FE027A
:10E6A000FE02FE02FE02FE02FE02FE02FE02FE026A
:10E6B000FE02FE02FE02FE02FE02FE02FE02FE025A
:10E6C000FE02FE02FE02FE02FE02FE02FE02FE024A
:10E6D000FE02FE02FE02FE02FE02FE02FE02FE023A
:10E6E000FE02FE02FE02FE02FE02FE02FE02FE022A
:10E6F000FE02FE02FE02FE02FE02FE02FE02FE021A
:10E70000FE02FE02FE02FE02FE02FE02FE02FE0209
:10E71000FE02FE02FE02FE02FE02FE02FE02FE02F9
:10E72000FE02FE02FE02FE02FE02FE02FE02FE02E9
:10E73000FE02FE02FE02FE02FE02FE02FE02FE02D9
:10E74000FE02FE02FE02FE02FE02FE02FE02FE02C9
:10E75000FE02FE02FE02FE02FE02FE02FE02FE02B9
:10E76000FE02FE02FE02FE02FE02FE02FE02FE02A9
:10E77000FE02FE02FE02FE02FE02FE02FE02FE0299
:10E78000FE02FE02FE02FE02FE02FE02FE02FE0289
:10E79000FE02FE02FE02FE02FE02FE02FE02FE0279
:10E7A000FE02FE02FE02FE02FE02FE02FE02FE0269
:10E7B000FE02FE02FE02FE02FE02FE02FE02FE0259
:10E7C000FE02FE02FE02FE02FE02FE02FE02FE0249
:10E7D000FE02FE02FE02FE02FE02FE02FE02FE0239
:10E7E000FE02FE02FE02FE02FE02FE02FE02FE0229
:10E7F000FE02FE02FE02FE02FE02FE02FE02FE0219
:10E80000FE02FE02FE02FE02FE02FE02FE02FE0208
:10E81000FE02FE02FE02FE02FE02FE02FE02FE02F8
:10E82000FE02FE02FE02FE02FE02FE02FE02FE02E8
:10E83000FE02FE02FE02FE02FE02FE02FE02FE02D8
:10E84000FE02FE02FE02FE02FE02FE02FE02FE02C8
:10E85000FE02FE02FE02FE02FE02FE02FE02FE02B8
:10E86000FE02FE02FE02FE02FE02FE02FE02FE02A8
:10E87000FE02FE02FE02FE02FE02FE02FE02FE0298
:10E88000FE02FE02FE02FE02FE02FE02FE02FE0288
:10E89000FE02FE02FE02FE02FE02FE02FE02FE0278
:10E8A000FE02FE02FE02FE02FE02FE02FE02FE0268
:10E8B000FE02FE02FE02FE02FE02FE02FE02FE0258
:10E8C000FE02FE02FE02FE02FE02FE02FE02FE0248
:10E8D000FE02FE02FE02FE02FE02FE02FE02FE0238
:10E8E000FE02FE02FE02FE02FE02FE02FE02FE0228
:10E8F000FE02FE02FE02FE02FE02FE02FE02FE0218
:10E90000FE02FE02FE02FE02FE02FE02FE02FE0207
:10E91000FE02FE02FE02FE02FE02FE02FE02FE02F7
:10E92000FE02FE02FE02FE02FE02FE02FE02FE02E7
:10E93000FE02FE02FE02FE02FE02FE02FE02FE02D7
:10E94000FE02FE02FE02FE02FE02FE02FE02FE02C7
:10E95000FE02FE02FE02FE02FE02FE02FE02FE02B7
:10E96000FE02FE02FE02FE02FE02FE02FE02FE02A7
:10E97000FE02FE02FE02FE02FE02FE02FE02FE0297
:10E98000FE02FE02FE02FE02FE02FE02FE02FE0287
:10E99000FE02FE02FE02FE02FE02FE02FE02FE0277
:10E9A000FE02FE02FE02FE02FE02FE02FE02FE0267
:10E9B000FE02FE02FE02FE02FE02FE02FE02FE0257
:10E9C000FE02FE02FE02FE02FE02FE02FE02FE0247
:10E9D000FE02FE02FE02FE02FE02FE02FE02FE0237
:10E9E000FE02FE02FE02FE02FE02FE02FE02FE0227
:10E9F000FE02FE02FE02FE02FE02FE02FE02FE0217
:10EA0000FE02FE02FE02FE02FE02FE02FE02FE0206
:10EA1000FE02FE02FE02FE02FE02FE02FE02FE02F6
:10EA2000FE02FE02FE02FE02FE02FE02FE02FE02E6
:10EA3000FE02FE02FE02FE02FE02FE02FE02FE02D6
:10EA4000FE02FE02FE02FE02FE02FE02FE02FE02C6
:10EA5000FE02FE02FE02FE02FE02FE02FE02FE02B6
:10EA6000FE02FE02FE02FE02FE02FE02FE02FE02A6
:10EA7000FE02FE02FE02FE02FE02FE02FE02FE0296
:10EA8000FE02FE02FE02FE02FE02FE02FE02FE0286
:10EA9000FE02FE02FE02FE02FE02FE02FE02FE0276
:10EAA000FE02FE02FE02FE02FE02FE02FE02FE0266
:10EAB000FE02FE02FE02FE02FE02FE02FE02FE0256
:10EAC000FE02FE02FE02FE02FE02FE02FE02FE0246
:10EAD000FE02FE02FE02FE02FE02FE02FE02FE0236
:10EAE000FE02FE02FE02FE02FE02FE02FE02FE0226
:10EAF000FE02FE02FE02FE02FE02FE02FE02FE0216
:10EB0000FE02FE02FE02FE02FE02FE02FE02FE0205
:10EB1000FE02FE02FE02FE02FE02FE02FE02FE02F5
:10EB2000FE02FE02FE02FE02FE02FE02FE02FE02E5
:10EB3000FE02FE02FE02FE02FE02FE02FE02FE02D5
:10EB4000FE02FE02FE02FE02FE02FE02FE02FE02C5
:10EB5000FE02FE02FE02FE02FE02FE02FE02FE02B5
:10EB6000FE02FE02FE02FE02FE02FE02FE02FE02A5
:10EB7000FE02FE02FE02FE02FE02FE02FE02FE0295
:10EB8000FE02FE02FE02FE02FE02FE02FE02FE0285
:10EB9000FE02FE02FE02FE02FE02FE02FE02FE0275
:10EBA000FE02FE02FE02FE02FE02FE02FE02FE0265
:10EBB000FE02FE02FE02FE02FE02FE02FE02FE0255
:10EBC000FE02FE02FE02FE02FE02FE02FE02FE0245
:10EBD000FE02FE02FE02FE02FE02FE02FE02FE0235
:10EBE000FE02FE02FE02FE02FE02FE02FE02FE0225
:10EBF000FE02FE02FE02FE02FE02FE02FE02FE0215
:10EC0000FE02FE02FE02FE02FE02FE02FE02FE0204
:10EC1000FE02FE02FE02FE02FE02FE02FE02FE02F4
:10EC2000FE02FE02FE02FE02FE02FE02FE02FE02E4
:10EC3000FE02FE02FE02FE02FE02FE02FE02FE02D4
:10EC4000FE02FE02FE02FE02FE02FE02FE02FE02C4
:10EC5000FE02FE02FE02FE02FE02FE02FE02FE02B4
:10EC6000FE02FE02FE02FE02FE02FE02FE02FE02A4
:10EC7000FE02FE02FE02FE02FE02FE02FE02FE0294
:10EC8000FE02FE02FE02FE02FE02FE02FE02FE0284
:10EC9000FE02FE02FE02FE02FE02FE02FE02FE0274
:10ECA000FE02FE02FE02FE02FE02FE02FE02FE0264
:10ECB000FE02FE02FE02FE02FE02FE02FE02FE0254
:10ECC000FE02FE02FE02FE02FE02FE02FE02FE0244
:10ECD000FE02FE02FE02FE02FE02FE02FE02FE0234
:10ECE000FE02FE02FE02FE02FE02FE02FE02FE0224
:10ECF000FE02FE02FE02FE02FE02FE02FE02FE0214
:10ED0000FE02FE02FE02FE02FE02FE02FE02FE0203
:10ED1000FE02FE02FE02FE02FE02FE02FE02FE02F3
:10ED2000FE02FE02FE02FE02FE02FE02FE02FE02E3
:10ED3000FE02FE02FE02FE02FE02FE02FE02FE02D3
:10ED4000FE02FE02FE02FE02FE02FE02FE02FE02C3
:10ED5000FE02FE02FE02FE02FE02FE02FE02FE02B3
:10ED6000FE02FE02FE02FE02FE02FE02FE02FE02A3
:10ED7000FE02FE02FE02FE02FE02FE02FE02FE0293
:10ED8000FE02FE02FE02FE02FE02FE02FE02FE0283
:10ED9000FE02FE02FE02FE02FE02FE02FE02FE0273
:10EDA000FE02FE02FE02FE02FE02FE02FE02FE0263
:10EDB000FE02FE02FE02FE02FE02FE02FE02FE0253
:10EDC000FE02FE02FE02FE02FE02FE02FE02FE0243
:10EDD000FE02FE02FE02FE02FE02FE02FE02FE0233
:10EDE000FE02FE02FE02FE02FE02FE02FE02FE0223
:10EDF000FE02FE02FE02FE02FE02FE02FE02FE0213
:10EE0000FE02FE02FE02FE02FE02FE02FE02FE0202
:10EE1000FE02FE02FE02FE02FE02FE02FE02FE02F2
:10EE2000FE02FE02FE02FE02FE02FE02FE02FE02E2
:10EE3000FE02FE02FE02FE02FE02FE02FE02FE02D2
:10EE4000FE02FE02FE02FE02FE02FE02FE02FE02C2
:10EE5000FE02FE02FE02FE02FE02FE02FE02FE02B2
:10EE6000FE02FE02FE02FE02FE02FE02FE02FE02A2
:10EE7000FE02FE02FE02FE02FE02FE02FE02FE0292
:10EE8000FE02FE02FE02FE02FE02FE02FE02FE0282
:10EE9000FE02FE02FE02FE02FE02FE02FE02FE0272
:10EEA000FE02FE02FE02FE02FE02FE02FE02FE0262
:10EEB000FE02FE02FE02FE02FE02FE02FE02FE0252
:10EEC000FE02FE02FE02FE02FE02FE02FE02FE0242
:10EED000FE02FE02FE02FE02FE02FE02FE02FE0232
:10EEE000FE02FE02FE02FE02FE02FE02FE02FE0222
:10EEF000FE02FE02FE02FE02FE02FE02FE02FE0212
:10EF0000FE02FE02FE02FE02FE02FE02FE02FE0201
:10EF1000FE02FE02FE02FE02FE02FE02FE02FE02F1
:10EF2000FE02FE02FE02FE02FE02FE02FE02FE02E1
:10EF3000FE02FE02FE02FE02FE02FE02FE02FE02D1
:10EF4000FE02FE02FE02FE02FE02FE02FE02FE02C1
:10EF5000FE02FE02FE02FE02FE02FE02FE02FE02B1
:10EF6000FE02FE02FE02FE02FE02FE02FE02FE02A1
:10EF7000FE02FE02FE02FE02FE02FE02FE02FE0291
:10EF8000FE02FE02FE02FE02FE02FE02FE02FE0281
:10EF9000FE02FE02FE02FE02FE02FE02FE02FE0271
:10EFA000FE02FE02FE02FE02FE02FE02FE02FE0261
:10EFB000FE02FE02FE02FE02FE02FE02FE02FE0251
:10EFC000FE02FE02FE02FE02FE02FE02FE02FE0241
:10EFD000FE02FE02FE02FE02FE02FE02FE02FE0231
:10EFE000FE02FE02FE02FE02FE02FE02FE02FE0221
:10EFF000FE02FE02FE02FE02FE02FE02FE02FE0211
:10F00000FE02FE02FE02FE02FE02FE02FE02FE0200
:10F01000FE02FE02FE02FE02FE02FE02FE02FE02F0
:10F02000FE02FE02FE02FE02FE02FE02FE02FE02E0
:10F03000FE02FE02FE02FE02FE02FE02FE02FE02D0
:10F04000FE02FE02FE02FE02FE02FE02FE02FE02C0
:10F05000FE02FE02FE02FE02FE02FE02FE02FE02B0
:10F06000FE02FE02FE02FE02FE02FE02FE02FE02A0
:10F07000FE02FE02FE02FE02FE02FE02FE02FE0290
:10F08000FE02FE02FE02FE02FE02FE02FE02FE0280
:10F09000FE02FE02FE02FE02FE02FE02FE02FE0270
:10F0A000FE02FE02FE02FE02FE02FE02FE02FE0260
:10F0B000FE02FE02FE02FE02FE02FE02FE02FE0250
:10F0C000FE02FE02FE02FE02FE02FE02FE02FE0240
:10F0D000FE02FE02FE02FE02FE02FE02FE02FE0230
:10F0E000FE02FE02FE02FE02FE02FE02FE02FE0220
:10F0F000FE02FE02FE02FE02FE02FE02FE02FE0210
:10F10000FE02FE02FE02FE02FE02FE02FE02FE02FF
:10F11000FE02FE02FE02FE02FE02FE02FE02FE02EF
:10F12000FE02FE02FE02FE02FE02FE02FE02FE02DF
:10F13000FE02FE02FE02FE02FE02FE02FE02FE02CF
:10F14000FE02FE02FE02FE02FE02FE02FE02FE02BF
:10F15000FE02FE02FE02FE02FE02FE02FE02FE02AF
:10F16000FE02FE02FE02FE02FE02FE02FE02FE029F
:10F17000FE02FE02FE02FE02FE02FE02FE02FE028F
:10F18000FE02FE02FE02FE02FE02FE02FE02FE027F
:10F19000FE02FE02FE02FE02FE02FE02FE02FE026F
:10F1A000FE02FE02FE02FE02FE02FE02FE02FE025F
:10F1B000FE02FE02FE02FE02FE02FE02FE02FE024F
:10F1C000FE02FE02FE02FE02FE02FE02FE02FE023F
:10F1D000FE02FE02FE02FE02FE02FE02FE02FE022F
:10F1E000FE02FE02FE02FE02FE02FE02FE02FE021F
:10F1F000FE02FE02FE02FE02FE02FE02FE02FE020F
:10F20000FE02FE02FE02FE02FE02FE02FE02FE02FE
:10F21000FE02FE02FE02FE02FE02FE02FE02FE02EE
:10F22000FE02FE02FE02FE02FE02FE02FE02FE02DE
:10F23000FE02FE02FE02FE02FE02FE02FE02FE02CE
:10F24000FE02FE02FE02FE02FE02FE02FE02FE02BE
:10F25000FE02FE02FE02FE02FE02FE02FE02FE02AE
:10F26000FE02FE02FE02FE02FE02FE02FE02FE029E
:10F27000FE02FE02FE02FE02FE02FE02FE02FE028E
:10F28000FE02FE02FE02FE02FE02FE02FE02FE027E
:10F29000FE02FE02FE02FE02FE02FE02FE02FE026E
:10F2A000FE02FE02FE02FE02FE02FE02FE02FE025E
:10F2B000FE02FE02FE02FE02FE02FE02FE02FE024E
:10F2C000FE02FE02FE02FE02FE02FE02FE02FE023E
:10F2D000FE02FE02FE02FE02FE02FE02FE02FE022E
:10F2E000FE02FE02FE02FE02FE02FE02FE02FE021E
:10F2F000FE02FE02FE02FE02FE02FE02FE02FE020E
:10F30000FE02FE02FE02FE02FE02FE02FE02FE02FD
:10F31000FE02FE02FE02FE02FE02FE02FE02FE02ED
:10F32000FE02FE02FE02FE02FE02FE02FE02FE02DD
:10F33000FE02FE02FE02FE02FE02FE02FE02FE02CD
:10F34000FE02FE02FE02FE02FE02FE02FE02FE02BD
:10F35000FE02FE02FE02FE02FE02FE02FE02FE02AD
:10F36000FE02FE02FE02FE02FE02FE02FE02FE029D
:10F37000FE02FE02FE02FE02FE02FE02FE02FE028D
:10F38000FE02FE02FE02FE02FE02FE02FE02FE027D
:10F39000FE02FE02FE02FE02FE02FE02FE02FE026D
:10F3A000FE02FE02FE02FE02FE02FE02FE02FE025D
:10F3B000FE02FE02FE02FE02FE02FE02FE02FE024D
:10F3C000FE02FE02FE02FE02FE02FE02FE02FE023D
:10F3D000FE02FE02FE02FE02FE02FE02FE02FE022D
:10F3E000FE02FE02FE02FE02FE02FE02FE02FE021D
:10F3F000FE02FE02FE02FE02FE02FE02FE02FE020D
:10F40000FE02FE02FE02FE02FE02FE02FE02FE02FC
:10F41000FE02FE02FE02FE02FE02FE02FE02FE02EC
:10F42000FE02FE02FE02FE02FE02FE02FE02FE02DC
:10F43000FE02FE02FE02FE02FE02FE02FE02FE02CC
:10F44000FE02FE02FE02FE02FE02FE02FE02FE02BC
:10F45000FE02FE02FE02FE02FE02FE02FE02FE02AC
:10F46000FE02FE02FE02FE02FE02FE02FE02FE029C
:10F47000FE02FE02FE02FE02FE02FE02FE02FE028C
:10F48000FE02FE02FE02FE02FE02FE02FE02FE027C
:10F49000FE02FE02FE02FE02FE02FE02FE02FE026C
:10F4A000FE02FE02FE02FE02FE02FE02FE02FE025C
:10F4B000FE02FE02FE02FE02FE02FE02FE02FE024C
:10F4C000FE02FE02FE02FE02FE02FE02FE02FE023C
:10F4D000FE02FE02FE02FE02FE02FE02FE02FE022C
:10F4E000FE02FE02FE02FE02FE02FE02FE02FE021C
:10F4F000FE02FE02FE02FE02FE02FE02FE02FE020C
:10F50000FE02FE02FE02FE02FE02FE02FE02FE02FB
:10F51000FE02FE02FE02FE02FE02FE02FE02FE02EB
:10F52000FE02FE02FE02FE02FE02FE02FE02FE02DB
:10F53000FE02FE02FE02FE02FE02FE02FE02FE02CB
:10F54000FE02FE02FE02FE02FE02FE02FE02FE02BB
:10F55000FE02FE02FE02FE02FE02FE02FE02FE02AB
:10F56000FE02FE02FE02FE02FE02FE02FE02FE029B
:10F57000FE02FE02FE02FE02FE02FE02FE02FE028B
:10F58000FE02FE02FE02FE02FE02FE02FE02FE027B
:10F59000FE02FE02FE02FE02FE02FE02FE02FE026B
:10F5A000FE02FE02FE02FE02FE02FE02FE02FE025B
:10F5B000FE02FE02FE02FE02FE02FE02FE02FE024B
:10F5C000FE02FE02FE02FE02FE02FE02FE02FE023B
:10F5D000FE02FE02FE02FE02FE02FE02FE02FE022B
:10F5E000FE02FE02FE02FE02FE02FE02FE02FE021B
:10F5F000FE02FE02FE02FE02FE02FE02FE02FE020B
:10F60000FE02FE02FE02FE02FE02FE02FE02FE02FA
:10F61000FE02FE02FE02FE02FE02FE02FE02FE02EA
:10F62000FE02FE02FE02FE02FE02FE02FE02FE02DA
:10F63000FE02FE02FE02FE02FE02FE02FE02FE02CA
:10F64000FE02FE02FE02FE02FE02FE02FE02FE02BA
:10F65000FE02FE02FE02FE02FE02FE02FE02FE02AA
:10F66000FE02FE02FE02FE02FE02FE02FE02FE029A
:10F67000FE02FE02FE02FE02FE02FE02FE02FE028A
:10F68000FE02FE02FE02FE02FE02FE02FE02FE027A
:10F69000FE02FE02FE02FE02FE02FE02FE02FE026A
:10F6A000FE02FE02FE02FE02FE02FE02FE02FE025A
:10F6B000FE02FE02FE02FE02FE02FE02FE02FE024A
:10F6C000FE02FE02FE02FE02FE02FE02FE02FE023A
:10F6D000FE02FE02FE02FE02FE02FE02FE02FE022A
:10F6E000FE02FE02FE02FE02FE02FE02FE02FE021A
:10F6F000FE02FE02FE02FE02FE02FE02FE02FE020A
:10F70000FE02FE02FE02FE02FE02FE02FE02FE02F9
:10F71000FE02FE02FE02FE02FE02FE02FE02FE02E9
:10F72000FE02FE02FE02FE02FE02FE02FE02FE02D9
:10F73000FE02FE02FE02FE02FE02FE02FE02FE02C9
:10F74000FE02FE02FE02FE02FE02FE02FE02FE02B9
:10F75000FE02FE02FE02FE02FE02FE02FE02FE02A9
:10F76000FE02FE02FE02FE02FE02FE02FE02FE0299
:10F77000FE02FE02FE02FE02FE02FE02FE02FE0289
:10F78000FE02FE02FE02FE02FE02FE02FE02FE0279
:10F79000FE02FE02FE02FE02FE02FE02FE02FE0269
:10F7A000FE02FE02FE02FE02FE02FE02FE02FE0259
:10F7B000FE02FE02FE02FE02FE02FE02FE02FE0249
:10F7C000FE02FE02FE02FE02FE02FE02FE02FE0239
:10F7D000FE02FE02FE02FE02FE02FE02FE02FE0229
:10F7E000FE02FE02FE02FE02FE02FE02FE02FE0219
:10F7F000FE02FE02FE02FE02FE02FE02FE02FE0209
:10F80000FE02FE02FE02FE02FE02FE02FE02FE02F8
:10F81000FE02FE02FE02FE02FE02FE02FE02FE02E8
:10F82000FE02FE02FE02FE02FE02FE02FE02FE02D8
:10F83000FE02FE02FE02FE02FE02FE02FE02FE02C8
:10F84000FE02FE02FE02FE02FE02FE02FE02FE02B8
:10F85000FE02FE02FE02FE02FE02FE02FE02FE02A8
:10F86000FE02FE02FE02FE02FE02FE02FE02FE0298
:10F87000FE02FE02FE02FE02FE02FE02FE02FE0288
:10F88000FE02FE02FE02FE02FE02FE02FE02FE0278
:10F89000FE02FE02FE02FE02FE02FE02FE02FE0268
:10F8A000FE02FE02FE02FE02FE02FE02FE02FE0258
:10F8B000FE02FE02FE02FE02FE02FE02FE02FE0248
:10F8C000FE02FE02FE02FE02FE02FE02FE02FE0238
:10F8D000FE02FE02FE02FE02FE02FE02FE02FE0228
:10F8E000FE02FE02FE02FE02FE02FE02FE02FE0218
:10F8F000FE02FE02FE02FE02FE02FE02FE02FE0208
:10F90000FE02FE02FE02FE02FE02FE02FE02FE02F7
:10F91000FE02FE02FE02FE02FE02FE02FE02FE02E7
:10F92000FE02FE02FE02FE02FE02FE02FE02FE02D7
:10F93000FE02FE02FE02FE02FE02FE02FE02FE02C7
:10F94000FE02FE02FE02FE02FE02FE02FE02FE02B7
:10F95000FE02FE02FE02FE02FE02FE02FE02FE02A7
:10F96000FE02FE02FE02FE02FE02FE02FE02FE0297
:10F97000FE02FE02FE02FE02FE02FE02FE02FE0287
:10F98000FE02FE02FE02FE02FE02FE02FE02FE0277
:10F99000FE02FE02FE02FE02FE02FE02FE02FE0267
:10F9A000FE02FE02FE02FE02FE02FE02FE02FE0257
:10F9B000FE02FE02FE02FE02FE02FE02FE02FE0247
:10F9C000FE02FE02FE02FE02FE02FE02FE02FE0237
:10F9D000FE02FE02FE02FE02FE02FE02FE02FE0227
:10F9E000FE02FE02FE02FE02FE02FE02FE02FE0217
:10F9F000FE02FE02FE02FE02FE02FE02FE02FE0207
:10FA0000FE02FE02FE02FE02FE02FE02FE02FE02F6
:10FA1000FE02FE02FE02FE02FE02FE02FE02FE02E6
:10FA2000FE02FE02FE02FE02FE02FE02FE02FE02D6
:10FA3000FE02FE02FE02FE02FE02FE02FE02FE02C6
:10FA4000FE02FE02FE02FE02FE02FE02FE02FE02B6
:10FA5000FE02FE02FE02FE02FE02FE02FE02FE02A6
:10FA6000FE02FE02FE02FE02FE02FE02FE02FE0296
:10FA7000FE02FE02FE02FE02FE02FE02FE02FE0286
:10FA8000FE02FE02FE02FE02FE02FE02FE02FE0276
:10FA9000FE02FE02FE02FE02FE02FE02FE02FE0266
:10FAA000FE02FE02FE02FE02FE02FE02FE02FE0256
:10FAB000FE02FE02FE02FE02FE02FE02FE02FE0246
:10FAC000FE02FE02FE02FE02FE02FE02FE02FE0236
:10FAD000FE02FE02FE02FE02FE02FE02FE02FE0226
:10FAE000FE02FE02FE02FE02FE02FE02FE02FE0216
:10FAF000FE02FE02FE02FE02FE02FE02FE02FE0206
:10FB0000FE02FE02FE02FE02FE02FE02FE02FE02F5
:10FB1000FE02FE02FE02FE02FE02FE02FE02FE02E5
:10FB2000FE02FE02FE02FE02FE02FE02FE02FE02D5
:10FB3000FE02FE02FE02FE02FE02FE02FE02FE02C5
:10FB4000FE02FE02FE02FE02FE02FE02FE02FE02B5
:10FB5000FE02FE02FE02FE02FE02FE02FE02FE02A5
:10FB6000FE02FE02FE02FE02FE02FE02FE02FE0295
:10FB7000FE02FE02FE02FE02FE02FE02FE02FE0285
:10FB8000FE02FE02FE02FE02FE02FE02FE02FE0275
:10FB9000FE02FE02FE02FE02FE02FE02FE02FE0265
:10FBA000FE02FE02FE02FE02FE02FE02FE02FE0255
:10FBB000FE02FE02FE02FE02FE02FE02FE02FE0245
:10FBC000FE02FE02FE02FE02FE02FE02FE02FE0235
:10FBD000FE02FE02FE02FE02FE02FE02FE02FE0225
:10FBE000FE02FE02FE02FE02FE02FE02FE02FE0215
:10FBF000FE02FE02FE02FE02FE02FE02FE02FE0205
:10FC0000FE02FE02FE02FE02FE02FE02FE02FE02F4
:10FC1000FE02FE02FE02FE02FE02FE02FE02FE02E4
:10FC2000FE02FE02FE02FE02FE02FE02FE02FE02D4
:10FC3000FE02FE02FE02FE02FE02FE02FE02FE02C4
:10FC4000FE02FE02FE02FE02FE02FE02FE02FE02B4
:10FC5000FE02FE02FE02FE02FE02FE02FE02FE02A4
:10FC6000FE02FE02FE02FE02FE02FE02FE02FE0294
:10FC7000FE02FE02FE02FE02FE02FE02FE02FE0284
:10FC8000FE02FE02FE02FE02FE02FE02FE02FE0274
:10FC9000FE02FE02FE02FE02FE02FE02FE02FE0264
:10FCA000FE02FE02FE02FE02FE02FE02FE02FE0254
:10FCB000FE02FE02FE02FE02FE02FE02FE02FE0244
:10FCC000FE02FE02FE02FE02FE02FE02FE02FE0234
:10FCD000FE02FE02FE02FE02FE02FE02FE02FE0224
:10FCE000FE02FE02FE02FE02FE02FE02FE02FE0214
:10FCF000FE02FE02FE02FE02FE02FE02FE02FE0204
:10FD0000FE02FE02FE02FE02FE02FE02FE02FE02F3
:10FD1000FE02FE02FE02FE02FE02FE02FE02FE02E3
:10FD2000FE02FE02FE02FE02FE02FE02FE02FE02D3
:10FD3000FE02FE02FE02FE02FE02FE02FE02FE02C3
:10FD4000FE02FE02FE02FE02FE02FE02FE02FE02B3
:10FD5000FE02FE02FE02FE02FE02FE02FE02FE02A3
:10FD6000FE02FE02FE02FE02FE02FE02FE02FE0293
:10FD7000FE02FE02FE02FE02FE02FE02FE02FE0283
:10FD8000FE02FE02FE02FE02FE02FE02FE02FE0273
:10FD9000FE02FE02FE02FE02FE02FE02FE02FE0263
:10FDA000FE02FE02FE02FE02FE02FE02FE02FE0253
:10FDB000FE02FE02FE02FE02FE02FE02FE02FE0243
:10FDC000FE02FE02FE02FE02FE02FE02FE02FE0233
:10FDD000FE02FE02FE02FE02FE02FE02FE02FE0223
:10FDE000FE02FE02FE02FE02FE02FE02FE02FE0213
:10FDF000FE02FE02FE02FE02FE02FE02FE02FE0203
:10FE0000FE02FE02FE02FE02FE02FE02FE02FE02F2
:10FE1000FE02FE02FE02FE02FE02FE02FE02FE02E2
:10FE2000FE02FE02FE02FE02FE02FE02FE02FE02D2
:10FE3000FE02FE02FE02FE02FE02FE02FE02FE02C2
:10FE4000FE02FE02FE02FE02FE02FE02FE02FE02B2
:10FE5000FE02FE02FE02FE02FE02FE02FE02FE02A2
:10FE6000FE02FE02FE02FE02FE02FE02FE02FE0292
:10FE7000FE02FE02FE02FE02FE02FE02FE02FE0282
:10FE8000FE02FE02FE02FE02FE02FE02FE02FE0272
:10FE9000FE02FE02FE02FE02FE02FE02FE02FE0262
:10FEA000FE02FE02FE02FE02FE02FE02FE02FE0252
:10FEB000FE02FE02FE02FE02FE02FE02FE02FE0242
:10FEC000FE02FE02FE02FE02FE02FE02FE02FE0232
:10FED000FE02FE02FE02FE02FE02FE02FE02FE0222
:10FEE000FE02FE02FE02FE02FE02FE02FE02FE0212
:10FEF000FE02FE02FE02FE02FE02FE02FE02FE0202
:10FF0000FE02FE02FE02FE02FE02FE02FE02FE02F1
:10FF1000FE02FE02FE02FE02FE02FE02FE02FE02E1
:10FF2000FE02FE02FE02FE02FE02FE02FE02FE02D1
:10FF3000FE02FE02FE02FE02FE02FE02FE02FE02C1
:10FF4000FE02FE02FE02FE02FE02FE02FE02FE02B1
:10FF5000FE02FE02FE02FE02FE02FE02FE02FE02A1
:10FF6000FE02FE02FE02FE02FE02FE02FE02FE0291
:10FF7000FE02FE02FE02FE02FE02FE02FE02FE0281
:10FF8000FE02FE02FE02FE02FE02FE02FE02FE0271
:10FF9000FE02FE02FE02FE02FE02FE02FE02FE0261
:10FFA000FE02FE02FE02FE02FE02FE02FE02FE0251
:10FFB000FE02FE02FE02FE02FE02FE02FE02FE0241
:10FFC000FE02FE02FE02FE02FE02FE02FE02FE0231
:10FFD000FE02FE02FE02FE02FE02FE02FE02FE0221
:10FFE000FE02FE02FE02FE02FE02FE02FE02FE0211
:10FFF000FE02FE02FE02FE02FE02FE02FE02FE0201
:020000040003F7
:10000000FE02FE02FE02FE02FE02FE02FE02FE02F0
:10001000FE02FE02FE02FE02FE02FE02FE02FE02E0
:10002000FE02FE02FE02FE02FE02FE02FE02FE02D0
:10003000FE02FE02FE02FE02FE02FE02FE02FE02C0
:10004000FE02FE02FE02FE02FE02FE02FE02FE02B0
:10005000FE02FE02FE02FE02FE02FE02FE02FE02A0
:10006000FE02FE02FE02FE02FE02FE02FE02FE0290
:10007000FE02FE02FE02FE02FE02FE02FE02FE0280
:10008000FE02FE02FE02FE02FE02FE02FE02FE0270
:10009000FE02FE02FE02FE02FE02FE02FE02FE0260
:1000A000FE02FE02FE02FE02FE02FE02FE02FE0250
:1000B000FE02FE02FE02FE02FE02FE02FE02FE0240
:1000C000FE02FE02FE02FE02FE02FE02FE02FE0230
:1000D000FE02FE02FE02FE02FE02FE02FE02FE0220
:1000E000FE02FE02FE02FE02FE02FE02FE02FE0210
:1000F000FE02FE02FE02FE02FE02FE02FE02FE0200
:10010000FE02FE02FE02FE02FE02FE02FE02FE02EF
:10011000FE02FE02FE02FE02FE02FE02FE02FE02DF
:10012000FE02FE02FE02FE02FE02FE02FE02FE02CF
:10013000FE02FE02FE02FE02FE02FE02FE02FE02BF
:10014000FE02FE02FE02FE02FE02FE02FE02FE02AF
:10015000FE02FE02FE02FE02FE02FE02FE02FE029F
:10016000FE02FE02FE02FE02FE02FE02FE02FE028F
:10017000FE02FE02FE02FE02FE02FE02FE02FE027F
:10018000FE02FE02FE02FE02FE02FE02FE02FE026F
:10019000FE02FE02FE02FE02FE02FE02FE02FE025F
:1001A000FE02FE02FE02FE02FE02FE02FE02FE024F
:1001B000FE02FE02FE02FE02FE02FE02FE02FE023F
:1001C000FE02FE02FE02FE02FE02FE02FE02FE022F
:1001D000FE02FE02FE02FE02FE02FE02FE02FE021F
:1001E000FE02FE02FE02FE02FE02FE02FE02FE020F
:1001F000FE02FE02FE02FE02FE02FE02FE02FE02FF
:10020000FE02FE02FE02FE02FE02FE02FE02FE02EE
:10021000FE02FE02FE02FE02FE02FE02FE02FE02DE
:10022000FE02FE02FE02FE02FE02FE02FE02FE02CE
:10023000FE02FE02FE02FE02FE02FE02FE02FE02BE
:10024000FE02FE02FE02FE02FE02FE02FE02FE02AE
:10025000FE02FE02FE02FE02FE02FE02FE02FE029E
:10026000FE02FE02FE02FE02FE02FE02FE02FE028E
:10027000FE02FE02FE02FE02FE02FE02FE02FE027E
:10028000FE02FE02FE02FE02FE02FE02FE02FE026E
:10029000FE02FE02FE02FE02FE02FE02FE02FE025E
:1002A000FE02FE02FE02FE02FE02FE02FE02FE024E
:1002B000FE02FE02FE02FE02FE02FE02FE02FE023E
:1002C000FE02FE02FE02FE02FE02FE02FE02FE022E
:1002D000FE02FE02FE02FE02FE02FE02FE02FE021E
:1002E000FE02FE02FE02FE02FE02FE02FE02FE020E
:1002F000FE02FE02FE02FE02FE02FE02FE02FE02FE
:10030000FE02FE02FE02FE02FE02FE02FE02FE02ED
:10031000FE02FE02FE02FE02FE02FE02FE02FE02DD
:10032000FE02FE02FE02FE02FE02FE02FE02FE02CD
:10033000FE02FE02FE02FE02FE02FE02FE02FE02BD
:10034000FE02FE02FE02FE02FE02FE02FE02FE02AD
:10035000FE02FE02FE02FE02FE02FE02FE02FE029D
:10036000FE02FE02FE02FE02FE02FE02FE02FE028D
:10037000FE02FE02FE02FE02FE02FE02FE02FE027D
:10038000FE02FE02FE02FE02FE02FE02FE02FE026D
:10039000FE02FE02FE02FE02FE02FE02FE02FE025D
:1003A000FE02FE02FE02FE02FE02FE02FE02FE024D
:1003B000FE02FE02FE02FE02FE02FE02FE02FE023D
:1003C000FE02FE02FE02FE02FE02FE02FE02FE022D
:1003D000FE02FE02FE02FE02FE02FE02FE02FE021D
:1003E000FE02FE02FE02FE02FE02FE02FE02FE020D
:1003F000FE02FE02FE02FE02FE02FE02FE02FE02FD
:10040000FE02FE02FE02FE02FE02FE02FE02FE02EC
:10041000FE02FE02FE02FE02FE02FE02FE02FE02DC
:10042000FE02FE02FE02FE02FE02FE02FE02FE02CC
:10043000FE02FE02FE02FE02FE02FE02FE02FE02BC
:10044000FE02FE02FE02FE02FE02FE02FE02FE02AC
:10045000FE02FE02FE02FE02FE02FE02FE02FE029C
:10046000FE02FE02FE02FE02FE02FE02FE02FE028C
:10047000FE02FE02FE02FE02FE02FE02FE02FE027C
:10048000FE02FE02FE02FE02FE02FE02FE02FE026C
:10049000FE02FE02FE02FE02FE02FE02FE02FE025C
:1004A000FE02FE02FE02FE02FE02FE02FE02FE024C
:1004B000FE02FE02FE02FE02FE02FE02FE02FE023C
:1004C000FE02FE02FE02FE02FE02FE02FE02FE022C
:1004D000FE02FE02FE02FE02FE02FE02FE02FE021C
:1004E000FE02FE02FE02FE02FE02FE02FE02FE020C
:1004F000FE02FE02FE02FE02FE02FE02FE02FE02FC
:10050000FE02FE02FE02FE02FE02FE02FE02FE02EB
:10051000FE02FE02FE02FE02FE02FE02FE02FE02DB
:10052000FE02FE02FE02FE02FE02FE02FE02FE02CB
:10053000FE02FE02FE02FE02FE02FE02FE02FE02BB
:10054000FE02FE02FE02FE02FE02FE02FE02FE02AB
:10055000FE02FE02FE02FE02FE02FE02FE02FE029B
:10056000FE02FE02FE02FE02FE02FE02FE02FE028B
:10057000FE02FE02FE02FE02FE02FE02FE02FE027B
:10058000FE02FE02FE02FE02FE02FE02FE02FE026B
:10059000FE02FE02FE02FE02FE02FE02FE02FE025B
:1005A000FE02FE02FE02FE02FE02FE02FE02FE024B
:1005B000FE02FE02FE02FE02FE02FE02FE02FE023B
:1005C000FE02FE02FE02FE02FE02FE02FE02FE022B
:1005D000FE02FE02FE02FE02FE02FE02FE02FE021B
:1005E000FE02FE02FE02FE02FE02FE02FE02FE020B
:1005F000FE02FE02FE02FE02FE02FE02FE02FE02FB
:10060000FE02FE02FE02FE02FE02FE02FE02FE02EA
:10061000FE02FE02FE02FE02FE02FE02FE02FE02DA
:10062000FE02FE02FE02FE02FE02FE02FE02FE02CA
:10063000FE02FE02FE02FE02FE02FE02FE02FE02BA
:10064000FE02FE02FE02FE02FE02FE02FE02FE02AA
:10065000FE02FE02FE02FE02FE02FE02FE02FE029A
:10066000FE02FE02FE02FE02FE02FE02FE02FE028A
:10067000FE02FE02FE02FE02FE02FE02FE02FE027A
:10068000FE02FE02FE02FE02FE02FE02FE02FE026A
:10069000FE02FE02FE02FE02FE02FE02FE02FE025A
:1006A000FE02FE02FE02FE02FE02FE02FE02FE024A
:1006B000FE02FE02FE02FE02FE02FE02FE02FE023A
:1006C000FE02FE02FE02FE02FE02FE02FE02FE022A
:1006D000FE02FE02FE02FE02FE02FE02FE02FE021A
:1006E000FE02FE02FE02FE02FE02FE02FE02FE020A
:1006F000FE02FE02FE02FE02FE02FE02FE02FE02FA
:10070000FE02FE02FE02FE02FE02FE02FE02FE02E9
:10071000FE02FE02FE02FE02FE02FE02FE02FE02D9
:10072000FE02FE02FE02FE02FE02FE02FE02FE02C9
:10073000FE02FE02FE02FE02FE02FE02FE02FE02B9
:10074000FE02FE02FE02FE02FE02FE02FE02FE02A9
:10075000FE02FE02FE02FE02FE02FE02FE02FE0299
:10076000FE02FE02FE02FE02FE02FE02FE02FE0289
:10077000FE02FE02FE02FE02FE02FE02FE02FE0279
:10078000FE02FE02FE02FE02FE02FE02FE02FE0269
:10079000FE02FE02FE02FE02FE02FE02FE02FE0259
:1007A000FE02FE02FE02FE02FE02FE02FE02FE0249
:1007B000FE02FE02FE02FE02FE02FE02FE02FE0239
:1007C000FE02FE02FE02FE02FE02FE02FE02FE0229
:1007D000FE02FE02FE02FE02FE02FE02FE02FE0219
:1007E000FE02FE02FE02FE02FE02FE02FE02FE0209
:1007F000FE02FE02FE02FE02FE02FE02FE02FE02F9
:10080000FE02FE02FE02FE02FE02FE02FE02FE02E8
:10081000FE02FE02FE02FE02FE02FE02FE02FE02D8
:10082000FE02FE02FE02FE02FE02FE02FE02FE02C8
:10083000FE02FE02FE02FE02FE02FE02FE02FE02B8
:10084000FE02FE02FE02FE02FE02FE02FE02FE02A8
:10085000FE02FE02FE02FE02FE02FE02FE02FE0298
:10086000FE02FE02FE02FE02FE02FE02FE02FE0288
:10087000FE02FE02FE02FE02FE02FE02FE02FE0278
:10088000FE02FE02FE02FE02FE02FE02FE02FE0268
:10089000FE02FE02FE02FE02FE02FE02FE02FE0258
:1008A000FE02FE02FE02FE02FE02FE02FE02FE0248
:1008B000FE02FE02FE02FE02FE02FE02FE02FE0238
:1008C000FE02FE02FE02FE02FE02FE02FE02FE0228
:1008D000FE02FE02FE02FE02FE02FE02FE02FE0218
:1008E000FE02FE02FE02FE02FE02FE02FE02FE0208
:1008F000FE02FE02FE02FE02FE02FE02FE02FE02F8
:10090000FE02FE02FE02FE02FE02FE02FE02FE02E7
:10091000FE02FE02FE02FE02FE02FE02FE02FE02D7
:10092000FE02FE02FE02FE02FE02FE02FE02FE02C7
:10093000FE02FE02FE02FE02FE02FE02FE02FE02B7
:10094000FE02FE02FE02FE02FE02FE02FE02FE02A7
:10095000FE02FE02FE02FE02FE02FE02FE02FE0297
:10096000FE02FE02FE02FE02FE02FE02FE02FE0287
:10097000FE02FE02FE02FE02FE02FE02FE02FE0277
:10098000FE02FE02FE02FE02FE02FE02FE02FE0267
:10099000FE02FE02FE02FE02FE02FE02FE02FE0257
:1009A000FE02FE02FE02FE02FE02FE02FE02FE0247
:1009B000FE02FE02FE02FE02FE02FE02FE02FE0237
:1009C000FE02FE02FE02FE02FE02FE02FE02FE0227
:1009D000FE02FE02FE02FE02FE02FE02FE02FE0217
:1009E000FE02FE02FE02FE02FE02FE02FE02FE0207
:1009F000FE02FE02FE02FE02FE02FE02FE02FE02F7
:100A0000FE02FE02FE02FE02FE02FE02FE02FE02E6
:100A1000FE02FE02FE02FE02FE02FE02FE02FE02D6
:100A2000FE02FE02FE02FE02FE02FE02FE02FE02C6
:100A3000FE02FE02FE02FE02FE02FE02FE02FE02B6
:100A4000FE02FE02FE02FE02FE02FE02FE02FE02A6
:100A5000FE02FE02FE02FE02FE02FE02FE02FE0296
:100A6000FE02FE02FE02FE02FE02FE02FE02FE0286
:100A7000FE02FE02FE02FE02FE02FE02FE02FE0276
:100A8000FE02FE02FE02FE02FE02FE02FE02FE0266
:100A9000FE02FE02FE02FE02FE02FE02FE02FE0256
:100AA000FE02FE02FE02FE02FE02FE02FE02FE0246
:100AB000FE02FE02FE02FE02FE02FE02FE02FE0236
:100AC000FE02FE02FE02FE02FE02FE02FE02FE0226
:100AD000FE02FE02FE02FE02FE02FE02FE02FE0216
:100AE000FE02FE02FE02FE02FE02FE02FE02FE0206
:100AF000FE02FE02FE02FE02FE02FE02FE02FE02F6
:100B0000FE02FE02FE02FE02FE02FE02FE02FE02E5
:100B1000FE02FE02FE02FE02FE02FE02FE02FE02D5
:100B2000FE02FE02FE02FE02FE02FE02FE02FE02C5
:100B3000FE02FE02FE02FE02FE02FE02FE02FE02B5
:100B4000FE02FE02FE02FE02FE02FE02FE02FE02A5
:100B5000FE02FE02FE02FE02FE02FE02FE02FE0295
:100B6000FE02FE02FE02FE02FE02FE02FE02FE0285
:100B7000FE02FE02FE02FE02FE02FE02FE02FE0275
:100B8000FE02FE02FE02FE02FE02FE02FE02FE0265
:100B9000FE02FE02FE02FE02FE02FE02FE02FE0255
:100BA000FE02FE02FE02FE02FE02FE02FE02FE0245
:100BB000FE02FE02FE02FE02FE02FE02FE02FE0235
:100BC000FE02FE02FE02FE02FE02FE02FE02FE0225
:100BD000FE02FE02FE02FE02FE02FE02FE02FE0215
:100BE000FE02FE02FE02FE02FE02FE02FE02FE0205
:100BF000FE02FE02FE02FE02FE02FE02FE02FE02F5
:100C0000FE02FE02FE02FE02FE02FE02FE02FE02E4
:100C1000FE02FE02FE02FE02FE02FE02FE02FE02D4
:100C2000FE02FE02FE02FE02FE02FE02FE02FE02C4
:100C3000FE02FE02FE02FE02FE02FE02FE02FE02B4
:100C4000FE02FE02FE02FE02FE02FE02FE02FE02A4
:100C5000FE02FE02FE02FE02FE02FE02FE02FE0294
:100C6000FE02FE02FE02FE02FE02FE02FE02FE0284
:100C7000FE02FE02FE02FE02FE02FE02FE02FE0274
:100C8000FE02FE02FE02FE02FE02FE02FE02FE0264
:100C9000FE02FE02FE02FE02FE02FE02FE02FE0254
:100CA000FE02FE02FE02FE02FE02FE02FE02FE0244
:100CB000FE02FE02FE02FE02FE02FE02FE02FE0234
:100CC000FE02FE02FE02FE02FE02FE02FE02FE0224
:100CD000FE02FE02FE02FE02FE02FE02FE02FE0214
:100CE000FE02FE02FE02FE02FE02FE02FE02FE0204
:100CF000FE02FE02FE02FE02FE02FE02FE02FE02F4
:100D0000FE02FE02FE02FE02FE02FE02FE02FE02E3
:100D1000FE02FE02FE02FE02FE02FE02FE02FE02D3
:100D2000FE02FE02FE02FE02FE02FE02FE02FE02C3
:100D3000FE02FE02FE02FE02FE02FE02FE02FE02B3
:100D4000FE02FE02FE02FE02FE02FE02FE02FE02A3
:100D5000FE02FE02FE02FE02FE02FE02FE02FE0293
:100D6000FE02FE02FE02FE02FE02FE02FE02FE0283
:100D7000FE02FE02FE02FE02FE02FE02FE02FE0273
:100D8000FE02FE02FE02FE02FE02FE02FE02FE0263
:100D9000FE02FE02FE02FE02FE02FE02FE02FE0253
:100DA000FE02FE02FE02FE02FE02FE02FE02FE0243
:100DB000FE02FE02FE02FE02FE02FE02FE02FE0233
:100DC000FE02FE02FE02FE02FE02FE02FE02FE0223
:100DD000FE02FE02FE02FE02FE02FE02FE02FE0213
:100DE000FE02FE02FE02FE02FE02FE02FE02FE0203
:100DF000FE02FE02FE02FE02FE02FE02FE02FE02F3
:100E0000FE02FE02FE02FE02FE02FE02FE02FE02E2
:100E1000FE02FE02FE02FE02FE02FE02FE02FE02D2
:100E2000FE02FE02FE02FE02FE02FE02FE02FE02C2
:100E3000FE02FE02FE02FE02FE02FE02FE02FE02B2
:100E4000FE02FE02FE02FE02FE02FE02FE02FE02A2
:100E5000FE02FE02FE02FE02FE02FE02FE02FE0292
:100E6000FE02FE02FE02FE02FE02FE02FE02FE0282
:100E7000FE02FE02FE02FE02FE02FE02FE02FE0272
:100E8000FE02FE02FE02FE02FE02FE02FE02FE0262
:100E9000FE02FE02FE02FE02FE02FE02FE02FE0252
:100EA000FE02FE02FE02FE02FE02FE02FE02FE0242
:100EB000FE02FE02FE02FE02FE02FE02FE02FE0232
:100EC000FE02FE02FE02FE02FE02FE02FE02FE0222
:100ED000FE02FE02FE02FE02FE02FE02FE02FE0212
:100EE000FE02FE02FE02FE02FE02FE02FE02FE0202
:100EF000FE02FE02FE02FE02FE02FE02FE02FE02F2
:100F0000FE02FE02FE02FE02FE02FE02FE02FE02E1
:100F1000FE02FE02FE02FE02FE02FE02FE02FE02D1
:100F2000FE02FE02FE02FE02FE02FE02FE02FE02C1
:100F3000FE02FE02FE02FE02FE02FE02FE02FE02B1
:100F4000FE02FE02FE02FE02FE02FE02FE02FE02A1
:100F5000FE02FE02FE02FE02FE02FE02FE02FE0291
:100F6000FE02FE02FE02FE02FE02FE02FE02FE0281
:100F7000FE02FE02FE02FE02FE02FE02FE02FE0271
:100F8000FE02FE02FE02FE02FE02FE02FE02FE0261
:100F9000FE02FE02FE02FE02FE02FE02FE02FE0251
:100FA000FE02FE02FE02FE02FE02FE02FE02FE0241
:100FB000FE02FE02FE02FE02FE02FE02FE02FE0231
:100FC000FE02FE02FE02FE02FE02FE02FE02FE0221
:100FD000FE02FE02FE02FE02FE02FE02FE02FE0211
:100FE000FE02FE02FE02FE02FE02FE02FE02FE0201
:100FF000FE02FE02FE02FE02FE02FE02FE02FE02F1
:10100000FE02FE02FE02FE02FE02FE02FE02FE02E0
:10101000FE02FE02FE02FE02FE02FE02FE02FE02D0
:10102000FE02FE02FE02FE02FE02FE02FE02FE02C0
:10103000FE02FE02FE02FE02FE02FE02FE02FE02B0
:10104000FE02FE02FE02FE02FE02FE02FE02FE02A0
:10105000FE02FE02FE02FE02FE02FE02FE02FE0290
:10106000FE02FE02FE02FE02FE02FE02FE02FE0280
:10107000FE02FE02FE02FE02FE02FE02FE02FE0270
:10108000FE02FE02FE02FE02FE02FE02FE02FE0260
:10109000FE02FE02FE02FE02FE02FE02FE02FE0250
:1010A000FE02FE02FE02FE02FE02FE02FE02FE0240
:1010B000FE02FE02FE02FE02FE02FE02FE02FE0230
:1010C000FE02FE02FE02FE02FE02FE02FE02FE0220
:1010D000FE02FE02FE02FE02FE02FE02FE02FE0210
:1010E000FE02FE02FE02FE02FE02FE02FE02FE0200
:1010F000FE02FE02FE02FE02FE02FE02FE02FE02F0
:10110000FE02FE02FE02FE02FE02FE02FE02FE02DF
:10111000FE02FE02FE02FE02FE02FE02FE02FE02CF
:10112000FE02FE02FE02FE02FE02FE02FE02FE02BF
:10113000FE02FE02FE02FE02FE02FE02FE02FE02AF
:10114000FE02FE02FE02FE02FE02FE02FE02FE029F
:10115000FE02FE02FE02FE02FE02FE02FE02FE028F
:10116000FE02FE02FE02FE02FE02FE02FE02FE027F
:10117000FE02FE02FE02FE02FE02FE02FE02FE026F
:10118000FE02FE02FE02FE02FE02FE02FE02FE025F
:10119000FE02FE02FE02FE02FE02FE02FE02FE024F
:1011A000FE02FE02FE02FE02FE02FE02FE02FE023F
:1011B000FE02FE02FE02FE02FE02FE02FE02FE022F
:1011C000FE02FE02FE02FE02FE02FE02FE02FE021F
:1011D000FE02FE02FE02FE02FE02FE02FE02FE020F
:1011E000FE02FE02FE02FE02FE02FE02FE02FE02FF
:1011F000FE02FE02FE02FE02FE02FE02FE02FE02EF
:10120000FE02FE02FE02FE02FE02FE02FE02FE02DE
:10121000FE02FE02FE02FE02FE02FE02FE02FE02CE
:10122000FE02FE02FE02FE02FE02FE02FE02FE02BE
:10123000FE02FE02FE02FE02FE02FE02FE02FE02AE
:10124000FE02FE02FE02FE02FE02FE02FE02FE029E
:10125000FE02FE02FE02FE02FE02FE02FE02FE028E
:10126000FE02FE02FE02FE02FE02FE02FE02FE027E
:10127000FE02FE02FE02FE02FE02FE02FE02FE026E
:10128000FE02FE02FE02FE02FE02FE02FE02FE025E
:10129000FE02FE02FE02FE02FE02FE02FE02FE024E
:1012A000FE02FE02FE02FE02FE02FE02FE02FE023E
:1012B000FE02FE02FE02FE02FE02FE02FE02FE022E
:1012C000FE02FE02FE02FE02FE02FE02FE02FE021E
:1012D000FE02FE02FE02FE02FE02FE02FE02FE020E
:1012E000FE02FE02FE02FE02FE02FE02FE02FE02FE
:1012F000FE02FE02FE02FE02FE02FE02FE02FE02EE
:10130000FE02FE02FE02FE02FE02FE02FE02FE02DD
:10131000FE02FE02FE02FE02FE02FE02FE02FE02CD
:10132000FE02FE02FE02FE02FE02FE02FE02FE02BD
:10133000FE02FE02FE02FE02FE02FE02FE02FE02AD
:10134000FE02FE02FE02FE02FE02FE02FE02FE029D
:10135000FE02FE02FE02FE02FE02FE02FE02FE028D
:10136000FE02FE02FE02FE02FE02FE02FE02FE027D
:10137000FE02FE02FE02FE02FE02FE02FE02FE026D
:10138000FE02FE02FE02FE02FE02FE02FE02FE025D
:10139000FE02FE02FE02FE02FE02FE02FE02FE024D
:1013A000FE02FE02FE02FE02FE02FE02FE02FE023D
:1013B000FE02FE02FE02FE02FE02FE02FE02FE022D
:1013C000FE02FE02FE02FE02FE02FE02FE02FE021D
:1013D000FE02FE02FE02FE02FE02FE02FE02FE020D
:1013E000FE02FE02FE02FE02FE02FE02FE02FE02FD
:1013F000FE02FE02FE02FE02FE02FE02FE02FE02ED
:10140000FE02FE02FE02FE02FE02FE02FE02FE02DC
:10141000FE02FE02FE02FE02FE02FE02FE02FE02CC
:10142000FE02FE02FE02FE02FE02FE02FE02FE02BC
:10143000FE02FE02FE02FE02FE02FE02FE02FE02AC
:10144000FE02FE02FE02FE02FE02FE02FE02FE029C
:10145000FE02FE02FE02FE02FE02FE02FE02FE028C
:10146000FE02FE02FE02FE02FE02FE02FE02FE027C
:10147000FE02FE02FE02FE02FE02FE02FE02FE026C
:10148000FE02FE02FE02FE02FE02FE02FE02FE025C
:10149000FE02FE02FE02FE02FE02FE02FE02FE024C
:1014A000FE02FE02FE02FE02FE02FE02FE02FE023C
:1014B000FE02FE02FE02FE02FE02FE02FE02FE022C
:1014C000FE02FE02FE02FE02FE02FE02FE02FE021C
:1014D000FE02FE02FE02FE02FE02FE02FE02FE020C
:1014E000FE02FE02FE02FE02FE02FE02FE02FE02FC
:1014F000FE02FE02FE02FE02FE02FE02FE02FE02EC
:10150000FE02FE02FE02FE02FE02FE02FE02FE02DB
:10151000FE02FE02FE02FE02FE02FE02FE02FE02CB
:10152000FE02FE02FE02FE02FE02FE02FE02FE02BB
:10153000FE02FE02FE02FE02FE02FE02FE02FE02AB
:10154000FE02FE02FE02FE02FE02FE02FE02FE029B
:10155000FE02FE02FE02FE02FE02FE02FE02FE028B
:10156000FE02FE02FE02FE02FE02FE02FE02FE027B
:10157000FE02FE02FE02FE02FE02FE02FE02FE026B
:10158000FE02FE02FE02FE02FE02FE02FE02FE025B
:10159000FE02FE02FE02FE02FE02FE02FE02FE024B
:1015A000FE02FE02FE02FE02FE02FE02FE02FE023B
:1015B000FE02FE02FE02FE02FE02FE02FE02FE022B
:1015C000FE02FE02FE02FE02FE02FE02FE02FE021B
:1015D000FE02FE02FE02FE02FE02FE02FE02FE020B
:1015E000FE02FE02FE02FE02FE02FE02FE02FE02FB
:1015F000FE02FE02FE02FE02FE02FE02FE02FE02EB
:10160000FE02FE02FE02FE02FE02FE02FE02FE02DA
:10161000FE02FE02FE02FE02FE02FE02FE02FE02CA
:10162000FE02FE02FE02FE02FE02FE02FE02FE02BA
:10163000FE02FE02FE02FE02FE02FE02FE02FE02AA
:10164000FE02FE02FE02FE02FE02FE02FE02FE029A
:10165000FE02FE02FE02FE02FE02FE02FE02FE028A
:10166000FE02FE02FE02FE02FE02FE02FE02FE027A
:10167000FE02FE02FE02FE02FE02FE02FE02FE026A
:10168000FE02FE02FE02FE02FE02FE02FE02FE025A
:10169000FE02FE02FE02FE02FE02FE02FE02FE024A
:1016A000FE02FE02FE02FE02FE02FE02FE02FE023A
:1016B000FE02FE02FE02FE02FE02FE02FE02FE022A
:1016C000FE02FE02FE02FE02FE02FE02FE02FE021A
:1016D000FE02FE02FE02FE02FE02FE02FE02FE020A
:1016E000FE02FE02FE02FE02FE02FE02FE02FE02FA
:1016F000FE02FE02FE02FE02FE02FE02FE02FE02EA
:10170000FE02FE02FE02FE02FE02FE02FE02FE02D9
:10171000FE02FE02FE02FE02FE02FE02FE02FE02C9
:10172000FE02FE02FE02FE02FE02FE02FE02FE02B9
:10173000FE02FE02FE02FE02FE02FE02FE02FE02A9
:10174000FE02FE02FE02FE02FE02FE02FE02FE0299
:10175000FE02FE02FE02FE02FE02FE02FE02FE0289
:10176000FE02FE02FE02FE02FE02FE02FE02FE0279
:10177000FE02FE02FE02FE02FE02FE02FE02FE0269
:10178000FE02FE02FE02FE02FE02FE02FE02FE0259
:10179000FE02FE02FE02FE02FE02FE02FE02FE0249
:1017A000FE02FE02FE02FE02FE02FE02FE02FE0239
:1017B000FE02FE02FE02FE02FE02FE02FE02FE0229
:1017C000FE02FE02FE02FE02FE02FE02FE02FE0219
:1017D000FE02FE02FE02FE02FE02FE02FE02FE0209
:1017E000FE02FE02FE02FE02FE02FE02FE02FE02F9
:1017F000FE02FE02FE02FE02FE02FE02FE02FE02E9
:10180000FE02FE02FE02FE02FE02FE02FE02FE02D8
:10181000FE02FE02FE02FE02FE02FE02FE02FE02C8
:10182000FE02FE02FE02FE02FE02FE02FE02FE02B8
:10183000FE02FE02FE02FE02FE02FE02FE02FE02A8
:10184000FE02FE02FE02FE02FE02FE02FE02FE0298
:10185000FE02FE02FE02FE02FE02FE02FE02FE0288
:10186000FE02FE02FE02FE02FE02FE02FE02FE0278
:10187000FE02FE02FE02FE02FE02FE02FE02FE0268
:10188000FE02FE02FE02FE02FE02FE02FE02FE0258
:10189000FE02FE02FE02FE02FE02FE02FE02FE0248
:1018A000FE02FE02FE02FE02FE02FE02FE02FE0238
:1018B000FE02FE02FE02FE02FE02FE02FE02FE0228
:1018C000FE02FE02FE02FE02FE02FE02FE02FE0218
:1018D000FE02FE02FE02FE02FE02FE02FE02FE0208
:1018E000FE02FE02FE02FE02FE02FE02FE02FE02F8
:1018F000FE02FE02FE02FE02FE02FE02FE02FE02E8
:10190000FE02FE02FE02FE02FE02FE02FE02FE02D7
:10191000FE02FE02FE02FE02FE02FE02FE02FE02C7
:10192000FE02FE02FE02FE02FE02FE02FE02FE02B7
:10193000FE02FE02FE02FE02FE02FE02FE02FE02A7
:10194000FE02FE02FE02FE02FE02FE02FE02FE0297
:10195000FE02FE02FE02FE02FE02FE02FE02FE0287
:10196000FE02FE02FE02FE02FE02FE02FE02FE0277
:10197000FE02FE02FE02FE02FE02FE02FE02FE0267
:10198000FE02FE02FE02FE02FE02FE02FE02FE0257
:10199000FE02FE02FE02FE02FE02FE02FE02FE0247
:1019A000FE02FE02FE02FE02FE02FE02FE02FE0237
:1019B000FE02FE02FE02FE02FE02FE02FE02FE0227
:1019C000FE02FE02FE02FE02FE02FE02FE02FE0217
:1019D000FE02FE02FE02FE02FE02FE02FE02FE0207
:1019E000FE02FE02FE02FE02FE02FE02FE02FE02F7
:1019F000FE02FE02FE02FE02FE02FE02FE02FE02E7
:101A0000FE02FE02FE02FE02FE02FE02FE02FE02D6
:101A1000FE02FE02FE02FE02FE02FE02FE02FE02C6
:101A2000FE02FE02FE02FE02FE02FE02FE02FE02B6
:101A3000FE02FE02FE02FE02FE02FE02FE02FE02A6
:101A4000FE02FE02FE02FE02FE02FE02FE02FE0296
:101A5000FE02FE02FE02FE02FE02FE02FE02FE0286
:101A6000FE02FE02FE02FE02FE02FE02FE02FE0276
:101A7000FE02FE02FE02FE02FE02FE02FE02FE0266
:101A8000FE02FE02FE02FE02FE02FE02FE02FE0256
:101A9000FE02FE02FE02FE02FE02FE02FE02FE0246
:101AA000FE02FE02FE02FE02FE02FE02FE02FE0236
:101AB000FE02FE02FE02FE02FE02FE02FE02FE0226
:101AC000FE02FE02FE02FE02FE02FE02FE02FE0216
:101AD000FE02FE02FE02FE02FE02FE02FE02FE0206
:101AE000FE02FE02FE02FE02FE02FE02FE02FE02F6
:101AF000FE02FE02FE02FE02FE02FE02FE02FE02E6
:101B0000FE02FE02FE02FE02FE02FE02FE02FE02D5
:101B1000FE02FE02FE02FE02FE02FE02FE02FE02C5
:101B2000FE02FE02FE02FE02FE02FE02FE02FE02B5
:101B3000FE02FE02FE02FE02FE02FE02FE02FE02A5
:101B4000FE02FE02FE02FE02FE02FE02FE02FE0295
:101B5000FE02FE02FE02FE02FE02FE02FE02FE0285
:101B6000FE02FE02FE02FE02FE02FE02FE02FE0275
:101B7000FE02FE02FE02FE02FE02FE02FE02FE0265
:101B8000FE02FE02FE02FE02FE02FE02FE02FE0255
:101B9000FE02FE02FE02FE02FE02FE02FE02FE0245
:101BA000FE02FE02FE02FE02FE02FE02FE02FE0235
:101BB000FE02FE02FE02FE02FE02FE02FE02FE0225
:101BC000FE02FE02FE02FE02FE02FE02FE02FE0215
:101BD000FE02FE02FE02FE02FE02FE02FE02FE0205
:101BE000FE02FE02FE02FE02FE02FE02FE02FE02F5
:101BF000FE02FE02FE02FE02FE02FE02FE02FE02E5
:101C0000FE02FE02FE02FE02FE02FE02FE02FE02D4
:101C1000FE02FE02FE02FE02FE02FE02FE02FE02C4
:101C2000FE02FE02FE02FE02FE02FE02FE02FE02B4
:101C3000FE02FE02FE02FE02FE02FE02FE02FE02A4
:101C4000FE02FE02FE02FE02FE02FE02FE02FE0294
:101C5000FE02FE02FE02FE02FE02FE02FE02FE0284
:101C6000FE02FE02FE02FE02FE02FE02FE02FE0274
:101C7000FE02FE02FE02FE02FE02FE02FE02FE0264
:101C8000FE02FE02FE02FE02FE02FE02FE02FE0254
:101C9000FE02FE02FE02FE02FE02FE02FE02FE0244
:101CA000FE02FE02FE02FE02FE02FE02FE02FE0234
:101CB000FE02FE02FE02FE02FE02FE02FE02FE0224
:101CC000FE02FE02FE02FE02FE02FE02FE02FE0214
:101CD000FE02FE02FE02FE02FE02FE02FE02FE0204
:101CE000FE02FE02FE02FE02FE02FE02FE02FE02F4
:101CF000FE02FE02FE02FE02FE02FE02FE02FE02E4
:101D0000FE02FE02FE02FE02FE02FE02FE02FE02D3
:101D1000FE02FE02FE02FE02FE02FE02FE02FE02C3
:101D2000FE02FE02FE02FE02FE02FE02FE02FE02B3
:101D3000FE02FE02FE02FE02FE02FE02FE02FE02A3
:101D4000FE02FE02FE02FE02FE02FE02FE02FE0293
:101D5000FE02FE02FE02FE02FE02FE02FE02FE0283
:101D6000FE02FE02FE02FE02FE02FE02FE02FE0273
:101D7000FE02FE02FE02FE02FE02FE02FE02FE0263
:101D8000FE02FE02FE02FE02FE02FE02FE02FE0253
:101D9000FE02FE02FE02FE02FE02FE02FE02FE0243
:101DA000FE02FE02FE02FE02FE02FE02FE02FE0233
:101DB000FE02FE02FE02FE02FE02FE02FE02FE0223
:101DC000FE02FE02FE02FE02FE02FE02FE02FE0213
:101DD000FE02FE02FE02FE02FE02FE02FE02FE0203
:101DE000FE02FE02FE02FE02FE02FE02FE02FE02F3
:101DF000FE02FE02FE02FE02FE02FE02FE02FE02E3
:101E0000FE02FE02FE02FE02FE02FE02FE02FE02D2
:101E1000FE02FE02FE02FE02FE02FE02FE02FE02C2
:101E2000FE02FE02FE02FE02FE02FE02FE02FE02B2
:101E3000FE02FE02FE02FE02FE02FE02FE02FE02A2
:101E4000FE02FE02FE02FE02FE02FE02FE02FE0292
:101E5000FE02FE02FE02FE02FE02FE02FE02FE0282
:101E6000FE02FE02FE02FE02FE02FE02FE02FE0272
:101E7000FE02FE02FE02FE02FE02FE02FE02FE0262
:101E8000FE02FE02FE02FE02FE02FE02FE02FE0252
:101E9000FE02FE02FE02FE02FE02FE02FE02FE0242
:101EA000FE02FE02FE02FE02FE02FE02FE02FE0232
:101EB000FE02FE02FE02FE02FE02FE02FE02FE0222
:101EC000FE02FE02FE02FE02FE02FE02FE02FE0212
:101ED000FE02FE02FE02FE02FE02FE02FE02FE0202
:101EE000FE02FE02FE02FE02FE02FE02FE02FE02F2
:101EF000FE02FE02FE02FE02FE02FE02FE02FE02E2
:101F0000FE02FE02FE02FE02FE02FE02FE02FE02D1
:101F1000FE02FE02FE02FE02FE02FE02FE02FE02C1
:101F2000FE02FE02FE02FE02FE02FE02FE02FE02B1
:101F3000FE02FE02FE02FE02FE02FE02FE02FE02A1
:101F4000FE02FE02FE02FE02FE02FE02FE02FE0291
:101F5000FE02FE02FE02FE02FE02FE02FE02FE0281
:101F6000FE02FE02FE02FE02FE02FE02FE02FE0271
:101F7000FE02FE02FE02FE02FE02FE02FE02FE0261
:101F8000FE02FE02FE02FE02FE02FE02FE02FE0251
:101F9000FE02FE02FE02FE02FE02FE02FE02FE0241
:101FA000FE02FE02FE02FE02FE02FE02FE02FE0231
:101FB000FE02FE02FE02FE02FE02FE02FE02FE0221
:101FC000FE02FE02FE02FE02FE02FE02FE02FE0211
:101FD000FE02FE02FE02FE02FE02FE02FE02FE0201
:101FE000FE02FE02FE02FE02FE02FE02FE02FE02F1
:101FF000FE02FE02FE02FE02FE02FE02FE02FE02E1
:10200000FE02FE02FE02FE02FE02FE02FE02FE02D0
:10201000FE02FE02FE02FE02FE02FE02FE02FE02C0
:10202000FE02FE02FE02FE02FE02FE02FE02FE02B0
:10203000FE02FE02FE02FE02FE02FE02FE02FE02A0
:10204000FE02FE02FE02FE02FE02FE02FE02FE0290
:10205000FE02FE02FE02FE02FE02FE02FE02FE0280
:10206000FE02FE02FE02FE02FE02FE02FE02FE0270
:10207000FE02FE02FE02FE02FE02FE02FE02FE0260
:10208000FE02FE02FE02FE02FE02FE02FE02FE0250
:10209000FE02FE02FE02FE02FE02FE02FE02FE0240
:1020A000FE02FE02FE02FE02FE02FE02FE02FE0230
:1020B000FE02FE02FE02FE02FE02FE02FE02FE0220
:1020C000FE02FE02FE02FE02FE02FE02FE02FE0210
:1020D000FE02FE02FE02FE02FE02FE02FE02FE0200
:1020E000FE02FE02FE02FE02FE02FE02FE02FE02F0
:1020F000FE02FE02FE02FE02FE02FE02FE02FE02E0
:10210000FE02FE02FE02FE02FE02FE02FE02FE02CF
:10211000FE02FE02FE02FE02FE02FE02FE02FE02BF
:10212000FE02FE02FE02FE02FE02FE02FE02FE02AF
:10213000FE02FE02FE02FE02FE02FE02FE02FE029F
:10214000FE02FE02FE02FE02FE02FE02FE02FE028F
:10215000FE02FE02FE02FE02FE02FE02FE02FE027F
:10216000FE02FE02FE02FE02FE02FE02FE02FE026F
:10217000FE02FE02FE02FE02FE02FE02FE02FE025F
:10218000FE02FE02FE02FE02FE02FE02FE02FE024F
:10219000FE02FE02FE02FE02FE02FE02FE02FE023F
:1021A000FE02FE02FE02FE02FE02FE02FE02FE022F
:1021B000FE02FE02FE02FE02FE02FE02FE02FE021F
:1021C000FE02FE02FE02FE02FE02FE02FE02FE020F
:1021D000FE02FE02FE02FE02FE02FE02FE02FE02FF
:1021E000FE02FE02FE02FE02FE02FE02FE02FE02EF
:1021F000FE02FE02FE02FE02FE02FE02FE02FE02DF
:10220000FE02FE02FE02FE02FE02FE02FE02FE02CE
:10221000FE02FE02FE02FE02FE02FE02FE02FE02BE
:10222000FE02FE02FE02FE02FE02FE02FE02FE02AE
:10223000FE02FE02FE02FE02FE02FE02FE02FE029E
:10224000FE02FE02FE02FE02FE02FE02FE02FE028E
:10225000FE02FE02FE02FE02FE02FE02FE02FE027E
:10226000FE02FE02FE02FE02FE02FE02FE02FE026E
:10227000FE02FE02FE02FE02FE02FE02FE02FE025E
:10228000FE02FE02FE02FE02FE02FE02FE02FE024E
:10229000FE02FE02FE02FE02FE02FE02FE02FE023E
:1022A000FE02FE02FE02FE02FE02FE02FE02FE022E
:1022B000FE02FE02FE02FE02FE02FE02FE02FE021E
:1022C000FE02FE02FE02FE02FE02FE02FE02FE020E
:1022D000FE02FE02FE02FE02FE02FE02FE02FE02FE
:1022E000FE02FE02FE02FE02FE02FE02FE02FE02EE
:1022F000FE02FE02FE02FE02FE02FE02FE02FE02DE
:10230000FE02FE02FE02FE02FE02FE02FE02FE02CD
:10231000FE02FE02FE02FE02FE02FE02FE02FE02BD
:10232000FE02FE02FE02FE02FE02FE02FE02FE02AD
:10233000FE02FE02FE02FE02FE02FE02FE02FE029D
:10234000FE02FE02FE02FE02FE02FE02FE02FE028D
:10235000FE02FE02FE02FE02FE02FE02FE02FE027D
:10236000FE02FE02FE02FE02FE02FE02FE02FE026D
:10237000FE02FE02FE02FE02FE02FE02FE02FE025D
:10238000FE02FE02FE02FE02FE02FE02FE02FE024D
:10239000FE02FE02FE02FE02FE02FE02FE02FE023D
:1023A000FE02FE02FE02FE02FE02FE02FE02FE022D
:1023B000FE02FE02FE02FE02FE02FE02FE02FE021D
:1023C000FE02FE02FE02FE02FE02FE02FE02FE020D
:1023D000FE02FE02FE02FE02FE02FE02FE02FE02FD
:1023E000FE02FE02FE02FE02FE02FE02FE02FE02ED
:1023F000FE02FE02FE02FE02FE02FE02FE02FE02DD
:10240000FE02FE02FE02FE02FE02FE02FE02FE02CC
:10241000FE02FE02FE02FE02FE02FE02FE02FE02BC
:10242000FE02FE02FE02FE02FE02FE02FE02FE02AC
:10243000FE02FE02FE02FE02FE02FE02FE02FE029C
:10244000FE02FE02FE02FE02FE02FE02FE02FE028C
:10245000FE02FE02FE02FE02FE02FE02FE02FE027C
:10246000FE02FE02FE02FE02FE02FE02FE02FE026C
:10247000FE02FE02FE02FE02FE02FE02FE02FE025C
:10248000FE02FE02FE02FE02FE02FE02FE02FE024C
:10249000FE02FE02FE02FE02FE02FE02FE02FE023C
:1024A000FE02FE02FE02FE02FE02FE02FE02FE022C
:1024B000FE02FE02FE02FE02FE02FE02FE02FE021C
:1024C000FE02FE02FE02FE02FE02FE02FE02FE020C
:1024D000FE02FE02FE02FE02FE02FE02FE02FE02FC
:1024E000FE02FE02FE02FE02FE02FE02FE02FE02EC
:1024F000FE02FE02FE02FE02FE02FE02FE02FE02DC
:10250000FE02FE02FE02FE02FE02FE02FE02FE02CB
:10251000FE02FE02FE02FE02FE02FE02FE02FE02BB
:10252000FE02FE02FE02FE02FE02FE02FE02FE02AB
:10253000FE02FE02FE02FE02FE02FE02FE02FE029B
:10254000FE02FE02FE02FE02FE02FE02FE02FE028B
:10255000FE02FE02FE02FE02FE02FE02FE02FE027B
:10256000FE02FE02FE02FE02FE02FE02FE02FE026B
:10257000FE02FE02FE02FE02FE02FE02FE02FE025B
:10258000FE02FE02FE02FE02FE02FE02FE02FE024B
:10259000FE02FE02FE02FE02FE02FE02FE02FE023B
:1025A000FE02FE02FE02FE02FE02FE02FE02FE022B
:1025B000FE02FE02FE02FE02FE02FE02FE02FE021B
:1025C000FE02FE02FE02FE02FE02FE02FE02FE020B
:1025D000FE02FE02FE02FE02FE02FE02FE02FE02FB
:1025E000FE02FE02FE02FE02FE02FE02FE02FE02EB
:1025F000FE02FE02FE02FE02FE02FE02FE02FE02DB
:10260000FE02FE02FE02FE02FE02FE02FE02FE02CA
:10261000FE02FE02FE02FE02FE02FE02FE02FE02BA
:10262000FE02FE02FE02FE02FE02FE02FE02FE02AA
:10263000FE02FE02FE02FE02FE02FE02FE02FE029A
:10264000FE02FE02FE02FE02FE02FE02FE02FE028A
:10265000FE02FE02FE02FE02FE02FE02FE02FE027A
:10266000FE02FE02FE02FE02FE02FE02FE02FE026A
:10267000FE02FE02FE02FE02FE02FE02FE02FE025A
:10268000FE02FE02FE02FE02FE02FE02FE02FE024A
:10269000FE02FE02FE02FE02FE02FE02FE02FE023A
:1026A000FE02FE02FE02FE02FE02FE02FE02FE022A
:1026B000FE02FE02FE02FE02FE02FE02FE02FE021A
:1026C000FE02FE02FE02FE02FE02FE02FE02FE020A
:1026D000FE02FE02FE02FE02FE02FE02FE02FE02FA
:1026E000FE02FE02FE02FE02FE02FE02FE02FE02EA
:1026F000FE02FE02FE02FE02FE02FE02FE02FE02DA
:10270000FE02FE02FE02FE02FE02FE02FE02FE02C9
:10271000FE02FE02FE02FE02FE02FE02FE02FE02B9
:10272000FE02FE02FE02FE02FE02FE02FE02FE02A9
:10273000FE02FE02FE02FE02FE02FE02FE02FE0299
:10274000FE02FE02FE02FE02FE02FE02FE02FE0289
:10275000FE02FE02FE02FE02FE02FE02FE02FE0279
:10276000FE02FE02FE02FE02FE02FE02FE02FE0269
:10277000FE02FE02FE02FE02FE02FE02FE02FE0259
:10278000FE02FE02FE02FE02FE02FE02FE02FE0249
:10279000FE02FE02FE02FE02FE02FE02FE02FE0239
:1027A000FE02FE02FE02FE02FE02FE02FE02FE0229
:1027B000FE02FE02FE02FE02FE02FE02FE02FE0219
:1027C000FE02FE02FE02FE02FE02FE02FE02FE0209
:1027D000FE02FE02FE02FE02FE02FE02FE02FE02F9
:1027E000FE02FE02FE02FE02FE02FE02FE02FE02E9
:1027F000FE02FE02FE02FE02FE02FE02FE02FE02D9
:10280000FE02FE02FE02FE02FE02FE02FE02FE02C8
:10281000FE02FE02FE02FE02FE02FE02FE02FE02B8
:10282000FE02FE02FE02FE02FE02FE02FE02FE02A8
:10283000FE02FE02FE02FE02FE02FE02FE02FE0298
:10284000FE02FE02FE02FE02FE02FE02FE02FE0288
:10285000FE02FE02FE02FE02FE02FE02FE02FE0278
:10286000FE02FE02FE02FE02FE02FE02FE02FE0268
:10287000FE02FE02FE02FE02FE02FE02FE02FE0258
:10288000FE02FE02FE02FE02FE02FE02FE02FE0248
:10289000FE02FE02FE02FE02FE02FE02FE02FE0238
:1028A000FE02FE02FE02FE02FE02FE02FE02FE0228
:1028B000FE02FE02FE02FE02FE02FE02FE02FE0218
:1028C000FE02FE02FE02FE02FE02FE02FE02FE0208
:1028D000FE02FE02FE02FE02FE02FE02FE02FE02F8
:1028E000FE02FE02FE02FE02FE02FE02FE02FE02E8
:1028F000FE02FE02FE02FE02FE02FE02FE02FE02D8
:10290000FE02FE02FE02FE02FE02FE02FE02FE02C7
:10291000FE02FE02FE02FE02FE02FE02FE02FE02B7
:10292000FE02FE02FE02FE02FE02FE02FE02FE02A7
:10293000FE02FE02FE02FE02FE02FE02FE02FE0297
:10294000FE02FE02FE02FE02FE02FE02FE02FE0287
:10295000FE02FE02FE02FE02FE02FE02FE02FE0277
:10296000FE02FE02FE02FE02FE02FE02FE02FE0267
:10297000FE02FE02FE02FE02FE02FE02FE02FE0257
:10298000FE02FE02FE02FE02FE02FE02FE02FE0247
:10299000FE02FE02FE02FE02FE02FE02FE02FE0237
:1029A000FE02FE02FE02FE02FE02FE02FE02FE0227
:1029B000FE02FE02FE02FE02FE02FE02FE02FE0217
:1029C000FE02FE02FE02FE02FE02FE02FE02FE0207
:1029D000FE02FE02FE02FE02FE02FE02FE02FE02F7
:1029E000FE02FE02FE02FE02FE02FE02FE02FE02E7
:1029F000FE02FE02FE02FE02FE02FE02FE02FE02D7
:102A0000FE02FE02FE02FE02FE02FE02FE02FE02C6
:102A1000FE02FE02FE02FE02FE02FE02FE02FE02B6
:102A2000FE02FE02FE02FE02FE02FE02FE02FE02A6
:102A3000FE02FE02FE02FE02FE02FE02FE02FE0296
:102A4000FE02FE02FE02FE02FE02FE02FE02FE0286
:102A5000FE02FE02FE02FE02FE02FE02FE02FE0276
:102A6000FE02FE02FE02FE02FE02FE02FE02FE0266
:102A7000FE02FE02FE02FE02FE02FE02FE02FE0256
:102A8000FE02FE02FE02FE02FE02FE02FE02FE0246
:102A9000FE02FE02FE02FE02FE02FE02FE02FE0236
:102AA000FE02FE02FE02FE02FE02FE02FE02FE0226
:102AB000FE02FE02FE02FE02FE02FE02FE02FE0216
:102AC000FE02FE02FE02FE02FE02FE02FE02FE0206
:102AD000FE02FE02FE02FE02FE02FE02FE02FE02F6
:102AE000FE02FE02FE02FE02FE02FE02FE02FE02E6
:102AF000FE02FE02FE02FE02FE02FE02FE02FE02D6
:102B0000FE02FE02FE02FE02FE02FE02FE02FE02C5
:102B1000FE02FE02FE02FE02FE02FE02FE02FE02B5
:102B2000FE02FE02FE02FE02FE02FE02FE02FE02A5
:102B3000FE02FE02FE02FE02FE02FE02FE02FE0295
:102B4000FE02FE02FE02FE02FE02FE02FE02FE0285
:102B5000FE02FE02FE02FE02FE02FE02FE02FE0275
:102B6000FE02FE02FE02FE02FE02FE02FE02FE0265
:102B7000FE02FE02FE02FE02FE02FE02FE02FE0255
:102B8000FE02FE02FE02FE02FE02FE02FE02FE0245
:102B9000FE02FE02FE02FE02FE02FE02FE02FE0235
:102BA000FE02FE02FE02FE02FE02FE02FE02FE0225
:102BB000FE02FE02FE02FE02FE02FE02FE02FE0215
:102BC000FE02FE02FE02FE02FE02FE02FE02FE0205
:102BD000FE02FE02FE02FE02FE02FE02FE02FE02F5
:102BE000FE02FE02FE02FE02FE02FE02FE02FE02E5
:102BF000FE02FE02FE02FE02FE02FE02FE02FE02D5
:102C0000FE02FE02FE02FE02FE02FE02FE02FE02C4
:102C1000FE02FE02FE02FE02FE02FE02FE02FE02B4
:102C2000FE02FE02FE02FE02FE02FE02FE02FE02A4
:102C3000FE02FE02FE02FE02FE02FE02FE02FE0294
:102C4000FE02FE02FE02FE02FE02FE02FE02FE0284
:102C5000FE02FE02FE02FE02FE02FE02FE02FE0274
:102C6000FE02FE02FE02FE02FE02FE02FE02FE0264
:102C7000FE02FE02FE02FE02FE02FE02FE02FE0254
:102C8000FE02FE02FE02FE02FE02FE02FE02FE0244
:102C9000FE02FE02FE02FE02FE02FE02FE02FE0234
:102CA000FE02FE02FE02FE02FE02FE02FE02FE0224
:102CB000FE02FE02FE02FE02FE02FE02FE02FE0214
:102CC000FE02FE02FE02FE02FE02FE02FE02FE0204
:102CD000FE02FE02FE02FE02FE02FE02FE02FE02F4
:102CE000FE02FE02FE02FE02FE02FE02FE02FE02E4
:102CF000FE02FE02FE02FE02FE02FE02FE02FE02D4
:102D0000FE02FE02FE02FE02FE02FE02FE02FE02C3
:102D1000FE02FE02FE02FE02FE02FE02FE02FE02B3
:102D2000FE02FE02FE02FE02FE02FE02FE02FE02A3
:102D3000FE02FE02FE02FE02FE02FE02FE02FE0293
:102D4000FE02FE02FE02FE02FE02FE02FE02FE0283
:102D5000FE02FE02FE02FE02FE02FE02FE02FE0273
:102D6000FE02FE02FE02FE02FE02FE02FE02FE0263
:102D7000FE02FE02FE02FE02FE02FE02FE02FE0253
:102D8000FE02FE02FE02FE02FE02FE02FE02FE0243
:102D9000FE02FE02FE02FE02FE02FE02FE02FE0233
:102DA000FE02FE02FE02FE02FE02FE02FE02FE0223
:102DB000FE02FE02FE02FE02FE02FE02FE02FE0213
:102DC000FE02FE02FE02FE02FE02FE02FE02FE0203
:102DD000FE02FE02FE02FE02FE02FE02FE02FE02F3
:102DE000FE02FE02FE02FE02FE02FE02FE02FE02E3
:102DF000FE02FE02FE02FE02FE02FE02FE02FE02D3
:102E0000FE02FE02FE02FE02FE02FE02FE02FE02C2
:102E1000FE02FE02FE02FE02FE02FE02FE02FE02B2
:102E2000FE02FE02FE02FE02FE02FE02FE02FE02A2
:102E3000FE02FE02FE02FE02FE02FE02FE02FE0292
:102E4000FE02FE02FE02FE02FE02FE02FE02FE0282
:102E5000FE02FE02FE02FE02FE02FE02FE02FE0272
:102E6000FE02FE02FE02FE02FE02FE02FE02FE0262
:102E7000FE02FE02FE02FE02FE02FE02FE02FE0252
:102E8000FE02FE02FE02FE02FE02FE02FE02FE0242
:102E9000FE02FE02FE02FE02FE02FE02FE02FE0232
:102EA000FE02FE02FE02FE02FE02FE02FE02FE0222
:102EB000FE02FE02FE02FE02FE02FE02FE02FE0212
:102EC000FE02FE02FE02FE02FE02FE02FE02FE0202
:102ED000FE02FE02FE02FE02FE02FE02FE02FE02F2
:102EE000FE02FE02FE02FE02FE02FE02FE02FE02E2
:102EF000FE02FE02FE02FE02FE02FE02FE02FE02D2
:102F0000FE02FE02FE02FE02FE02FE02FE02FE02C1
:102F1000FE02FE02FE02FE02FE02FE02FE02FE02B1
:102F2000FE02FE02FE02FE02FE02FE02FE02FE02A1
:102F3000FE02FE02FE02FE02FE02FE02FE02FE0291
:102F4000FE02FE02FE02FE02FE02FE02FE02FE0281
:102F5000FE02FE02FE02FE02FE02FE02FE02FE0271
:102F6000FE02FE02FE02FE02FE02FE02FE02FE0261
:102F7000FE02FE02FE02FE02FE02FE02FE02FE0251
:102F8000FE02FE02FE02FE02FE02FE02FE02FE0241
:102F9000FE02FE02FE02FE02FE02FE02FE02FE0231
:102FA000FE02FE02FE02FE02FE02FE02FE02FE0221
:102FB000FE02FE02FE02FE02FE02FE02FE02FE0211
:102FC000FE02FE02FE02FE02FE02FE02FE02FE0201
:102FD000FE02FE02FE02FE02FE02FE02FE02FE02F1
:102FE000FE02FE02FE02FE02FE02FE02FE02FE02E1
:102FF000FE02FE02FE02FE02FE02FE02FE02FE02D1
:10300000FE02FE02FE02FE02FE02FE02FE02FE02C0
:10301000FE02FE02FE02FE02FE02FE02FE02FE02B0
:10302000FE02FE02FE02FE02FE02FE02FE02FE02A0
:10303000FE02FE02FE02FE02FE02FE02FE02FE0290
:10304000FE02FE02FE02FE02FE02FE02FE02FE0280
:10305000FE02FE02FE02FE02FE02FE02FE02FE0270
:10306000FE02FE02FE02FE02FE02FE02FE02FE0260
:10307000FE02FE02FE02FE02FE02FE02FE02FE0250
:10308000FE02FE02FE02FE02FE02FE02FE02FE0240
:10309000FE02FE02FE02FE02FE02FE02FE02FE0230
:1030A000FE02FE02FE02FE02FE02FE02FE02FE0220
:1030B000FE02FE02FE02FE02FE02FE02FE02FE0210
:1030C000FE02FE02FE02FE02FE02FE02FE02FE0200
:1030D000FE02FE02FE02FE02FE02FE02FE02FE02F0
:1030E000FE02FE02FE02FE02FE02FE02FE02FE02E0
:1030F000FE02FE02FE02FE02FE02FE02FE02FE02D0
:10310000FE02FE02FE02FE02FE02FE02FE02FE02BF
:10311000FE02FE02FE02FE02FE02FE02FE02FE02AF
:10312000FE02FE02FE02FE02FE02FE02FE02FE029F
:10313000FE02FE02FE02FE02FE02FE02FE02FE028F
:10314000FE02FE02FE02FE02FE02FE02FE02FE027F
:10315000FE02FE02FE02FE02FE02FE02FE02FE026F
:10316000FE02FE02FE02FE02FE02FE02FE02FE025F
:10317000FE02FE02FE02FE02FE02FE02FE02FE024F
:10318000FE02FE02FE02FE02FE02FE02FE02FE023F
:10319000FE02FE02FE02FE02FE02FE02FE02FE022F
:1031A000FE02FE02FE02FE02FE02FE02FE02FE021F
:1031B000FE02FE02FE02FE02FE02FE02FE02FE020F
:1031C000FE02FE02FE02FE02FE02FE02FE02FE02FF
:1031D000FE02FE02FE02FE02FE02FE02FE02FE02EF
:1031E000FE02FE02FE02FE02FE02FE02FE02FE02DF
:1031F000FE02FE02FE02FE02FE02FE02FE02FE02CF
:10320000FE02FE02FE02FE02FE02FE02FE02FE02BE
:10321000FE02FE02FE02FE02FE02FE02FE02FE02AE
:10322000FE02FE02FE02FE02FE02FE02FE02FE029E
:10323000FE02FE02FE02FE02FE02FE02FE02FE028E
:10324000FE02FE02FE02FE02FE02FE02FE02FE027E
:10325000FE02FE02FE02FE02FE02FE02FE02FE026E
:10326000FE02FE02FE02FE02FE02FE02FE02FE025E
:10327000FE02FE02FE02FE02FE02FE02FE02FE024E
:10328000FE02FE02FE02FE02FE02FE02FE02FE023E
:10329000FE02FE02FE02FE02FE02FE02FE02FE022E
:1032A000FE02FE02FE02FE02FE02FE02FE02FE021E
:1032B000FE02FE02FE02FE02FE02FE02FE02FE020E
:1032C000FE02FE02FE02FE02FE02FE02FE02FE02FE
:1032D000FE02FE02FE02FE02FE02FE02FE02FE02EE
:1032E000FE02FE02FE02FE02FE02FE02FE02FE02DE
:1032F000FE02FE02FE02FE02FE02FE02FE02FE02CE
:10330000FE02FE02FE02FE02FE02FE02FE02FE02BD
:10331000FE02FE02FE02FE02FE02FE02FE02FE02AD
:10332000FE02FE02FE02FE02FE02FE02FE02FE029D
:10333000FE02FE02FE02FE02FE02FE02FE02FE028D
:10334000FE02FE02FE02FE02FE02FE02FE02FE027D
:10335000FE02FE02FE02FE02FE02FE02FE02FE026D
:10336000FE02FE02FE02FE02FE02FE02FE02FE025D
:10337000FE02FE02FE02FE02FE02FE02FE02FE024D
:10338000FE02FE02FE02FE02FE02FE02FE02FE023D
:10339000FE02FE02FE02FE02FE02FE02FE02FE022D
:1033A000FE02FE02FE02FE02FE02FE02FE02FE021D
:1033B000FE02FE02FE02FE02FE02FE02FE02FE020D
:1033C000FE02FE02FE02FE02FE02FE02FE02FE02FD
:1033D000FE02FE02FE02FE02FE02FE02FE02FE02ED
:1033E000FE02FE02FE02FE02FE02FE02FE02FE02DD
:1033F000FE02FE02FE02FE02FE02FE02FE02FE02CD
:10340000FE02FE02FE02FE02FE02FE02FE02FE02BC
:10341000FE02FE02FE02FE02FE02FE02FE02FE02AC
:10342000FE02FE02FE02FE02FE02FE02FE02FE029C
:10343000FE02FE02FE02FE02FE02FE02FE02FE028C
:10344000FE02FE02FE02FE02FE02FE02FE02FE027C
:10345000FE02FE02FE02FE02FE02FE02FE02FE026C
:10346000FE02FE02FE02FE02FE02FE02FE02FE025C
:10347000FE02FE02FE02FE02FE02FE02FE02FE024C
:10348000FE02FE02FE02FE02FE02FE02FE02FE023C
:10349000FE02FE02FE02FE02FE02FE02FE02FE022C
:1034A000FE02FE02FE02FE02FE02FE02FE02FE021C
:1034B000FE02FE02FE02FE02FE02FE02FE02FE020C
:1034C000FE02FE02FE02FE02FE02FE02FE02FE02FC
:1034D000FE02FE02FE02FE02FE02FE02FE02FE02EC
:1034E000FE02FE02FE02FE02FE02FE02FE02FE02DC
:1034F000FE02FE02FE02FE02FE02FE02FE02FE02CC
:10350000FE02FE02FE02FE02FE02FE02FE02FE02BB
:10351000FE02FE02FE02FE02FE02FE02FE02FE02AB
:10352000FE02FE02FE02FE02FE02FE02FE02FE029B
:10353000FE02FE02FE02FE02FE02FE02FE02FE028B
:10354000FE02FE02FE02FE02FE02FE02FE02FE027B
:10355000FE02FE02FE02FE02FE02FE02FE02FE026B
:10356000FE02FE02FE02FE02FE02FE02FE02FE025B
:10357000FE02FE02FE02FE02FE02FE02FE02FE024B
:10358000FE02FE02FE02FE02FE02FE02FE02FE023B
:10359000FE02FE02FE02FE02FE02FE02FE02FE022B
:1035A000FE02FE02FE02FE02FE02FE02FE02FE021B
:1035B000FE02FE02FE02FE02FE02FE02FE02FE020B
:1035C000FE02FE02FE02FE02FE02FE02FE02FE02FB
:1035D000FE02FE02FE02FE02FE02FE02FE02FE02EB
:1035E000FE02FE02FE02FE02FE02FE02FE02FE02DB
:1035F000FE02FE02FE02FE02FE02FE02FE02FE02CB
:10360000FE02FE02FE02FE02FE02FE02FE02FE02BA
:10361000FE02FE02FE02FE02FE02FE02FE02FE02AA
:10362000FE02FE02FE02FE02FE02FE02FE02FE029A
:10363000FE02FE02FE02FE02FE02FE02FE02FE028A
:10364000FE02FE02FE02FE02FE02FE02FE02FE027A
:10365000FE02FE02FE02FE02FE02FE02FE02FE026A
:10366000FE02FE02FE02FE02FE02FE02FE02FE025A
:10367000FE02FE02FE02FE02FE02FE02FE02FE024A
:10368000FE02FE02FE02FE02FE02FE02FE02FE023A
:10369000FE02FE02FE02FE02FE02FE02FE02FE022A
:1036A000FE02FE02FE02FE02FE02FE02FE02FE021A
:1036B000FE02FE02FE02FE02FE02FE02FE02FE020A
:1036C000FE02FE02FE02FE02FE02FE02FE02FE02FA
:1036D000FE02FE02FE02FE02FE02FE02FE02FE02EA
:1036E000FE02FE02FE02FE02FE02FE02FE02FE02DA
:1036F000FE02FE02FE02FE02FE02FE02FE02FE02CA
:10370000FE02FE02FE02FE02FE02FE02FE02FE02B9
:10371000FE02FE02FE02FE02FE02FE02FE02FE02A9
:10372000FE02FE02FE02FE02FE02FE02FE02FE0299
:10373000FE02FE02FE02FE02FE02FE02FE02FE0289
:10374000FE02FE02FE02FE02FE02FE02FE02FE0279
:10375000FE02FE02FE02FE02FE02FE02FE02FE0269
:10376000FE02FE02FE02FE02FE02FE02FE02FE0259
:10377000FE02FE02FE02FE02FE02FE02FE02FE0249
:10378000FE02FE02FE02FE02FE02FE02FE02FE0239
:10379000FE02FE02FE02FE02FE02FE02FE02FE0229
:1037A000FE02FE02FE02FE02FE02FE02FE02FE0219
:1037B000FE02FE02FE02FE02FE02FE02FE02FE0209
:1037C000FE02FE02FE02FE02FE02FE02FE02FE02F9
:1037D000FE02FE02FE02FE02FE02FE02FE02FE02E9
:1037E000FE02FE02FE02FE02FE02FE02FE02FE02D9
:1037F000FE02FE02FE02FE02FE02FE02FE02FE02C9
:10380000FE02FE02FE02FE02FE02FE02FE02FE02B8
:10381000FE02FE02FE02FE02FE02FE02FE02FE02A8
:10382000FE02FE02FE02FE02FE02FE02FE02FE0298
:10383000FE02FE02FE02FE02FE02FE02FE02FE0288
:10384000FE02FE02FE02FE02FE02FE02FE02FE0278
:10385000FE02FE02FE02FE02FE02FE02FE02FE0268
:10386000FE02FE02FE02FE02FE02FE02FE02FE0258
:10387000FE02FE02FE02FE02FE02FE02FE02FE0248
:10388000FE02FE02FE02FE02FE02FE02FE02FE0238
:10389000FE02FE02FE02FE02FE02FE02FE02FE0228
:1038A000FE02FE02FE02FE02FE02FE02FE02FE0218
:1038B000FE02FE02FE02FE02FE02FE02FE02FE0208
:1038C000FE02FE02FE02FE02FE02FE02FE02FE02F8
:1038D000FE02FE02FE02FE02FE02FE02FE02FE02E8
:1038E000FE02FE02FE02FE02FE02FE02FE02FE02D8
:1038F000FE02FE02FE02FE02FE02FE02FE02FE02C8
:10390000FE02FE02FE02FE02FE02FE02FE02FE02B7
:10391000FE02FE02FE02FE02FE02FE02FE02FE02A7
:10392000FE02FE02FE02FE02FE02FE02FE02FE0297
:10393000FE02FE02FE02FE02FE02FE02FE02FE0287
:10394000FE02FE02FE02FE02FE02FE02FE02FE0277
:10395000FE02FE02FE02FE02FE02FE02FE02FE0267
:10396000FE02FE02FE02FE02FE02FE02FE02FE0257
:10397000FE02FE02FE02FE02FE02FE02FE02FE0247
:10398000FE02FE02FE02FE02FE02FE02FE02FE0237
:10399000FE02FE02FE02FE02FE02FE02FE02FE0227
:1039A000FE02FE02FE02FE02FE02FE02FE02FE0217
:1039B000FE02FE02FE02FE02FE02FE02FE02FE0207
:1039C000FE02FE02FE02FE02FE02FE02FE02FE02F7
:1039D000FE02FE02FE02FE02FE02FE02FE02FE02E7
:1039E000FE02FE02FE02FE02FE02FE02FE02FE02D7
:1039F000FE02FE02FE02FE02FE02FE02FE02FE02C7
:103A0000FE02FE02FE02FE02FE02FE02FE02FE02B6
:103A1000FE02FE02FE02FE02FE02FE02FE02FE02A6
:103A2000FE02FE02FE02FE02FE02FE02FE02FE0296
:103A3000FE02FE02FE02FE02FE02FE02FE02FE0286
:103A4000FE02FE02FE02FE02FE02FE02FE02FE0276
:103A5000FE02FE02FE02FE02FE02FE02FE02FE0266
:103A6000FE02FE02FE02FE02FE02FE02FE02FE0256
:103A7000FE02FE02FE02FE02FE02FE02FE02FE0246
:103A8000FE02FE02FE02FE02FE02FE02FE02FE0236
:103A9000FE02FE02FE02FE02FE02FE02FE02FE0226
:103AA000FE02FE02FE02FE02FE02FE02FE02FE0216
:103AB000FE02FE02FE02FE02FE02FE02FE02FE0206
:103AC000FE02FE02FE02FE02FE02FE02FE02FE02F6
:103AD000FE02FE02FE02FE02FE02FE02FE02FE02E6
:103AE000FE02FE02FE02FE02FE02FE02FE02FE02D6
:103AF000FE02FE02FE02FE02FE02FE02FE02FE02C6
:103B0000FE02FE02FE02FE02FE02FE02FE02FE02B5
:103B1000FE02FE02FE02FE02FE02FE02FE02FE02A5
:103B2000FE02FE02FE02FE02FE02FE02FE02FE0295
:103B3000FE02FE02FE02FE02FE02FE02FE02FE0285
:103B4000FE02FE02FE02FE02FE02FE02FE02FE0275
:103B5000FE02FE02FE02FE02FE02FE02FE02FE0265
:103B6000FE02FE02FE02FE02FE02FE02FE02FE0255
:103B7000FE02FE02FE02FE02FE02FE02FE02FE0245
:103B8000FE02FE02FE02FE02FE02FE02FE02FE0235
:103B9000FE02FE02FE02FE02FE02FE02FE02FE0225
:103BA000FE02FE02FE02FE02FE02FE02FE02FE0215
:103BB000FE02FE02FE02FE02FE02FE02FE02FE0205
:103BC000FE02FE02FE02FE02FE02FE02FE02FE02F5
:103BD000FE02FE02FE02FE02FE02FE02FE02FE02E5
:103BE000FE02FE02FE02FE02FE02FE02FE02FE02D5
:103BF000FE02FE02FE02FE02FE02FE02FE02FE02C5
:103C0000FE02FE02FE02FE02FE02FE02FE02FE02B4
:103C1000FE02FE02FE02FE02FE02FE02FE02FE02A4
:103C2000FE02FE02FE02FE02FE02FE02FE02FE0294
:103C3000FE02FE02FE02FE02FE02FE02FE02FE0284
:103C4000FE02FE02FE02FE02FE02FE02FE02FE0274
:103C5000FE02FE02FE02FE02FE02FE02FE02FE0264
:103C6000FE02FE02FE02FE02FE02FE02FE02FE0254
:103C7000FE02FE02FE02FE02FE02FE02FE02FE0244
:103C8000FE02FE02FE02FE02FE02FE02FE02FE0234
:103C9000FE02FE02FE02FE02FE02FE02FE02FE0224
:103CA000FE02FE02FE02FE02FE02FE02FE02FE0214
:103CB000FE02FE02FE02FE02FE02FE02FE02FE0204
:103CC000FE02FE02FE02FE02FE02FE02FE02FE02F4
:103CD000FE02FE02FE02FE02FE02FE02FE02FE02E4
:103CE000FE02FE02FE02FE02FE02FE02FE02FE02D4
:103CF000FE02FE02FE02FE02FE02FE02FE02FE02C4
:103D0000FE02FE02FE02FE02FE02FE02FE02FE02B3
:103D1000FE02FE02FE02FE02FE02FE02FE02FE02A3
:103D2000FE02FE02FE02FE02FE02FE02FE02FE0293
:103D3000FE02FE02FE02FE02FE02FE02FE02FE0283
:103D4000FE02FE02FE02FE02FE02FE02FE02FE0273
:103D5000FE02FE02FE02FE02FE02FE02FE02FE0263
:103D6000FE02FE02FE02FE02FE02FE02FE02FE0253
:103D7000FE02FE02FE02FE02FE02FE02FE02FE0243
:103D8000FE02FE02FE02FE02FE02FE02FE02FE0233
:103D9000FE02FE02FE02FE02FE02FE02FE02FE0223
:103DA000FE02FE02FE02FE02FE02FE02FE02FE0213
:103DB000FE02FE02FE02FE02FE02FE02FE02FE0203
:103DC000FE02FE02FE02FE02FE02FE02FE02FE02F3
:103DD000FE02FE02FE02FE02FE02FE02FE02FE02E3
:103DE000FE02FE02FE02FE02FE02FE02FE02FE02D3
:103DF000FE02FE02FE02FE02FE02FE02FE02FE02C3
:103E0000FE02FE02FE02FE02FE02FE02FE02FE02B2
:103E1000FE02FE02FE02FE02FE02FE02FE02FE02A2
:103E2000FE02FE02FE02FE02FE02FE02FE02FE0292
:103E3000FE02FE02FE02FE02FE02FE02FE02FE0282
:103E4000FE02FE02FE02FE02FE02FE02FE02FE0272
:103E5000FE02FE02FE02FE02FE02FE02FE02FE0262
:103E6000FE02FE02FE02FE02FE02FE02FE02FE0252
:103E7000FE02FE02FE02FE02FE02FE02FE02FE0242
:103E8000FE02FE02FE02FE02FE02FE02FE02FE0232
:103E9000FE02FE02FE02FE02FE02FE02FE02FE0222
:103EA000FE02FE02FE02FE02FE02FE02FE02FE0212
:103EB000FE02FE02FE02FE02FE02FE02FE02FE0202
:103EC000FE02FE02FE02FE02FE02FE02FE02FE02F2
:103ED000FE02FE02FE02FE02FE02FE02FE02FE02E2
:103EE000FE02FE02FE02FE02FE02FE02FE02FE02D2
:103EF000FE02FE02FE02FE02FE02FE02FE02FE02C2
:103F0000FE02FE02FE02FE02FE02FE02FE02FE02B1
:103F1000FE02FE02FE02FE02FE02FE02FE02FE02A1
:103F2000FE02FE02FE02FE02FE02FE02FE02FE0291
:103F3000FE02FE02FE02FE02FE02FE02FE02FE0281
:103F4000FE02FE02FE02FE02FE02FE02FE02FE0271
:103F5000FE02FE02FE02FE02FE02FE02FE02FE0261
:103F6000FE02FE02FE02FE02FE02FE02FE02FE0251
:103F7000FE02FE02FE02FE02FE02FE02FE02FE0241
:103F8000FE02FE02FE02FE02FE02FE02FE02FE0231
:103F9000FE02FE02FE02FE02FE02FE02FE02FE0221
:103FA000FE02FE02FE02FE02FE02FE02FE02FE0211
:103FB000FE02FE02FE02FE02FE02FE02FE02FE0201
:103FC000FE02FE02FE02FE02FE02FE02FE02FE02F1
:103FD000FE02FE02FE02FE02FE02FE02FE02FE02E1
:103FE000FE02FE02FE02FE02FE02FE02FE02FE02D1
:103FF000FE02FE02FE02FE02FE02FE02FE02FE02C1
:10400000FE02FE02FE02FE02FE02FE02FE02FE02B0
:10401000FE02FE02FE02FE02FE02FE02FE02FE02A0
:10402000FE02FE02FE02FE02FE02FE02FE02FE0290
:10403000FE02FE02FE02FE02FE02FE02FE02FE0280
:10404000FE02FE02FE02FE02FE02FE02FE02FE0270
:10405000FE02FE02FE02FE02FE02FE02FE02FE0260
:10406000FE02FE02FE02FE02FE02FE02FE02FE0250
:10407000FE02FE02FE02FE02FE02FE02FE02FE0240
:10408000FE02FE02FE02FE02FE02FE02FE02FE0230
:10409000FE02FE02FE02FE02FE02FE02FE02FE0220
:1040A000FE02FE02FE02FE02FE02FE02FE02FE0210
:1040B000FE02FE02FE02FE02FE02FE02FE02FE0200
:1040C000FE02FE02FE02FE02FE02FE02FE02FE02F0
:1040D000FE02FE02FE02FE02FE02FE02FE02FE02E0
:1040E000FE02FE02FE02FE02FE02FE02FE02FE02D0
:1040F000FE02FE02FE02FE02FE02FE02FE02FE02C0
:10410000FE02FE02FE02FE02FE02FE02FE02FE02AF
:10411000FE02FE02FE02FE02FE02FE02FE02FE029F
:10412000FE02FE02FE02FE02FE02FE02FE02FE028F
:10413000FE02FE02FE02FE02FE02FE02FE02FE027F
:10414000FE02FE02FE02FE02FE02FE02FE02FE026F
:10415000FE02FE02FE02FE02FE02FE02FE02FE025F
:10416000FE02FE02FE02FE02FE02FE02FE02FE024F
:10417000FE02FE02FE02FE02FE02FE02FE02FE023F
:10418000FE02FE02FE02FE02FE02FE02FE02FE022F
:10419000FE02FE02FE02FE02FE02FE02FE02FE021F
:1041A000FE02FE02FE02FE02FE02FE02FE02FE020F
:1041B000FE02FE02FE02FE02FE02FE02FE02FE02FF
:1041C000FE02FE02FE02FE02FE02FE02FE02FE02EF
:1041D000FE02FE02FE02FE02FE02FE02FE02FE02DF
:1041E000FE02FE02FE02FE02FE02FE02FE02FE02CF
:1041F000FE02FE02FE02FE02FE02FE02FE02FE02BF
:10420000FE02FE02FE02FE02FE02FE02FE02FE02AE
:10421000FE02FE02FE02FE02FE02FE02FE02FE029E
:10422000FE02FE02FE02FE02FE02FE02FE02FE028E
:10423000FE02FE02FE02FE02FE02FE02FE02FE027E
:10424000FE02FE02FE02FE02FE02FE02FE02FE026E
:10425000FE02FE02FE02FE02FE02FE02FE02FE025E
:10426000FE02FE02FE02FE02FE02FE02FE02FE024E
:10427000FE02FE02FE02FE02FE02FE02FE02FE023E
:10428000FE02FE02FE02FE02FE02FE02FE02FE022E
:10429000FE02FE02FE02FE02FE02FE02FE02FE021E
:1042A000FE02FE02FE02FE02FE02FE02FE02FE020E
:1042B000FE02FE02FE02FE02FE02FE02FE02FE02FE
:1042C000FE02FE02FE02FE02FE02FE02FE02FE02EE
:1042D000FE02FE02FE02FE02FE02FE02FE02FE02DE
:1042E000FE02FE02FE02FE02FE02FE02FE02FE02CE
:1042F000FE02FE02FE02FE02FE02FE02FE02FE02BE
:10430000FE02FE02FE02FE02FE02FE02FE02FE02AD
:10431000FE02FE02FE02FE02FE02FE02FE02FE029D
:10432000FE02FE02FE02FE02FE02FE02FE02FE028D
:10433000FE02FE02FE02FE02FE02FE02FE02FE027D
:10434000FE02FE02FE02FE02FE02FE02FE02FE026D
:10435000FE02FE02FE02FE02FE02FE02FE02FE025D
:10436000FE02FE02FE02FE02FE02FE02FE02FE024D
:10437000FE02FE02FE02FE02FE02FE02FE02FE023D
:10438000FE02FE02FE02FE02FE02FE02FE02FE022D
:10439000FE02FE02FE02FE02FE02FE02FE02FE021D
:1043A000FE02FE02FE02FE02FE02FE02FE02FE020D
:1043B000FE02FE02FE02FE02FE02FE02FE02FE02FD
:1043C000FE02FE02FE02FE02FE02FE02FE02FE02ED
:1043D000FE02FE02FE02FE02FE02FE02FE02FE02DD
:1043E000FE02FE02FE02FE02FE02FE02FE02FE02CD
:1043F000FE02FE02FE02FE02FE02FE02FE02FE02BD
:10440000FE02FE02FE02FE02FE02FE02FE02FE02AC
:10441000FE02FE02FE02FE02FE02FE02FE02FE029C
:10442000FE02FE02FE02FE02FE02FE02FE02FE028C
:10443000FE02FE02FE02FE02FE02FE02FE02FE027C
:10444000FE02FE02FE02FE02FE02FE02FE02FE026C
:10445000FE02FE02FE02FE02FE02FE02FE02FE025C
:10446000FE02FE02FE02FE02FE02FE02FE02FE024C
:10447000FE02FE02FE02FE02FE02FE02FE02FE023C
:10448000FE02FE02FE02FE02FE02FE02FE02FE022C
:10449000FE02FE02FE02FE02FE02FE02FE02FE021C
:1044A000FE02FE02FE02FE02FE02FE02FE02FE020C
:1044B000FE02FE02FE02FE02FE02FE02FE02FE02FC
:1044C000FE02FE02FE02FE02FE02FE02FE02FE02EC
:1044D000FE02FE02FE02FE02FE02FE02FE02FE02DC
:1044E000FE02FE02FE02FE02FE02FE02FE02FE02CC
:1044F000FE02FE02FE02FE02FE02FE02FE02FE02BC
:10450000FE02FE02FE02FE02FE02FE02FE02FE02AB
:10451000FE02FE02FE02FE02FE02FE02FE02FE029B
:10452000FE02FE02FE02FE02FE02FE02FE02FE028B
:10453000FE02FE02FE02FE02FE02FE02FE02FE027B
:10454000FE02FE02FE02FE02FE02FE02FE02FE026B
:10455000FE02FE02FE02FE02FE02FE02FE02FE025B
:10456000FE02FE02FE02FE02FE02FE02FE02FE024B
:10457000FE02FE02FE02FE02FE02FE02FE02FE023B
:10458000FE02FE02FE02FE02FE02FE02FE02FE022B
:10459000FE02FE02FE02FE02FE02FE02FE02FE021B
:1045A000FE02FE02FE02FE02FE02FE02FE02FE020B
:1045B000FE02FE02FE02FE02FE02FE02FE02FE02FB
:1045C000FE02FE02FE02FE02FE02FE02FE02FE02EB
:1045D000FE02FE02FE02FE02FE02FE02FE02FE02DB
:1045E000FE02FE02FE02FE02FE02FE02FE02FE02CB
:1045F000FE02FE02FE02FE02FE02FE02FE02FE02BB
:10460000FE02FE02FE02FE02FE02FE02FE02FE02AA
:10461000FE02FE02FE02FE02FE02FE02FE02FE029A
:10462000FE02FE02FE02FE02FE02FE02FE02FE028A
:10463000FE02FE02FE02FE02FE02FE02FE02FE027A
:10464000FE02FE02FE02FE02FE02FE02FE02FE026A
:10465000FE02FE02FE02FE02FE02FE02FE02FE025A
:10466000FE02FE02FE02FE02FE02FE02FE02FE024A
:10467000FE02FE02FE02FE02FE02FE02FE02FE023A
:10468000FE02FE02FE02FE02FE02FE02FE02FE022A
:10469000FE02FE02FE02FE02FE02FE02FE02FE021A
:1046A000FE02FE02FE02FE02FE02FE02FE02FE020A
:1046B000FE02FE02FE02FE02FE02FE02FE02FE02FA
:1046C000FE02FE02FE02FE02FE02FE02FE02FE02EA
:1046D000FE02FE02FE02FE02FE02FE02FE02FE02DA
:1046E000FE02FE02FE02FE02FE02FE02FE02FE02CA
:1046F000FE02FE02FE02FE02FE02FE02FE02FE02BA
:10470000FE02FE02FE02FE02FE02FE02FE02FE02A9
:10471000FE02FE02FE02FE02FE02FE02FE02FE0299
:10472000FE02FE02FE02FE02FE02FE02FE02FE0289
:10473000FE02FE02FE02FE02FE02FE02FE02FE0279
:10474000FE02FE02FE02FE02FE02FE02FE02FE0269
:10475000FE02FE02FE02FE02FE02FE02FE02FE0259
:10476000FE02FE02FE02FE02FE02FE02FE02FE0249
:10477000FE02FE02FE02FE02FE02FE02FE02FE0239
:10478000FE02FE02FE02FE02FE02FE02FE02FE0229
:10479000FE02FE02FE02FE02FE02FE02FE02FE0219
:1047A000FE02FE02FE02FE02FE02FE02FE02FE0209
:1047B000FE02FE02FE02FE02FE02FE02FE02FE02F9
:1047C000FE02FE02FE02FE02FE02FE02FE02FE02E9
:1047D000FE02FE02FE02FE02FE02FE02FE02FE02D9
:1047E000FE02FE02FE02FE02FE02FE02FE02FE02C9
:1047F000FE02FE02FE02FE02FE02FE02FE02FE02B9
:10480000FE02FE02FE02FE02FE02FE02FE02FE02A8
:10481000FE02FE02FE02FE02FE02FE02FE02FE0298
:10482000FE02FE02FE02FE02FE02FE02FE02FE0288
:10483000FE02FE02FE02FE02FE02FE02FE02FE0278
:10484000FE02FE02FE02FE02FE02FE02FE02FE0268
:10485000FE02FE02FE02FE02FE02FE02FE02FE0258
:10486000FE02FE02FE02FE02FE02FE02FE02FE0248
:10487000FE02FE02FE02FE02FE02FE02FE02FE0238
:10488000FE02FE02FE02FE02FE02FE02FE02FE0228
:10489000FE02FE02FE02FE02FE02FE02FE02FE0218
:1048A000FE02FE02FE02FE02FE02FE02FE02FE0208
:1048B000FE02FE02FE02FE02FE02FE02FE02FE02F8
:1048C000FE02FE02FE02FE02FE02FE02FE02FE02E8
:1048D000FE02FE02FE02FE02FE02FE02FE02FE02D8
:1048E000FE02FE02FE02FE02FE02FE02FE02FE02C8
:1048F000FE02FE02FE02FE02FE02FE02FE02FE02B8
:10490000FE02FE02FE02FE02FE02FE02FE02FE02A7
:10491000FE02FE02FE02FE02FE02FE02FE02FE0297
:10492000FE02FE02FE02FE02FE02FE02FE02FE0287
:10493000FE02FE02FE02FE02FE02FE02FE02FE0277
:10494000FE02FE02FE02FE02FE02FE02FE02FE0267
:10495000FE02FE02FE02FE02FE02FE02FE02FE0257
:10496000FE02FE02FE02FE02FE02FE02FE02FE0247
:10497000FE02FE02FE02FE02FE02FE02FE02FE0237
:10498000FE02FE02FE02FE02FE02FE02FE02FE0227
:10499000FE02FE02FE02FE02FE02FE02FE02FE0217
:1049A000FE02FE02FE02FE02FE02FE02FE02FE0207
:1049B000FE02FE02FE02FE02FE02FE02FE02FE02F7
:1049C000FE02FE02FE02FE02FE02FE02FE02FE02E7
:1049D000FE02FE02FE02FE02FE02FE02FE02FE02D7
:1049E000FE02FE02FE02FE02FE02FE02FE02FE02C7
:1049F000FE02FE02FE02FE02FE02FE02FE02FE02B7
:104A0000FE02FE02FE02FE02FE02FE02FE02FE02A6
:104A1000FE02FE02FE02FE02FE02FE02FE02FE0296
:104A2000FE02FE02FE02FE02FE02FE02FE02FE0286
:104A3000FE02FE02FE02FE02FE02FE02FE02FE0276
:104A4000FE02FE02FE02FE02FE02FE02FE02FE0266
:104A5000FE02FE02FE02FE02FE02FE02FE02FE0256
:104A6000FE02FE02FE02FE02FE02FE02FE02FE0246
:104A7000FE02FE02FE02FE02FE02FE02FE02FE0236
:104A8000FE02FE02FE02FE02FE02FE02FE02FE0226
:104A9000FE02FE02FE02FE02FE02FE02FE02FE0216
:104AA000FE02FE02FE02FE02FE02FE02FE02FE0206
:104AB000FE02FE02FE02FE02FE02FE02FE02FE02F6
:104AC000FE02FE02FE02FE02FE02FE02FE02FE02E6
:104AD000FE02FE02FE02FE02FE02FE02FE02FE02D6
:104AE000FE02FE02FE02FE02FE02FE02FE02FE02C6
:104AF000FE02FE02FE02FE02FE02FE02FE02FE02B6
:104B0000FE02FE02FE02FE02FE02FE02FE02FE02A5
:104B1000FE02FE02FE02FE02FE02FE02FE02FE0295
:104B2000FE02FE02FE02FE02FE02FE02FE02FE0285
:104B3000FE02FE02FE02FE02FE02FE02FE02FE0275
:104B4000FE02FE02FE02FE02FE02FE02FE02FE0265
:104B5000FE02FE02FE02FE02FE02FE02FE02FE0255
:104B6000FE02FE02FE02FE02FE02FE02FE02FE0245
:104B7000FE02FE02FE02FE02FE02FE02FE02FE0235
:104B8000FE02FE02FE02FE02FE02FE02FE02FE0225
:104B9000FE02FE02FE02FE02FE02FE02FE02FE0215
:104BA000FE02FE02FE02FE02FE02FE02FE02FE0205
:104BB000FE02FE02FE02FE02FE02FE02FE02FE02F5
:104BC000FE02FE02FE02FE02FE02FE02FE02FE02E5
:104BD000FE02FE02FE02FE02FE02FE02FE02FE02D5
:104BE000FE02FE02FE02FE02FE02FE02FE02FE02C5
:104BF000FE02FE02FE02FE02FE02FE02FE02FE02B5
:104C0000FE02FE02FE02FE02FE02FE02FE02FE02A4
:104C1000FE02FE02FE02FE02FE02FE02FE02FE0294
:104C2000FE02FE02FE02FE02FE02FE02FE02FE0284
:104C3000FE02FE02FE02FE02FE02FE02FE02FE0274
:104C4000FE02FE02FE02FE02FE02FE02FE02FE0264
:104C5000FE02FE02FE02FE02FE02FE02FE02FE0254
:104C6000FE02FE02FE02FE02FE02FE02FE02FE0244
:104C7000FE02FE02FE02FE02FE02FE02FE02FE0234
:104C8000FE02FE02FE02FE02FE02FE02FE02FE0224
:104C9000FE02FE02FE02FE02FE02FE02FE02FE0214
:104CA000FE02FE02FE02FE02FE02FE02FE02FE0204
:104CB000FE02FE02FE02FE02FE02FE02FE02FE02F4
:104CC000FE02FE02FE02FE02FE02FE02FE02FE02E4
:104CD000FE02FE02FE02FE02FE02FE02FE02FE02D4
:104CE000FE02FE02FE02FE02FE02FE02FE02FE02C4
:104CF000FE02FE02FE02FE02FE02FE02FE02FE02B4
:104D0000FE02FE02FE02FE02FE02FE02FE02FE02A3
:104D1000FE02FE02FE02FE02FE02FE02FE02FE0293
:104D2000FE02FE02FE02FE02FE02FE02FE02FE0283
:104D3000FE02FE02FE02FE02FE02FE02FE02FE0273
:104D4000FE02FE02FE02FE02FE02FE02FE02FE0263
:104D5000FE02FE02FE02FE02FE02FE02FE02FE0253
:104D6000FE02FE02FE02FE02FE02FE02FE02FE0243
:104D7000FE02FE02FE02FE02FE02FE02FE02FE0233
:104D8000FE02FE02FE02FE02FE02FE02FE02FE0223
:104D9000FE02FE02FE02FE02FE02FE02FE02FE0213
:104DA000FE02FE02FE02FE02FE02FE02FE02FE0203
:104DB000FE02FE02FE02FE02FE02FE02FE02FE02F3
:104DC000FE02FE02FE02FE02FE02FE02FE02FE02E3
:104DD000FE02FE02FE02FE02FE02FE02FE02FE02D3
:104DE000FE02FE02FE02FE02FE02FE02FE02FE02C3
:104DF000FE02FE02FE02FE02FE02FE02FE02FE02B3
:104E0000FE02FE02FE02FE02FE02FE02FE02FE02A2
:104E1000FE02FE02FE02FE02FE02FE02FE02FE0292
:104E2000FE02FE02FE02FE02FE02FE02FE02FE0282
:104E3000FE02FE02FE02FE02FE02FE02FE02FE0272
:104E4000FE02FE02FE02FE02FE02FE02FE02FE0262
:104E5000FE02FE02FE02FE02FE02FE02FE02FE0252
:104E6000FE02FE02FE02FE02FE02FE02FE02FE0242
:104E7000FE02FE02FE02FE02FE02FE02FE02FE0232
:104E8000FE02FE02FE02FE02FE02FE02FE02FE0222
:104E9000FE02FE02FE02FE02FE02FE02FE02FE0212
:104EA000FE02FE02FE02FE02FE02FE02FE02FE0202
:104EB000FE02FE02FE02FE02FE02FE02FE02FE02F2
:104EC000FE02FE02FE02FE02FE02FE02FE02FE02E2
:104ED000FE02FE02FE02FE02FE02FE02FE02FE02D2
:104EE000FE02FE02FE02FE02FE02FE02FE02FE02C2
:104EF000FE02FE02FE02FE02FE02FE02FE02FE02B2
:104F0000FE02FE02FE02FE02FE02FE02FE02FE02A1
:104F1000FE02FE02FE02FE02FE02FE02FE02FE0291
:104F2000FE02FE02FE02FE02FE02FE02FE02FE0281
:104F3000FE02FE02FE02FE02FE02FE02FE02FE0271
:104F4000FE02FE02FE02FE02FE02FE02FE02FE0261
:104F5000FE02FE02FE02FE02FE02FE02FE02FE0251
:104F6000FE02FE02FE02FE02FE02FE02FE02FE0241
:104F7000FE02FE02FE02FE02FE02FE02FE02FE0231
:104F8000FE02FE02FE02FE02FE02FE02FE02FE0221
:104F9000FE02FE02FE02FE02FE02FE02FE02FE0211
:104FA000FE02FE02FE02FE02FE02FE02FE02FE0201
:104FB000FE02FE02FE02FE02FE02FE02FE02FE02F1
:104FC000FE02FE02FE02FE02FE02FE02FE02FE02E1
:104FD000FE02FE02FE02FE02FE02FE02FE02FE02D1
:104FE000FE02FE02FE02FE02FE02FE02FE02FE02C1
:104FF000FE02FE02FE02FE02FE02FE02FE02FE02B1
:10500000FE02FE02FE02FE02FE02FE02FE02FE02A0
:10501000FE02FE02FE02FE02FE02FE02FE02FE0290
:10502000FE02FE02FE02FE02FE02FE02FE02FE0280
:10503000FE02FE02FE02FE02FE02FE02FE02FE0270
:10504000FE02FE02FE02FE02FE02FE02FE02FE0260
:10505000FE02FE02FE02FE02FE02FE02FE02FE0250
:10506000FE02FE02FE02FE02FE02FE02FE02FE0240
:10507000FE02FE02FE02FE02FE02FE02FE02FE0230
:10508000FE02FE02FE02FE02FE02FE02FE02FE0220
:10509000FE02FE02FE02FE02FE02FE02FE02FE0210
:1050A000FE02FE02FE02FE02FE02FE02FE02FE0200
:1050B000FE02FE02FE02FE02FE02FE02FE02FE02F0
:1050C000FE02FE02FE02FE02FE02FE02FE02FE02E0
:1050D000FE02FE02FE02FE02FE02FE02FE02FE02D0
:1050E000FE02FE02FE02FE02FE02FE02FE02FE02C0
:1050F000FE02FE02FE02FE02FE02FE02FE02FE02B0
:10510000FE02FE02FE02FE02FE02FE02FE02FE029F
:10511000FE02FE02FE02FE02FE02FE02FE02FE028F
:10512000FE02FE02FE02FE02FE02FE02FE02FE027F
:10513000FE02FE02FE02FE02FE02FE02FE02FE026F
:10514000FE02FE02FE02FE02FE02FE02FE02FE025F
:10515000FE02FE02FE02FE02FE02FE02FE02FE024F
:10516000FE02FE02FE02FE02FE02FE02FE02FE023F
:10517000FE02FE02FE02FE02FE02FE02FE02FE022F
:10518000FE02FE02FE02FE02FE02FE02FE02FE021F
:10519000FE02FE02FE02FE02FE02FE02FE02FE020F
:1051A000FE02FE02FE02FE02FE02FE02FE02FE02FF
:1051B000FE02FE02FE02FE02FE02FE02FE02FE02EF
:1051C000FE02FE02FE02FE02FE02FE02FE02FE02DF
:1051D000FE02FE02FE02FE02FE02FE02FE02FE02CF
:1051E000FE02FE02FE02FE02FE02FE02FE02FE02BF
:1051F000FE02FE02FE02FE02FE02FE02FE02FE02AF
:10520000FE02FE02FE02FE02FE02FE02FE02FE029E
:10521000FE02FE02FE02FE02FE02FE02FE02FE028E
:10522000FE02FE02FE02FE02FE02FE02FE02FE027E
:10523000FE02FE02FE02FE02FE02FE02FE02FE026E
:10524000FE02FE02FE02FE02FE02FE02FE02FE025E
:10525000FE02FE02FE02FE02FE02FE02FE02FE024E
:10526000FE02FE02FE02FE02FE02FE02FE02FE023E
:10527000FE02FE02FE02FE02FE02FE02FE02FE022E
:10528000FE02FE02FE02FE02FE02FE02FE02FE021E
:10529000FE02FE02FE02FE02FE02FE02FE02FE020E
:1052A000FE02FE02FE02FE02FE02FE02FE02FE02FE
:1052B000FE02FE02FE02FE02FE02FE02FE02FE02EE
:1052C000FE02FE02FE02FE02FE02FE02FE02FE02DE
:1052D000FE02FE02FE02FE02FE02FE02FE02FE02CE
:1052E000FE02FE02FE02FE02FE02FE02FE02FE02BE
:1052F000FE02FE02FE02FE02FE02FE02FE02FE02AE
:10530000FE02FE02FE02FE02FE02FE02FE02FE029D
:10531000FE02FE02FE02FE02FE02FE02FE02FE028D
:10532000FE02FE02FE02FE02FE02FE02FE02FE027D
:10533000FE02FE02FE02FE02FE02FE02FE02FE026D
:10534000FE02FE02FE02FE02FE02FE02FE02FE025D
:10535000FE02FE02FE02FE02FE02FE02FE02FE024D
:10536000FE02FE02FE02FE02FE02FE02FE02FE023D
:10537000FE02FE02FE02FE02FE02FE02FE02FE022D
:10538000FE02FE02FE02FE02FE02FE02FE02FE021D
:10539000FE02FE02FE02FE02FE02FE02FE02FE020D
:1053A000FE02FE02FE02FE02FE02FE02FE02FE02FD
:1053B000FE02FE02FE02FE02FE02FE02FE02FE02ED
:1053C000FE02FE02FE02FE02FE02FE02FE02FE02DD
:1053D000FE02FE02FE02FE02FE02FE02FE02FE02CD
:1053E000FE02FE02FE02FE02FE02FE02FE02FE02BD
:1053F000FE02FE02FE02FE02FE02FE02FE02FE02AD
:10540000FE02FE02FE02FE02FE02FE02FE02FE029C
:10541000FE02FE02FE02FE02FE02FE02FE02FE028C
:10542000FE02FE02FE02FE02FE02FE02FE02FE027C
:10543000FE02FE02FE02FE02FE02FE02FE02FE026C
:10544000FE02FE02FE02FE02FE02FE02FE02FE025C
:10545000FE02FE02FE02FE02FE02FE02FE02FE024C
:10546000FE02FE02FE02FE02FE02FE02FE02FE023C
:10547000FE02FE02FE02FE02FE02FE02FE02FE022C
:10548000FE02FE02FE02FE02FE02FE02FE02FE021C
:10549000FE02FE02FE02FE02FE02FE02FE02FE020C
:1054A000FE02FE02FE02FE02FE02FE02FE02FE02FC
:1054B000FE02FE02FE02FE02FE02FE02FE02FE02EC
:1054C000FE02FE02FE02FE02FE02FE02FE02FE02DC
:1054D000FE02FE02FE02FE02FE02FE02FE02FE02CC
:1054E000FE02FE02FE02FE02FE02FE02FE02FE02BC
:1054F000FE02FE02FE02FE02FE02FE02FE02FE02AC
:10550000FE02FE02FE02FE02FE02FE02FE02FE029B
:10551000FE02FE02FE02FE02FE02FE02FE02FE028B
:10552000FE02FE02FE02FE02FE02FE02FE02FE027B
:10553000FE02FE02FE02FE02FE02FE02FE02FE026B
:10554000FE02FE02FE02FE02FE02FE02FE02FE025B
:10555000FE02FE02FE02FE02FE02FE02FE02FE024B
:10556000FE02FE02FE02FE02FE02FE02FE02FE023B
:10557000FE02FE02FE02FE02FE02FE02FE02FE022B
:10558000FE02FE02FE02FE02FE02FE02FE02FE021B
:10559000FE02FE02FE02FE02FE02FE02FE02FE020B
:1055A000FE02FE02FE02FE02FE02FE02FE02FE02FB
:1055B000FE02FE02FE02FE02FE02FE02FE02FE02EB
:1055C000FE02FE02FE02FE02FE02FE02FE02FE02DB
:1055D000FE02FE02FE02FE02FE02FE02FE02FE02CB
:1055E000FE02FE02FE02FE02FE02FE02FE02FE02BB
:1055F000FE02FE02FE02FE02FE02FE02FE02FE02AB
:10560000FE02FE02FE02FE02FE02FE02FE02FE029A
:10561000FE02FE02FE02FE02FE02FE02FE02FE028A
:10562000FE02FE02FE02FE02FE02FE02FE02FE027A
:10563000FE02FE02FE02FE02FE02FE02FE02FE026A
:10564000FE02FE02FE02FE02FE02FE02FE02FE025A
:10565000FE02FE02FE02FE02FE02FE02FE02FE024A
:10566000FE02FE02FE02FE02FE02FE02FE02FE023A
:10567000FE02FE02FE02FE02FE02FE02FE02FE022A
:10568000FE02FE02FE02FE02FE02FE02FE02FE021A
:10569000FE02FE02FE02FE02FE02FE02FE02FE020A
:1056A000FE02FE02FE02FE02FE02FE02FE02FE02FA
:1056B000FE02FE02FE02FE02FE02FE02FE02FE02EA
:1056C000FE02FE02FE02FE02FE02FE02FE02FE02DA
:1056D000FE02FE02FE02FE02FE02FE02FE02FE02CA
:1056E000FE02FE02FE02FE02FE02FE02FE02FE02BA
:1056F000FE02FE02FE02FE02FE02FE02FE02FE02AA
:10570000FE02FE02FE02FE02FE02FE02FE02FE0299
:10571000FE02FE02FE02FE02FE02FE02FE02FE0289
:10572000FE02FE02FE02FE02FE02FE02FE02FE0279
:10573000FE02FE02FE02FE02FE02FE02FE02FE0269
:10574000FE02FE02FE02FE02FE02FE02FE02FE0259
:10575000FE02FE02FE02FE02FE02FE02FE02FE0249
:10576000FE02FE02FE02FE02FE02FE02FE02FE0239
:10577000FE02FE02FE02FE02FE02FE02FE02FE0229
:10578000FE02FE02FE02FE02FE02FE02FE02FE0219
:10579000FE02FE02FE02FE02FE02FE02FE02FE0209
:1057A000FE02FE02FE02FE02FE02FE02FE02FE02F9
:1057B000FE02FE02FE02FE02FE02FE02FE02FE02E9
:1057C000FE02FE02FE02FE02FE02FE02FE02FE02D9
:1057D000FE02FE02FE02FE02FE02FE02FE02FE02C9
:1057E000FE02FE02FE02FE02FE02FE02FE02FE02B9
:1057F000FE02FE02FE02FE02FE02FE02FE02FE02A9
:10580000FE02FE02FE02FE02FE02FE02FE02FE0298
:10581000FE02FE02FE02FE02FE02FE02FE02FE0288
:10582000FE02FE02FE02FE02FE02FE02FE02FE0278
:10583000FE02FE02FE02FE02FE02FE02FE02FE0268
:10584000FE02FE02FE02FE02FE02FE02FE02FE0258
:10585000FE02FE02FE02FE02FE02FE02FE02FE0248
:10586000FE02FE02FE02FE02FE02FE02FE02FE0238
:10587000FE02FE02FE02FE02FE02FE02FE02FE0228
:10588000FE02FE02FE02FE02FE02FE02FE02FE0218
:10589000FE02FE02FE02FE02FE02FE02FE02FE0208
:1058A000FE02FE02FE02FE02FE02FE02FE02FE02F8
:1058B000FE02FE02FE02FE02FE02FE02FE02FE02E8
:1058C000FE02FE02FE02FE02FE02FE02FE02FE02D8
:1058D000FE02FE02FE02FE02FE02FE02FE02FE02C8
:1058E000FE02FE02FE02FE02FE02FE02FE02FE02B8
:1058F000FE02FE02FE02FE02FE02FE02FE02FE02A8
:10590000FE02FE02FE02FE02FE02FE02FE02FE0297
:10591000FE02FE02FE02FE02FE02FE02FE02FE0287
:10592000FE02FE02FE02FE02FE02FE02FE02FE0277
:10593000FE02FE02FE02FE02FE02FE02FE02FE0267
:10594000FE02FE02FE02FE02FE02FE02FE02FE0257
:10595000FE02FE02FE02FE02FE02FE02FE02FE0247
:10596000FE02FE02FE02FE02FE02FE02FE02FE0237
:10597000FE02FE02FE02FE02FE02FE02FE02FE0227
:10598000FE02FE02FE02FE02FE02FE02FE02FE0217
:10599000FE02FE02FE02FE02FE02FE02FE02FE0207
:1059A000FE02FE02FE02FE02FE02FE02FE02FE02F7
:1059B000FE02FE02FE02FE02FE02FE02FE02FE02E7
:1059C000FE02FE02FE02FE02FE02FE02FE02FE02D7
:1059D000FE02FE02FE02FE02FE02FE02FE02FE02C7
:1059E000FE02FE02FE02FE02FE02FE02FE02FE02B7
:1059F000FE02FE02FE02FE02FE02FE02FE02FE02A7
:105A0000FE02FE02FE02FE02FE02FE02FE02FE0296
:105A1000FE02FE02FE02FE02FE02FE02FE02FE0286
:105A2000FE02FE02FE02FE02FE02FE02FE02FE0276
:105A3000FE02FE02FE02FE02FE02FE02FE02FE0266
:105A4000FE02FE02FE02FE02FE02FE02FE02FE0256
:105A5000FE02FE02FE02FE02FE02FE02FE02FE0246
:105A6000FE02FE02FE02FE02FE02FE02FE02FE0236
:105A7000FE02FE02FE02FE02FE02FE02FE02FE0226
:105A8000FE02FE02FE02FE02FE02FE02FE02FE0216
:105A9000FE02FE02FE02FE02FE02FE02FE02FE0206
:105AA000FE02FE02FE02FE02FE02FE02FE02FE02F6
:105AB000FE02FE02FE02FE02FE02FE02FE02FE02E6
:105AC000FE02FE02FE02FE02FE02FE02FE02FE02D6
:105AD000FE02FE02FE02FE02FE02FE02FE02FE02C6
:105AE000FE02FE02FE02FE02FE02FE02FE02FE02B6
:105AF000FE02FE02FE02FE02FE02FE02FE02FE02A6
:105B0000FE02FE02FE02FE02FE02FE02FE02FE0295
:105B1000FE02FE02FE02FE02FE02FE02FE02FE0285
:105B2000FE02FE02FE02FE02FE02FE02FE02FE0275
:105B3000FE02FE02FE02FE02FE02FE02FE02FE0265
:105B4000FE02FE02FE02FE02FE02FE02FE02FE0255
:105B5000FE02FE02FE02FE02FE02FE02FE02FE0245
:105B6000FE02FE02FE02FE02FE02FE02FE02FE0235
:105B7000FE02FE02FE02FE02FE02FE02FE02FE0225
:105B8000FE02FE02FE02FE02FE02FE02FE02FE0215
:105B9000FE02FE02FE02FE02FE02FE02FE02FE0205
:105BA000FE02FE02FE02FE02FE02FE02FE02FE02F5
:105BB000FE02FE02FE02FE02FE02FE02FE02FE02E5
:105BC000FE02FE02FE02FE02FE02FE02FE02FE02D5
:105BD000FE02FE02FE02FE02FE02FE02FE02FE02C5
:105BE000FE02FE02FE02FE02FE02FE02FE02FE02B5
:105BF000FE02FE02FE02FE02FE02FE02FE02FE02A5
:105C0000FE02FE02FE02FE02FE02FE02FE02FE0294
:105C1000FE02FE02FE02FE02FE02FE02FE02FE0284
:105C2000FE02FE02FE02FE02FE02FE02FE02FE0274
:105C3000FE02FE02FE02FE02FE02FE02FE02FE0264
:105C4000FE02FE02FE02FE02FE02FE02FE02FE0254
:105C5000FE02FE02FE02FE02FE02FE02FE02FE0244
:105C6000FE02FE02FE02FE02FE02FE02FE02FE0234
:105C7000FE02FE02FE02FE02FE02FE02FE02FE0224
:105C8000FE02FE02FE02FE02FE02FE02FE02FE0214
:105C9000FE02FE02FE02FE02FE02FE02FE02FE0204
:105CA000FE02FE02FE02FE02FE02FE02FE02FE02F4
:105CB000FE02FE02FE02FE02FE02FE02FE02FE02E4
:105CC000FE02FE02FE02FE02FE02FE02FE02FE02D4
:105CD000FE02FE02FE02FE02FE02FE02FE02FE02C4
:105CE000FE02FE02FE02FE02FE02FE02FE02FE02B4
:105CF000FE02FE02FE02FE02FE02FE02FE02FE02A4
:105D0000FE02FE02FE02FE02FE02FE02FE02FE0293
:105D1000FE02FE02FE02FE02FE02FE02FE02FE0283
:105D2000FE02FE02FE02FE02FE02FE02FE02FE0273
:105D3000FE02FE02FE02FE02FE02FE02FE02FE0263
:105D4000FE02FE02FE02FE02FE02FE02FE02FE0253
:105D5000FE02FE02FE02FE02FE02FE02FE02FE0243
:105D6000FE02FE02FE02FE02FE02FE02FE02FE0233
:105D7000FE02FE02FE02FE02FE02FE02FE02FE0223
:105D8000FE02FE02FE02FE02FE02FE02FE02FE0213
:105D9000FE02FE02FE02FE02FE02FE02FE02FE0203
:105DA000FE02FE02FE02FE02FE02FE02FE02FE02F3
:105DB000FE02FE02FE02FE02FE02FE02FE02FE02E3
:105DC000FE02FE02FE02FE02FE02FE02FE02FE02D3
:105DD000FE02FE02FE02FE02FE02FE02FE02FE02C3
:105DE000FE02FE02FE02FE02FE02FE02FE02FE02B3
:105DF000FE02FE02FE02FE02FE02FE02FE02FE02A3
:105E0000FE02FE02FE02FE02FE02FE02FE02FE0292
:105E1000FE02FE02FE02FE02FE02FE02FE02FE0282
:105E2000FE02FE02FE02FE02FE02FE02FE02FE0272
:105E3000FE02FE02FE02FE02FE02FE02FE02FE0262
:105E4000FE02FE02FE02FE02FE02FE02FE02FE0252
:105E5000FE02FE02FE02FE02FE02FE02FE02FE0242
:105E6000FE02FE02FE02FE02FE02FE02FE02FE0232
:105E7000FE02FE02FE02FE02FE02FE02FE02FE0222
:105E8000FE02FE02FE02FE02FE02FE02FE02FE0212
:105E9000FE02FE02FE02FE02FE02FE02FE02FE0202
:105EA000FE02FE02FE02FE02FE02FE02FE02FE02F2
:105EB000FE02FE02FE02FE02FE02FE02FE02FE02E2
:105EC000FE02FE02FE02FE02FE02FE02FE02FE02D2
:105ED000FE02FE02FE02FE02FE02FE02FE02FE02C2
:105EE000FE02FE02FE02FE02FE02FE02FE02FE02B2
:105EF000FE02FE02FE02FE02FE02FE02FE02FE02A2
:105F0000FE02FE02FE02FE02FE02FE02FE02FE0291
:105F1000FE02FE02FE02FE02FE02FE02FE02FE0281
:105F2000FE02FE02FE02FE02FE02FE02FE02FE0271
:105F3000FE02FE02FE02FE02FE02FE02FE02FE0261
:105F4000FE02FE02FE02FE02FE02FE02FE02FE0251
:105F5000FE02FE02FE02FE02FE02FE02FE02FE0241
:105F6000FE02FE02FE02FE02FE02FE02FE02FE0231
:105F7000FE02FE02FE02FE02FE02FE02FE02FE0221
:105F8000FE02FE02FE02FE02FE02FE02FE02FE0211
:105F9000FE02FE02FE02FE02FE02FE02FE02FE0201
:105FA000FE02FE02FE02FE02FE02FE02FE02FE02F1
:105FB000FE02FE02FE02FE02FE02FE02FE02FE02E1
:105FC000FE02FE02FE02FE02FE02FE02FE02FE02D1
:105FD000FE02FE02FE02FE02FE02FE02FE02FE02C1
:105FE000FE02FE02FE02FE02FE02FE02FE02FE02B1
:105FF000FE02FE02FE02FE02FE02FE02FE02FE02A1
:10600000FE02FE02FE02FE02FE02FE02FE02FE0290
:10601000FE02FE02FE02FE02FE02FE02FE02FE0280
:10602000FE02FE02FE02FE02FE02FE02FE02FE0270
:10603000FE02FE02FE02FE02FE02FE02FE02FE0260
:10604000FE02FE02FE02FE02FE02FE02FE02FE0250
:10605000FE02FE02FE02FE02FE02FE02FE02FE0240
:10606000FE02FE02FE02FE02FE02FE02FE02FE0230
:10607000FE02FE02FE02FE02FE02FE02FE02FE0220
:10608000FE02FE02FE02FE02FE02FE02FE02FE0210
:10609000FE02FE02FE02FE02FE02FE02FE02FE0200
:1060A000FE02FE02FE02FE02FE02FE02FE02FE02F0
:1060B000FE02FE02FE02FE02FE02FE02FE02FE02E0
:1060C000FE02FE02FE02FE02FE02FE02FE02FE02D0
:1060D000FE02FE02FE02FE02FE02FE02FE02FE02C0
:1060E000FE02FE02FE02FE02FE02FE02FE02FE02B0
:1060F000FE02FE02FE02FE02FE02FE02FE02FE02A0
:10610000FE02FE02FE02FE02FE02FE02FE02FE028F
:10611000FE02FE02FE02FE02FE02FE02FE02FE027F
:10612000FE02FE02FE02FE02FE02FE02FE02FE026F
:10613000FE02FE02FE02FE02FE02FE02FE02FE025F
:10614000FE02FE02FE02FE02FE02FE02FE02FE024F
:10615000FE02FE02FE02FE02FE02FE02FE02FE023F
:10616000FE02FE02FE02FE02FE02FE02FE02FE022F
:10617000FE02FE02FE02FE02FE02FE02FE02FE021F
:10618000FE02FE02FE02FE02FE02FE02FE02FE020F
:10619000FE02FE02FE02FE02FE02FE02FE02FE02FF
:1061A000FE02FE02FE02FE02FE02FE02FE02FE02EF
:1061B000FE02FE02FE02FE02FE02FE02FE02FE02DF
:1061C000FE02FE02FE02FE02FE02FE02FE02FE02CF
:1061D000FE02FE02FE02FE02FE02FE02FE02FE02BF
:1061E000FE02FE02FE02FE02FE02FE02FE02FE02AF
:1061F000FE02FE02FE02FE02FE02FE02FE02FE029F
:10620000FE02FE02FE02FE02FE02FE02FE02FE028E
:10621000FE02FE02FE02FE02FE02FE02FE02FE027E
:10622000FE02FE02FE02FE02FE02FE02FE02FE026E
:10623000FE02FE02FE02FE02FE02FE02FE02FE025E
:10624000FE02FE02FE02FE02FE02FE02FE02FE024E
:10625000FE02FE02FE02FE02FE02FE02FE02FE023E
:10626000FE02FE02FE02FE02FE02FE02FE02FE022E
:10627000FE02FE02FE02FE02FE02FE02FE02FE021E
:10628000FE02FE02FE02FE02FE02FE02FE02FE020E
:10629000FE02FE02FE02FE02FE02FE02FE02FE02FE
:1062A000FE02FE02FE02FE02FE02FE02FE02FE02EE
:1062B000FE02FE02FE02FE02FE02FE02FE02FE02DE
:1062C000FE02FE02FE02FE02FE02FE02FE02FE02CE
:1062D000FE02FE02FE02FE02FE02FE02FE02FE02BE
:1062E000FE02FE02FE02FE02FE02FE02FE02FE02AE
:1062F000FE02FE02FE02FE02FE02FE02FE02FE029E
:10630000FE02FE02FE02FE02FE02FE02FE02FE028D
:10631000FE02FE02FE02FE02FE02FE02FE02FE027D
:10632000FE02FE02FE02FE02FE02FE02FE02FE026D
:10633000FE02FE02FE02FE02FE02FE02FE02FE025D
:10634000FE02FE02FE02FE02FE02FE02FE02FE024D
:10635000FE02FE02FE02FE02FE02FE02FE02FE023D
:10636000FE02FE02FE02FE02FE02FE02FE02FE022D
:10637000FE02FE02FE02FE02FE02FE02FE02FE021D
:10638000FE02FE02FE02FE02FE02FE02FE02FE020D
:10639000FE02FE02FE02FE02FE02FE02FE02FE02FD
:1063A000FE02FE02FE02FE02FE02FE02FE02FE02ED
:1063B000FE02FE02FE02FE02FE02FE02FE02FE02DD
:1063C000FE02FE02FE02FE02FE02FE02FE02FE02CD
:1063D000FE02FE02FE02FE02FE02FE02FE02FE02BD
:1063E000FE02FE02FE02FE02FE02FE02FE02FE02AD
:1063F000FE02FE02FE02FE02FE02FE02FE02FE029D
:10640000FE02FE02FE02FE02FE02FE02FE02FE028C
:10641000FE02FE02FE02FE02FE02FE02FE02FE027C
:10642000FE02FE02FE02FE02FE02FE02FE02FE026C
:10643000FE02FE02FE02FE02FE02FE02FE02FE025C
:10644000FE02FE02FE02FE02FE02FE02FE02FE024C
:10645000FE02FE02FE02FE02FE02FE02FE02FE023C
:10646000FE02FE02FE02FE02FE02FE02FE02FE022C
:10647000FE02FE02FE02FE02FE02FE02FE02FE021C
:10648000FE02FE02FE02FE02FE02FE02FE02FE020C
:10649000FE02FE02FE02FE02FE02FE02FE02FE02FC
:1064A000FE02FE02FE02FE02FE02FE02FE02FE02EC
:1064B000FE02FE02FE02FE02FE02FE02FE02FE02DC
:1064C000FE02FE02FE02FE02FE02FE02FE02FE02CC
:1064D000FE02FE02FE02FE02FE02FE02FE02FE02BC
:1064E000FE02FE02FE02FE02FE02FE02FE02FE02AC
:1064F000FE02FE02FE02FE02FE02FE02FE02FE029C
:10650000FE02FE02FE02FE02FE02FE02FE02FE028B
:10651000FE02FE02FE02FE02FE02FE02FE02FE027B
:10652000FE02FE02FE02FE02FE02FE02FE02FE026B
:10653000FE02FE02FE02FE02FE02FE02FE02FE025B
:10654000FE02FE02FE02FE02FE02FE02FE02FE024B
:10655000FE02FE02FE02FE02FE02FE02FE02FE023B
:10656000FE02FE02FE02FE02FE02FE02FE02FE022B
:10657000FE02FE02FE02FE02FE02FE02FE02FE021B
:10658000FE02FE02FE02FE02FE02FE02FE02FE020B
:10659000FE02FE02FE02FE02FE02FE02FE02FE02FB
:1065A000FE02FE02FE02FE02FE02FE02FE02FE02EB
:1065B000FE02FE02FE02FE02FE02FE02FE02FE02DB
:1065C000FE02FE02FE02FE02FE02FE02FE02FE02CB
:1065D000FE02FE02FE02FE02FE02FE02FE02FE02BB
:1065E000FE02FE02FE02FE02FE02FE02FE02FE02AB
:1065F000FE02FE02FE02FE02FE02FE02FE02FE029B
:10660000FE02FE02FE02FE02FE02FE02FE02FE028A
:10661000FE02FE02FE02FE02FE02FE02FE02FE027A
:10662000FE02FE02FE02FE02FE02FE02FE02FE026A
:10663000FE02FE02FE02FE02FE02FE02FE02FE025A
:10664000FE02FE02FE02FE02FE02FE02FE02FE024A
:10665000FE02FE02FE02FE02FE02FE02FE02FE023A
:10666000FE02FE02FE02FE02FE02FE02FE02FE022A
:10667000FE02FE02FE02FE02FE02FE02FE02FE021A
:10668000FE02FE02FE02FE02FE02FE02FE02FE020A
:10669000FE02FE02FE02FE02FE02FE02FE02FE02FA
:1066A000FE02FE02FE02FE02FE02FE02FE02FE02EA
:1066B000FE02FE02FE02FE02FE02FE02FE02FE02DA
:1066C000FE02FE02FE02FE02FE02FE02FE02FE02CA
:1066D000FE02FE02FE02FE02FE02FE02FE02FE02BA
:1066E000FE02FE02FE02FE02FE02FE02FE02FE02AA
:1066F000FE02FE02FE02FE02FE02FE02FE02FE029A
:10670000FE02FE02FE02FE02FE02FE02FE02FE0289
:10671000FE02FE02FE02FE02FE02FE02FE02FE0279
:10672000FE02FE02FE02FE02FE02FE02FE02FE0269
:10673000FE02FE02FE02FE02FE02FE02FE02FE0259
:10674000FE02FE02FE02FE02FE02FE02FE02FE0249
:10675000FE02FE02FE02FE02FE02FE02FE02FE0239
:10676000FE02FE02FE02FE02FE02FE02FE02FE0229
:10677000FE02FE02FE02FE02FE02FE02FE02FE0219
:10678000FE02FE02FE02FE02FE02FE02FE02FE0209
:10679000FE02FE02FE02FE02FE02FE02FE02FE02F9
:1067A000FE02FE02FE02FE02FE02FE02FE02FE02E9
:1067B000FE02FE02FE02FE02FE02FE02FE02FE02D9
:1067C000FE02FE02FE02FE02FE02FE02FE02FE02C9
:1067D000FE02FE02FE02FE02FE02FE02FE02FE02B9
:1067E000FE02FE02FE02FE02FE02FE02FE02FE02A9
:1067F000FE02FE02FE02FE02FE02FE02FE02FE0299
:10680000FE02FE02FE02FE02FE02FE02FE02FE0288
:10681000FE02FE02FE02FE02FE02FE02FE02FE0278
:10682000FE02FE02FE02FE02FE02FE02FE02FE0268
:10683000FE02FE02FE02FE02FE02FE02FE02FE0258
:10684000FE02FE02FE02FE02FE02FE02FE02FE0248
:10685000FE02FE02FE02FE02FE02FE02FE02FE0238
:10686000FE02FE02FE02FE02FE02FE02FE02FE0228
:10687000FE02FE02FE02FE02FE02FE02FE02FE0218
:10688000FE02FE02FE02FE02FE02FE02FE02FE0208
:10689000FE02FE02FE02FE02FE02FE02FE02FE02F8
:1068A000FE02FE02FE02FE02FE02FE02FE02FE02E8
:1068B000FE02FE02FE02FE02FE02FE02FE02FE02D8
:1068C000FE02FE02FE02FE02FE02FE02FE02FE02C8
:1068D000FE02FE02FE02FE02FE02FE02FE02FE02B8
:1068E000FE02FE02FE02FE02FE02FE02FE02FE02A8
:1068F000FE02FE02FE02FE02FE02FE02FE02FE0298
:10690000FE02FE02FE02FE02FE02FE02FE02FE0287
:10691000FE02FE02FE02FE02FE02FE02FE02FE0277
:10692000FE02FE02FE02FE02FE02FE02FE02FE0267
:10693000FE02FE02FE02FE02FE02FE02FE02FE0257
:10694000FE02FE02FE02FE02FE02FE02FE02FE0247
:10695000FE02FE02FE02FE02FE02FE02FE02FE0237
:10696000FE02FE02FE02FE02FE02FE02FE02FE0227
:10697000FE02FE02FE02FE02FE02FE02FE02FE0217
:10698000FE02FE02FE02FE02FE02FE02FE02FE0207
:10699000FE02FE02FE02FE02FE02FE02FE02FE02F7
:1069A000FE02FE02FE02FE02FE02FE02FE02FE02E7
:1069B000FE02FE02FE02FE02FE02FE02FE02FE02D7
:1069C000FE02FE02FE02FE02FE02FE02FE02FE02C7
:1069D000FE02FE02FE02FE02FE02FE02FE02FE02B7
:1069E000FE02FE02FE02FE02FE02FE02FE02FE02A7
:1069F000FE02FE02FE02FE02FE02FE02FE02FE0297
:106A0000FE02FE02FE02FE02FE02FE02FE02FE0286
:106A1000FE02FE02FE02FE02FE02FE02FE02FE0276
:106A2000FE02FE02FE02FE02FE02FE02FE02FE0266
:106A3000FE02FE02FE02FE02FE02FE02FE02FE0256
:106A4000FE02FE02FE02FE02FE02FE02FE02FE0246
:106A5000FE02FE02FE02FE02FE02FE02FE02FE0236
:106A6000FE02FE02FE02FE02FE02FE02FE02FE0226
:106A7000FE02FE02FE02FE02FE02FE02FE02FE0216
:106A8000FE02FE02FE02FE02FE02FE02FE02FE0206
:106A9000FE02FE02FE02FE02FE02FE02FE02FE02F6
:106AA000FE02FE02FE02FE02FE02FE02FE02FE02E6
:106AB000FE02FE02FE02FE02FE02FE02FE02FE02D6
:106AC000FE02FE02FE02FE02FE02FE02FE02FE02C6
:106AD000FE02FE02FE02FE02FE02FE02FE02FE02B6
:106AE000FE02FE02FE02FE02FE02FE02FE02FE02A6
:106AF000FE02FE02FE02FE02FE02FE02FE02FE0296
:106B0000FE02FE02FE02FE02FE02FE02FE02FE0285
:106B1000FE02FE02FE02FE02FE02FE02FE02FE0275
:106B2000FE02FE02FE02FE02FE02FE02FE02FE0265
:106B3000FE02FE02FE02FE02FE02FE02FE02FE0255
:106B4000FE02FE02FE02FE02FE02FE02FE02FE0245
:106B5000FE02FE02FE02FE02FE02FE02FE02FE0235
:106B6000FE02FE02FE02FE02FE02FE02FE02FE0225
:106B7000FE02FE02FE02FE02FE02FE02FE02FE0215
:106B8000FE02FE02FE02FE02FE02FE02FE02FE0205
:106B9000FE02FE02FE02FE02FE02FE02FE02FE02F5
:106BA000FE02FE02FE02FE02FE02FE02FE02FE02E5
:106BB000FE02FE02FE02FE02FE02FE02FE02FE02D5
:106BC000FE02FE02FE02FE02FE02FE02FE02FE02C5
:106BD000FE02FE02FE02FE02FE02FE02FE02FE02B5
:106BE000FE02FE02FE02FE02FE02FE02FE02FE02A5
:106BF000FE02FE02FE02FE02FE02FE02FE02FE0295
:106C0000FE02FE02FE02FE02FE02FE02FE02FE0284
:106C1000FE02FE02FE02FE02FE02FE02FE02FE0274
:106C2000FE02FE02FE02FE02FE02FE02FE02FE0264
:106C3000FE02FE02FE02FE02FE02FE02FE02FE0254
:106C4000FE02FE02FE02FE02FE02FE02FE02FE0244
:106C5000FE02FE02FE02FE02FE02FE02FE02FE0234
:106C6000FE02FE02FE02FE02FE02FE02FE02FE0224
:106C7000FE02FE02FE02FE02FE02FE02FE02FE0214
:106C8000FE02FE02FE02FE02FE02FE02FE02FE0204
:106C9000FE02FE02FE02FE02FE02FE02FE02FE02F4
:106CA000FE02FE02FE02FE02FE02FE02FE02FE02E4
:106CB000FE02FE02FE02FE02FE02FE02FE02FE02D4
:106CC000FE02FE02FE02FE02FE02FE02FE02FE02C4
:106CD000FE02FE02FE02FE02FE02FE02FE02FE02B4
:106CE000FE02FE02FE02FE02FE02FE02FE02FE02A4
:106CF000FE02FE02FE02FE02FE02FE02FE02FE0294
:106D0000FE02FE02FE02FE02FE02FE02FE02FE0283
:106D1000FE02FE02FE02FE02FE02FE02FE02FE0273
:106D2000FE02FE02FE02FE02FE02FE02FE02FE0263
:106D3000FE02FE02FE02FE02FE02FE02FE02FE0253
:106D4000FE02FE02FE02FE02FE02FE02FE02FE0243
:106D5000FE02FE02FE02FE02FE02FE02FE02FE0233
:106D6000FE02FE02FE02FE02FE02FE02FE02FE0223
:106D7000FE02FE02FE02FE02FE02FE02FE02FE0213
:106D8000FE02FE02FE02FE02FE02FE02FE02FE0203
:106D9000FE02FE02FE02FE02FE02FE02FE02FE02F3
:106DA000FE02FE02FE02FE02FE02FE02FE02FE02E3
:106DB000FE02FE02FE02FE02FE02FE02FE02FE02D3
:106DC000FE02FE02FE02FE02FE02FE02FE02FE02C3
:106DD000FE02FE02FE02FE02FE02FE02FE02FE02B3
:106DE000FE02FE02FE02FE02FE02FE02FE02FE02A3
:106DF000FE02FE02FE02FE02FE02FE02FE02FE0293
:106E0000FE02FE02FE02FE02FE02FE02FE02FE0282
:106E1000FE02FE02FE02FE02FE02FE02FE02FE0272
:106E2000FE02FE02FE02FE02FE02FE02FE02FE0262
:106E3000FE02FE02FE02FE02FE02FE02FE02FE0252
:106E4000FE02FE02FE02FE02FE02FE02FE02FE0242
:106E5000FE02FE02FE02FE02FE02FE02FE02FE0232
:106E6000FE02FE02FE02FE02FE02FE02FE02FE0222
:106E7000FE02FE02FE02FE02FE02FE02FE02FE0212
:106E8000FE02FE02FE02FE02FE02FE02FE02FE0202
:106E9000FE02FE02FE02FE02FE02FE02FE02FE02F2
:106EA000FE02FE02FE02FE02FE02FE02FE02FE02E2
:106EB000FE02FE02FE02FE02FE02FE02FE02FE02D2
:106EC000FE02FE02FE02FE02FE02FE02FE02FE02C2
:106ED000FE02FE02FE02FE02FE02FE02FE02FE02B2
:106EE000FE02FE02FE02FE02FE02FE02FE02FE02A2
:106EF000FE02FE02FE02FE02FE02FE02FE02FE0292
:106F0000FE02FE02FE02FE02FE02FE02FE02FE0281
:106F1000FE02FE02FE02FE02FE02FE02FE02FE0271
:106F2000FE02FE02FE02FE02FE02FE02FE02FE0261
:106F3000FE02FE02FE02FE02FE02FE02FE02FE0251
:106F4000FE02FE02FE02FE02FE02FE02FE02FE0241
:106F5000FE02FE02FE02FE02FE02FE02FE02FE0231
:106F6000FE02FE02FE02FE02FE02FE02FE02FE0221
:106F7000FE02FE02FE02FE02FE02FE02FE02FE0211
:106F8000FE02FE02FE02FE02FE02FE02FE02FE0201
:106F9000FE02FE02FE02FE02FE02FE02FE02FE02F1
:106FA000FE02FE02FE02FE02FE02FE02FE02FE02E1
:106FB000FE02FE02FE02FE02FE02FE02FE02FE02D1
:106FC000FE02FE02FE02FE02FE02FE02FE02FE02C1
:106FD000FE02FE02FE02FE02FE02FE02FE02FE02B1
:106FE000FE02FE02FE02FE02FE02FE02FE02FE02A1
:106FF000FE02FE02FE02FE02FE02FE02FE02FE0291
:10700000FE02FE02FE02FE02FE02FE02FE02FE0280
:10701000FE02FE02FE02FE02FE02FE02FE02FE0270
:10702000FE02FE02FE02FE02FE02FE02FE02FE0260
:10703000FE02FE02FE02FE02FE02FE02FE02FE0250
:10704000FE02FE02FE02FE02FE02FE02FE02FE0240
:10705000FE02FE02FE02FE02FE02FE02FE02FE0230
:10706000FE02FE02FE02FE02FE02FE02FE02FE0220
:10707000FE02FE02FE02FE02FE02FE02FE02FE0210
:10708000FE02FE02FE02FE02FE02FE02FE02FE0200
:10709000FE02FE02FE02FE02FE02FE02FE02FE02F0
:1070A000FE02FE02FE02FE02FE02FE02FE02FE02E0
:1070B000FE02FE02FE02FE02FE02FE02FE02FE02D0
:1070C000FE02FE02FE02FE02FE02FE02FE02FE02C0
:1070D000FE02FE02FE02FE02FE02FE02FE02FE02B0
:1070E000FE02FE02FE02FE02FE02FE02FE02FE02A0
:1070F000FE02FE02FE02FE02FE02FE02FE02FE0290
:10710000FE02FE02FE02FE02FE02FE02FE02FE027F
:10711000FE02FE02FE02FE02FE02FE02FE02FE026F
:10712000FE02FE02FE02FE02FE02FE02FE02FE025F
:10713000FE02FE02FE02FE02FE02FE02FE02FE024F
:10714000FE02FE02FE02FE02FE02FE02FE02FE023F
:10715000FE02FE02FE02FE02FE02FE02FE02FE022F
:10716000FE02FE02FE02FE02FE02FE02FE02FE021F
:10717000FE02FE02FE02FE02FE02FE02FE02FE020F
:10718000FE02FE02FE02FE02FE02FE02FE02FE02FF
:10719000FE02FE02FE02FE02FE02FE02FE02FE02EF
:1071A000FE02FE02FE02FE02FE02FE02FE02FE02DF
:1071B000FE02FE02FE02FE02FE02FE02FE02FE02CF
:1071C000FE02FE02FE02FE02FE02FE02FE02FE02BF
:1071D000FE02FE02FE02FE02FE02FE02FE02FE02AF
:1071E000FE02FE02FE02FE02FE02FE02FE02FE029F
:1071F000FE02FE02FE02FE02FE02FE02FE02FE028F
:10720000FE02FE02FE02FE02FE02FE02FE02FE027E
:10721000FE02FE02FE02FE02FE02FE02FE02FE026E
:10722000FE02FE02FE02FE02FE02FE02FE02FE025E
:10723000FE02FE02FE02FE02FE02FE02FE02FE024E
:10724000FE02FE02FE02FE02FE02FE02FE02FE023E
:10725000FE02FE02FE02FE02FE02FE02FE02FE022E
:10726000FE02FE02FE02FE02FE02FE02FE02FE021E
:10727000FE02FE02FE02FE02FE02FE02FE02FE020E
:10728000FE02FE02FE02FE02FE02FE02FE02FE02FE
:10729000FE02FE02FE02FE02FE02FE02FE02FE02EE
:1072A000FE02FE02FE02FE02FE02FE02FE02FE02DE
:1072B000FE02FE02FE02FE02FE02FE02FE02FE02CE
:1072C000FE02FE02FE02FE02FE02FE02FE02FE02BE
:1072D000FE02FE02FE02FE02FE02FE02FE02FE02AE
:1072E000FE02FE02FE02FE02FE02FE02FE02FE029E
:1072F000FE02FE02FE02FE02FE02FE02FE02FE028E
:10730000FE02FE02FE02FE02FE02FE02FE02FE027D
:10731000FE02FE02FE02FE02FE02FE02FE02FE026D
:10732000FE02FE02FE02FE02FE02FE02FE02FE025D
:10733000FE02FE02FE02FE02FE02FE02FE02FE024D
:10734000FE02FE02FE02FE02FE02FE02FE02FE023D
:10735000FE02FE02FE02FE02FE02FE02FE02FE022D
:10736000FE02FE02FE02FE02FE02FE02FE02FE021D
:10737000FE02FE02FE02FE02FE02FE02FE02FE020D
:10738000FE02FE02FE02FE02FE02FE02FE02FE02FD
:10739000FE02FE02FE02FE02FE02FE02FE02FE02ED
:1073A000FE02FE02FE02FE02FE02FE02FE02FE02DD
:1073B000FE02FE02FE02FE02FE02FE02FE02FE02CD
:1073C000FE02FE02FE02FE02FE02FE02FE02FE02BD
:1073D000FE02FE02FE02FE02FE02FE02FE02FE02AD
:1073E000FE02FE02FE02FE02FE02FE02FE02FE029D
:1073F000FE02FE02FE02FE02FE02FE02FE02FE028D
:10740000FE02FE02FE02FE02FE02FE02FE02FE027C
:10741000FE02FE02FE02FE02FE02FE02FE02FE026C
:10742000FE02FE02FE02FE02FE02FE02FE02FE025C
:10743000FE02FE02FE02FE02FE02FE02FE02FE024C
:10744000FE02FE02FE02FE02FE02FE02FE02FE023C
:10745000FE02FE02FE02FE02FE02FE02FE02FE022C
:10746000FE02FE02FE02FE02FE02FE02FE02FE021C
:10747000FE02FE02FE02FE02FE02FE02FE02FE020C
:10748000FE02FE02FE02FE02FE02FE02FE02FE02FC
:10749000FE02FE02FE02FE02FE02FE02FE02FE02EC
:1074A000FE02FE02FE02FE02FE02FE02FE02FE02DC
:1074B000FE02FE02FE02FE02FE02FE02FE02FE02CC
:1074C000FE02FE02FE02FE02FE02FE02FE02FE02BC
:1074D000FE02FE02FE02FE02FE02FE02FE02FE02AC
:1074E000FE02FE02FE02FE02FE02FE02FE02FE029C
:1074F000FE02FE02FE02FE02FE02FE02FE02FE028C
:10750000FE02FE02FE02FE02FE02FE02FE02FE027B
:10751000FE02FE02FE02FE02FE02FE02FE02FE026B
:10752000FE02FE02FE02FE02FE02FE02FE02FE025B
:10753000FE02FE02FE02FE02FE02FE02FE02FE024B
:10754000FE02FE02FE02FE02FE02FE02FE02FE023B
:10755000FE02FE02FE02FE02FE02FE02FE02FE022B
:10756000FE02FE02FE02FE02FE02FE02FE02FE021B
:10757000FE02FE02FE02FE02FE02FE02FE02FE020B
:10758000FE02FE02FE02FE02FE02FE02FE02FE02FB
:10759000FE02FE02FE02FE02FE02FE02FE02FE02EB
:1075A000FE02FE02FE02FE02FE02FE02FE02FE02DB
:1075B000FE02FE02FE02FE02FE02FE02FE02FE02CB
:1075C000FE02FE02FE02FE02FE02FE02FE02FE02BB
:1075D000FE02FE02FE02FE02FE02FE02FE02FE02AB
:1075E000FE02FE02FE02FE02FE02FE02FE02FE029B
:1075F000FE02FE02FE02FE02FE02FE02FE02FE028B
:10760000FE02FE02FE02FE02FE02FE02FE02FE027A
:10761000FE02FE02FE02FE02FE02FE02FE02FE026A
:10762000FE02FE02FE02FE02FE02FE02FE02FE025A
:10763000FE02FE02FE02FE02FE02FE02FE02FE024A
:10764000FE02FE02FE02FE02FE02FE02FE02FE023A
:10765000FE02FE02FE02FE02FE02FE02FE02FE022A
:10766000FE02FE02FE02FE02FE02FE02FE02FE021A
:10767000FE02FE02FE02FE02FE02FE02FE02FE020A
:10768000FE02FE02FE02FE02FE02FE02FE02FE02FA
:10769000FE02FE02FE02FE02FE02FE02FE02FE02EA
:1076A000FE02FE02FE02FE02FE02FE02FE02FE02DA
:1076B000FE02FE02FE02FE02FE02FE02FE02FE02CA
:1076C000FE02FE02FE02FE02FE02FE02FE02FE02BA
:1076D000FE02FE02FE02FE02FE02FE02FE02FE02AA
:1076E000FE02FE02FE02FE02FE02FE02FE02FE029A
:1076F000FE02FE02FE02FE02FE02FE02FE02FE028A
:10770000FE02FE02FE02FE02FE02FE02FE02FE0279
:10771000FE02FE02FE02FE02FE02FE02FE02FE0269
:10772000FE02FE02FE02FE02FE02FE02FE02FE0259
:10773000FE02FE02FE02FE02FE02FE02FE02FE0249
:10774000FE02FE02FE02FE02FE02FE02FE02FE0239
:10775000FE02FE02FE02FE02FE02FE02FE02FE0229
:10776000FE02FE02FE02FE02FE02FE02FE02FE0219
:10777000FE02FE02FE02FE02FE02FE02FE02FE0209
:10778000FE02FE02FE02FE02FE02FE02FE02FE02F9
:10779000FE02FE02FE02FE02FE02FE02FE02FE02E9
:1077A000FE02FE02FE02FE02FE02FE02FE02FE02D9
:1077B000FE02FE02FE02FE02FE02FE02FE02FE02C9
:1077C000FE02FE02FE02FE02FE02FE02FE02FE02B9
:1077D000FE02FE02FE02FE02FE02FE02FE02FE02A9
:1077E000FE02FE02FE02FE02FE02FE02FE02FE0299
:1077F000FE02FE02FE02FE02FE02FE02FE02FE0289
:10780000FE02FE02FE02FE02FE02FE02FE02FE0278
:10781000FE02FE02FE02FE02FE02FE02FE02FE0268
:10782000FE02FE02FE02FE02FE02FE02FE02FE0258
:10783000FE02FE02FE02FE02FE02FE02FE02FE0248
:10784000FE02FE02FE02FE02FE02FE02FE02FE0238
:10785000FE02FE02FE02FE02FE02FE02FE02FE0228
:10786000FE02FE02FE02FE02FE02FE02FE02FE0218
:10787000FE02FE02FE02FE02FE02FE02FE02FE0208
:10788000FE02FE02FE02FE02FE02FE02FE02FE02F8
:10789000FE02FE02FE02FE02FE02FE02FE02FE02E8
:1078A000FE02FE02FE02FE02FE02FE02FE02FE02D8
:1078B000FE02FE02FE02FE02FE02FE02FE02FE02C8
:1078C000FE02FE02FE02FE02FE02FE02FE02FE02B8
:1078D000FE02FE02FE02FE02FE02FE02FE02FE02A8
:1078E000FE02FE02FE02FE02FE02FE02FE02FE0298
:1078F000FE02FE02FE02FE02FE02FE02FE02FE0288
:10790000FE02FE02FE02FE02FE02FE02FE02FE0277
:10791000FE02FE02FE02FE02FE02FE02FE02FE0267
:10792000FE02FE02FE02FE02FE02FE02FE02FE0257
:10793000FE02FE02FE02FE02FE02FE02FE02FE0247
:10794000FE02FE02FE02FE02FE02FE02FE02FE0237
:10795000FE02FE02FE02FE02FE02FE02FE02FE0227
:10796000FE02FE02FE02FE02FE02FE02FE02FE0217
:10797000FE02FE02FE02FE02FE02FE02FE02FE0207
:10798000FE02FE02FE02FE02FE02FE02FE02FE02F7
:10799000FE02FE02FE02FE02FE02FE02FE02FE02E7
:1079A000FE02FE02FE02FE02FE02FE02FE02FE02D7
:1079B000FE02FE02FE02FE02FE02FE02FE02FE02C7
:1079C000FE02FE02FE02FE02FE02FE02FE02FE02B7
:1079D000FE02FE02FE02FE02FE02FE02FE02FE02A7
:1079E000FE02FE02FE02FE02FE02FE02FE02FE0297
:1079F000FE02FE02FE02FE02FE02FE02FE02FE0287
:107A0000FE02FE02FE02FE02FE02FE02FE02FE0276
:107A1000FE02FE02FE02FE02FE02FE02FE02FE0266
:107A2000FE02FE02FE02FE02FE02FE02FE02FE0256
:107A3000FE02FE02FE02FE02FE02FE02FE02FE0246
:107A4000FE02FE02FE02FE02FE02FE02FE02FE0236
:107A5000FE02FE02FE02FE02FE02FE02FE02FE0226
:107A6000FE02FE02FE02FE02FE02FE02FE02FE0216
:107A7000FE02FE02FE02FE02FE02FE02FE02FE0206
:107A8000FE02FE02FE02FE02FE02FE02FE02FE02F6
:107A9000FE02FE02FE02FE02FE02FE02FE02FE02E6
:107AA000FE02FE02FE02FE02FE02FE02FE02FE02D6
:107AB000FE02FE02FE02FE02FE02FE02FE02FE02C6
:107AC000FE02FE02FE02FE02FE02FE02FE02FE02B6
:107AD000FE02FE02FE02FE02FE02FE02FE02FE02A6
:107AE000FE02FE02FE02FE02FE02FE02FE02FE0296
:107AF000FE02FE02FE02FE02FE02FE02FE02FE0286
:107B0000FE02FE02FE02FE02FE02FE02FE02FE0275
:107B1000FE02FE02FE02FE02FE02FE02FE02FE0265
:107B2000FE02FE02FE02FE02FE02FE02FE02FE0255
:107B3000FE02FE02FE02FE02FE02FE02FE02FE0245
:107B4000FE02FE02FE02FE02FE02FE02FE02FE0235
:107B5000FE02FE02FE02FE02FE02FE02FE02FE0225
:107B6000FE02FE02FE02FE02FE02FE02FE02FE0215
:107B7000FE02FE02FE02FE02FE02FE02FE02FE0205
:107B8000FE02FE02FE02FE02FE02FE02FE02FE02F5
:107B9000FE02FE02FE02FE02FE02FE02FE02FE02E5
:107BA000FE02FE02FE02FE02FE02FE02FE02FE02D5
:107BB000FE02FE02FE02FE02FE02FE02FE02FE02C5
:107BC000FE02FE02FE02FE02FE02FE02FE02FE02B5
:107BD000FE02FE02FE02FE02FE02FE02FE02FE02A5
:107BE000FE02FE02FE02FE02FE02FE02FE02FE0295
:107BF000FE02FE02FE02FE02FE02FE02FE02FE0285
:107C0000FE02FE02FE02FE02FE02FE02FE02FE0274
:107C1000FE02FE02FE02FE02FE02FE02FE02FE0264
:107C2000FE02FE02FE02FE02FE02FE02FE02FE0254
:107C3000FE02FE02FE02FE02FE02FE02FE02FE0244
:107C4000FE02FE02FE02FE02FE02FE02FE02FE0234
:107C5000FE02FE02FE02FE02FE02FE02FE02FE0224
:107C6000FE02FE02FE02FE02FE02FE02FE02FE0214
:107C7000FE02FE02FE02FE02FE02FE02FE02FE0204
:107C8000FE02FE02FE02FE02FE02FE02FE02FE02F4
:107C9000FE02FE02FE02FE02FE02FE02FE02FE02E4
:107CA000FE02FE02FE02FE02FE02FE02FE02FE02D4
:107CB000FE02FE02FE02FE02FE02FE02FE02FE02C4
:107CC000FE02FE02FE02FE02FE02FE02FE02FE02B4
:107CD000FE02FE02FE02FE02FE02FE02FE02FE02A4
:107CE000FE02FE02FE02FE02FE02FE02FE02FE0294
:107CF000FE02FE02FE02FE02FE02FE02FE02FE0284
:107D0000FE02FE02FE02FE02FE02FE02FE02FE0273
:107D1000FE02FE02FE02FE02FE02FE02FE02FE0263
:107D2000FE02FE02FE02FE02FE02FE02FE02FE0253
:107D3000FE02FE02FE02FE02FE02FE02FE02FE0243
:107D4000FE02FE02FE02FE02FE02FE02FE02FE0233
:107D5000FE02FE02FE02FE02FE02FE02FE02FE0223
:107D6000FE02FE02FE02FE02FE02FE02FE02FE0213
:107D7000FE02FE02FE02FE02FE02FE02FE02FE0203
:107D8000FE02FE02FE02FE02FE02FE02FE02FE02F3
:107D9000FE02FE02FE02FE02FE02FE02FE02FE02E3
:107DA000FE02FE02FE02FE02FE02FE02FE02FE02D3
:107DB000FE02FE02FE02FE02FE02FE02FE02FE02C3
:107DC000FE02FE02FE02FE02FE02FE02FE02FE02B3
:107DD000FE02FE02FE02FE02FE02FE02FE02FE02A3
:107DE000FE02FE02FE02FE02FE02FE02FE02FE0293
:107DF000FE02FE02FE02FE02FE02FE02FE02FE0283
:107E0000FE02FE02FE02FE02FE02FE02FE02FE0272
:107E1000FE02FE02FE02FE02FE02FE02FE02FE0262
:107E2000FE02FE02FE02FE02FE02FE02FE02FE0252
:107E3000FE02FE02FE02FE02FE02FE02FE02FE0242
:107E4000FE02FE02FE02FE02FE02FE02FE02FE0232
:107E5000FE02FE02FE02FE02FE02FE02FE02FE0222
:107E6000FE02FE02FE02FE02FE02FE02FE02FE0212
:107E7000FE02FE02FE02FE02FE02FE02FE02FE0202
:107E8000FE02FE02FE02FE02FE02FE02FE02FE02F2
:107E9000FE02FE02FE02FE02FE02FE02FE02FE02E2
:107EA000FE02FE02FE02FE02FE02FE02FE02FE02D2
:107EB000FE02FE02FE02FE02FE02FE02FE02FE02C2
:107EC000FE02FE02FE02FE02FE02FE02FE02FE02B2
:107ED000FE02FE02FE02FE02FE02FE02FE02FE02A2
:107EE000FE02FE02FE02FE02FE02FE02FE02FE0292
:107EF000FE02FE02FE02FE02FE02FE02FE02FE0282
:107F0000FE02FE02FE02FE02FE02FE02FE02FE0271
:107F1000FE02FE02FE02FE02FE02FE02FE02FE0261
:107F2000FE02FE02FE02FE02FE02FE02FE02FE0251
:107F3000FE02FE02FE02FE02FE02FE02FE02FE0241
:107F4000FE02FE02FE02FE02FE02FE02FE02FE0231
:107F5000FE02FE02FE02FE02FE02FE02FE02FE0221
:107F6000FE02FE02FE02FE02FE02FE02FE02FE0211
:107F7000FE02FE02FE02FE02FE02FE02FE02FE0201
:107F8000FE02FE02FE02FE02FE02FE02FE02FE02F1
:107F9000FE02FE02FE02FE02FE02FE02FE02FE02E1
:107FA000FE02FE02FE02FE02FE02FE02FE02FE02D1
:107FB000FE02FE02FE02FE02FE02FE02FE02FE02C1
:107FC000FE02FE02FE02FE02FE02FE02FE02FE02B1
:107FD000FE02FE02FE02FE02FE02FE02FE02FE02A1
:107FE000FE02FE02FE02FE02FE02FE02FE02FE0291
:107FF000FE02FE02FE02FE02FE02FE02FE02FE0281
:10800000FE02FE02FE02FE02FE02FE02FE02FE0270
:10801000FE02FE02FE02FE02FE02FE02FE02FE0260
:10802000FE02FE02FE02FE02FE02FE02FE02FE0250
:10803000FE02FE02FE02FE02FE02FE02FE02FE0240
:10804000FE02FE02FE02FE02FE02FE02FE02FE0230
:10805000FE02FE02FE02FE02FE02FE02FE02FE0220
:10806000FE02FE02FE02FE02FE02FE02FE02FE0210
:10807000FE02FE02FE02FE02FE02FE02FE02FE0200
:10808000FE02FE02FE02FE02FE02FE02FE02FE02F0
:10809000FE02FE02FE02FE02FE02FE02FE02FE02E0
:1080A000FE02FE02FE02FE02FE02FE02FE02FE02D0
:1080B000FE02FE02FE02FE02FE02FE02FE02FE02C0
:1080C000FE02FE02FE02FE02FE02FE02FE02FE02B0
:1080D000FE02FE02FE02FE02FE02FE02FE02FE02A0
:1080E000FE02FE02FE02FE02FE02FE02FE02FE0290
:1080F000FE02FE02FE02FE02FE02FE02FE02FE0280
:10810000FE02FE02FE02FE02FE02FE02FE02FE026F
:10811000FE02FE02FE02FE02FE02FE02FE02FE025F
:10812000FE02FE02FE02FE02FE02FE02FE02FE024F
:10813000FE02FE02FE02FE02FE02FE02FE02FE023F
:10814000FE02FE02FE02FE02FE02FE02FE02FE022F
:10815000FE02FE02FE02FE02FE02FE02FE02FE021F
:10816000FE02FE02FE02FE02FE02FE02FE02FE020F
:10817000FE02FE02FE02FE02FE02FE02FE02FE02FF
:10818000FE02FE02FE02FE02FE02FE02FE02FE02EF
:10819000FE02FE02FE02FE02FE02FE02FE02FE02DF
:1081A000FE02FE02FE02FE02FE02FE02FE02FE02CF
:1081B000FE02FE02FE02FE02FE02FE02FE02FE02BF
:1081C000FE02FE02FE02FE02FE02FE02FE02FE02AF
:1081D000FE02FE02FE02FE02FE02FE02FE02FE029F
:1081E000FE02FE02FE02FE02FE02FE02FE02FE028F
:1081F000FE02FE02FE02FE02FE02FE02FE02FE027F
:10820000FE02FE02FE02FE02FE02FE02FE02FE026E
:10821000FE02FE02FE02FE02FE02FE02FE02FE025E
:10822000FE02FE02FE02FE02FE02FE02FE02FE024E
:10823000FE02FE02FE02FE02FE02FE02FE02FE023E
:10824000FE02FE02FE02FE02FE02FE02FE02FE022E
:10825000FE02FE02FE02FE02FE02FE02FE02FE021E
:10826000FE02FE02FE02FE02FE02FE02FE02FE020E
:10827000FE02FE02FE02FE02FE02FE02FE02FE02FE
:10828000FE02FE02FE02FE02FE02FE02FE02FE02EE
:10829000FE02FE02FE02FE02FE02FE02FE02FE02DE
:1082A000FE02FE02FE02FE02FE02FE02FE02FE02CE
:1082B000FE02FE02FE02FE02FE02FE02FE02FE02BE
:1082C000FE02FE02FE02FE02FE02FE02FE02FE02AE
:1082D000FE02FE02FE02FE02FE02FE02FE02FE029E
:1082E000FE02FE02FE02FE02FE02FE02FE02FE028E
:1082F000FE02FE02FE02FE02FE02FE02FE02FE027E
:10830000FE02FE02FE02FE02FE02FE02FE02FE026D
:10831000FE02FE02FE02FE02FE02FE02FE02FE025D
:10832000FE02FE02FE02FE02FE02FE02FE02FE024D
:10833000FE02FE02FE02FE02FE02FE02FE02FE023D
:10834000FE02FE02FE02FE02FE02FE02FE02FE022D
:10835000FE02FE02FE02FE02FE02FE02FE02FE021D
:10836000FE02FE02FE02FE02FE02FE02FE02FE020D
:10837000FE02FE02FE02FE02FE02FE02FE02FE02FD
:10838000FE02FE02FE02FE02FE02FE02FE02FE02ED
:10839000FE02FE02FE02FE02FE02FE02FE02FE02DD
:1083A000FE02FE02FE02FE02FE02FE02FE02FE02CD
:1083B000FE02FE02FE02FE02FE02FE02FE02FE02BD
:1083C000FE02FE02FE02FE02FE02FE02FE02FE02AD
:1083D000FE02FE02FE02FE02FE02FE02FE02FE029D
:1083E000FE02FE02FE02FE02FE02FE02FE02FE028D
:1083F000FE02FE02FE02FE02FE02FE02FE02FE027D
:10840000FE02FE02FE02FE02FE02FE02FE02FE026C
:10841000FE02FE02FE02FE02FE02FE02FE02FE025C
:10842000FE02FE02FE02FE02FE02FE02FE02FE024C
:10843000FE02FE02FE02FE02FE02FE02FE02FE023C
:10844000FE02FE02FE02FE02FE02FE02FE02FE022C
:10845000FE02FE02FE02FE02FE02FE02FE02FE021C
:10846000FE02FE02FE02FE02FE02FE02FE02FE020C
:10847000FE02FE02FE02FE02FE02FE02FE02FE02FC
:10848000FE02FE02FE02FE02FE02FE02FE02FE02EC
:10849000FE02FE02FE02FE02FE02FE02FE02FE02DC
:1084A000FE02FE02FE02FE02FE02FE02FE02FE02CC
:1084B000FE02FE02FE02FE02FE02FE02FE02FE02BC
:1084C000FE02FE02FE02FE02FE02FE02FE02FE02AC
:1084D000FE02FE02FE02FE02FE02FE02FE02FE029C
:1084E000FE02FE02FE02FE02FE02FE02FE02FE028C
:1084F000FE02FE02FE02FE02FE02FE02FE02FE027C
:10850000FE02FE02FE02FE02FE02FE02FE02FE026B
:10851000FE02FE02FE02FE02FE02FE02FE02FE025B
:10852000FE02FE02FE02FE02FE02FE02FE02FE024B
:10853000FE02FE02FE02FE02FE02FE02FE02FE023B
:10854000FE02FE02FE02FE02FE02FE02FE02FE022B
:10855000FE02FE02FE02FE02FE02FE02FE02FE021B
:10856000FE02FE02FE02FE02FE02FE02FE02FE020B
:10857000FE02FE02FE02FE02FE02FE02FE02FE02FB
:10858000FE02FE02FE02FE02FE02FE02FE02FE02EB
:10859000FE02FE02FE02FE02FE02FE02FE02FE02DB
:1085A000FE02FE02FE02FE02FE02FE02FE02FE02CB
:1085B000FE02FE02FE02FE02FE02FE02FE02FE02BB
:1085C000FE02FE02FE02FE02FE02FE02FE02FE02AB
:1085D000FE02FE02FE02FE02FE02FE02FE02FE029B
:1085E000FE02FE02FE02FE02FE02FE02FE02FE028B
:1085F000FE02FE02FE02FE02FE02FE02FE02FE027B
:10860000FE02FE02FE02FE02FE02FE02FE02FE026A
:10861000FE02FE02FE02FE02FE02FE02FE02FE025A
:10862000FE02FE02FE02FE02FE02FE02FE02FE024A
:10863000FE02FE02FE02FE02FE02FE02FE02FE023A
:10864000FE02FE02FE02FE02FE02FE02FE02FE022A
:10865000FE02FE02FE02FE02FE02FE02FE02FE021A
:10866000FE02FE02FE02FE02FE02FE02FE02FE020A
:10867000FE02FE02FE02FE02FE02FE02FE02FE02FA
:10868000FE02FE02FE02FE02FE02FE02FE02FE02EA
:10869000FE02FE02FE02FE02FE02FE02FE02FE02DA
:1086A000FE02FE02FE02FE02FE02FE02FE02FE02CA
:1086B000FE02FE02FE02FE02FE02FE02FE02FE02BA
:1086C000FE02FE02FE02FE02FE02FE02FE02FE02AA
:1086D000FE02FE02FE02FE02FE02FE02FE02FE029A
:1086E000FE02FE02FE02FE02FE02FE02FE02FE028A
:1086F000FE02FE02FE02FE02FE02FE02FE02FE027A
:10870000FE02FE02FE02FE02FE02FE02FE02FE0269
:10871000FE02FE02FE02FE02FE02FE02FE02FE0259
:10872000FE02FE02FE02FE02FE02FE02FE02FE0249
:10873000FE02FE02FE02FE02FE02FE02FE02FE0239
:10874000FE02FE02FE02FE02FE02FE02FE02FE0229
:10875000FE02FE02FE02FE02FE02FE02FE02FE0219
:10876000FE02FE02FE02FE02FE02FE02FE02FE0209
:10877000FE02FE02FE02FE02FE02FE02FE02FE02F9
:10878000FE02FE02FE02FE02FE02FE02FE02FE02E9
:10879000FE02FE02FE02FE02FE02FE02FE02FE02D9
:1087A000FE02FE02FE02FE02FE02FE02FE02FE02C9
:1087B000FE02FE02FE02FE02FE02FE02FE02FE02B9
:1087C000FE02FE02FE02FE02FE02FE02FE02FE02A9
:1087D000FE02FE02FE02FE02FE02FE02FE02FE0299
:1087E000FE02FE02FE02FE02FE02FE02FE02FE0289
:1087F000FE02FE02FE02FE02FE02FE02FE02FE0279
:10880000FE02FE02FE02FE02FE02FE02FE02FE0268
:10881000FE02FE02FE02FE02FE02FE02FE02FE0258
:10882000FE02FE02FE02FE02FE02FE02FE02FE0248
:10883000FE02FE02FE02FE02FE02FE02FE02FE0238
:10884000FE02FE02FE02FE02FE02FE02FE02FE0228
:10885000FE02FE02FE02FE02FE02FE02FE02FE0218
:10886000FE02FE02FE02FE02FE02FE02FE02FE0208
:10887000FE02FE02FE02FE02FE02FE02FE02FE02F8
:10888000FE02FE02FE02FE02FE02FE02FE02FE02E8
:10889000FE02FE02FE02FE02FE02FE02FE02FE02D8
:1088A000FE02FE02FE02FE02FE02FE02FE02FE02C8
:1088B000FE02FE02FE02FE02FE02FE02FE02FE02B8
:1088C000FE02FE02FE02FE02FE02FE02FE02FE02A8
:1088D000FE02FE02FE02FE02FE02FE02FE02FE0298
:1088E000FE02FE02FE02FE02FE02FE02FE02FE0288
:1088F000FE02FE02FE02FE02FE02FE02FE02FE0278
:10890000FE02FE02FE02FE02FE02FE02FE02FE0267
:10891000FE02FE02FE02FE02FE02FE02FE02FE0257
:10892000FE02FE02FE02FE02FE02FE02FE02FE0247
:10893000FE02FE02FE02FE02FE02FE02FE02FE0237
:10894000FE02FE02FE02FE02FE02FE02FE02FE0227
:10895000FE02FE02FE02FE02FE02FE02FE02FE0217
:10896000FE02FE02FE02FE02FE02FE02FE02FE0207
:10897000FE02FE02FE02FE02FE02FE02FE02FE02F7
:10898000FE02FE02FE02FE02FE02FE02FE02FE02E7
:10899000FE02FE02FE02FE02FE02FE02FE02FE02D7
:1089A000FE02FE02FE02FE02FE02FE02FE02FE02C7
:1089B000FE02FE02FE02FE02FE02FE02FE02FE02B7
:1089C000FE02FE02FE02FE02FE02FE02FE02FE02A7
:1089D000FE02FE02FE02FE02FE02FE02FE02FE0297
:1089E000FE02FE02FE02FE02FE02FE02FE02FE0287
:1089F000FE02FE02FE02FE02FE02FE02FE02FE0277
:108A0000FE02FE02FE02FE02FE02FE02FE02FE0266
:108A1000FE02FE02FE02FE02FE02FE02FE02FE0256
:108A2000FE02FE02FE02FE02FE02FE02FE02FE0246
:108A3000FE02FE02FE02FE02FE02FE02FE02FE0236
:108A4000FE02FE02FE02FE02FE02FE02FE02FE0226
:108A5000FE02FE02FE02FE02FE02FE02FE02FE0216
:108A6000FE02FE02FE02FE02FE02FE02FE02FE0206
:108A7000FE02FE02FE02FE02FE02FE02FE02FE02F6
:108A8000FE02FE02FE02FE02FE02FE02FE02FE02E6
:108A9000FE02FE02FE02FE02FE02FE02FE02FE02D6
:108AA000FE02FE02FE02FE02FE02FE02FE02FE02C6
:108AB000FE02FE02FE02FE02FE02FE02FE02FE02B6
:108AC000FE02FE02FE02FE02FE02FE02FE02FE02A6
:108AD000FE02FE02FE02FE02FE02FE02FE02FE0296
:108AE000FE02FE02FE02FE02FE02FE02FE02FE0286
:108AF000FE02FE02FE02FE02FE02FE02FE02FE0276
:108B0000FE02FE02FE02FE02FE02FE02FE02FE0265
:108B1000FE02FE02FE02FE02FE02FE02FE02FE0255
:108B2000FE02FE02FE02FE02FE02FE02FE02FE0245
:108B3000FE02FE02FE02FE02FE02FE02FE02FE0235
:108B4000FE02FE02FE02FE02FE02FE02FE02FE0225
:108B5000FE02FE02FE02FE02FE02FE02FE02FE0215
:108B6000FE02FE02FE02FE02FE02FE02FE02FE0205
:108B7000FE02FE02FE02FE02FE02FE02FE02FE02F5
:108B8000FE02FE02FE02FE02FE02FE02FE02FE02E5
:108B9000FE02FE02FE02FE02FE02FE02FE02FE02D5
:108BA000FE02FE02FE02FE02FE02FE02FE02FE02C5
:108BB000FE02FE02FE02FE02FE02FE02FE02FE02B5
:108BC000FE02FE02FE02FE02FE02FE02FE02FE02A5
:108BD000FE02FE02FE02FE02FE02FE02FE02FE0295
:108BE000FE02FE02FE02FE02FE02FE02FE02FE0285
:108BF000FE02FE02FE02FE02FE02FE02FE02FE0275
:108C0000FE02FE02FE02FE02FE02FE02FE02FE0264
:108C1000FE02FE02FE02FE02FE02FE02FE02FE0254
:108C2000FE02FE02FE02FE02FE02FE02FE02FE0244
:108C3000FE02FE02FE02FE02FE02FE02FE02FE0234
:108C4000FE02FE02FE02FE02FE02FE02FE02FE0224
:108C5000FE02FE02FE02FE02FE02FE02FE02FE0214
:108C6000FE02FE02FE02FE02FE02FE02FE02FE0204
:108C7000FE02FE02FE02FE02FE02FE02FE02FE02F4
:108C8000FE02FE02FE02FE02FE02FE02FE02FE02E4
:108C9000FE02FE02FE02FE02FE02FE02FE02FE02D4
:108CA000FE02FE02FE02FE02FE02FE02FE02FE02C4
:108CB000FE02FE02FE02FE02FE02FE02FE02FE02B4
:108CC000FE02FE02FE02FE02FE02FE02FE02FE02A4
:108CD000FE02FE02FE02FE02FE02FE02FE02FE0294
:108CE000FE02FE02FE02FE02FE02FE02FE02FE0284
:108CF000FE02FE02FE02FE02FE02FE02FE02FE0274
:108D0000FE02FE02FE02FE02FE02FE02FE02FE0263
:108D1000FE02FE02FE02FE02FE02FE02FE02FE0253
:108D2000FE02FE02FE02FE02FE02FE02FE02FE0243
:108D3000FE02FE02FE02FE02FE02FE02FE02FE0233
:108D4000FE02FE02FE02FE02FE02FE02FE02FE0223
:108D5000FE02FE02FE02FE02FE02FE02FE02FE0213
:108D6000FE02FE02FE02FE02FE02FE02FE02FE0203
:108D7000FE02FE02FE02FE02FE02FE02FE02FE02F3
:108D8000FE02FE02FE02FE02FE02FE02FE02FE02E3
:108D9000FE02FE02FE02FE02FE02FE02FE02FE02D3
:108DA000FE02FE02FE02FE02FE02FE02FE02FE02C3
:108DB000FE02FE02FE02FE02FE02FE02FE02FE02B3
:108DC000FE02FE02FE02FE02FE02FE02FE02FE02A3
:108DD000FE02FE02FE02FE02FE02FE02FE02FE0293
:108DE000FE02FE02FE02FE02FE02FE02FE02FE0283
:108DF000FE02FE02FE02FE02FE02FE02FE02FE0273
:108E0000FE02FE02FE02FE02FE02FE02FE02FE0262
:108E1000FE02FE02FE02FE02FE02FE02FE02FE0252
:108E2000FE02FE02FE02FE02FE02FE02FE02FE0242
:108E3000FE02FE02FE02FE02FE02FE02FE02FE0232
:108E4000FE02FE02FE02FE02FE02FE02FE02FE0222
:108E5000FE02FE02FE02FE02FE02FE02FE02FE0212
:108E6000FE02FE02FE02FE02FE02FE02FE02FE0202
:108E7000FE02FE02FE02FE02FE02FE02FE02FE02F2
:108E8000FE02FE02FE02FE02FE02FE02FE02FE02E2
:108E9000FE02FE02FE02FE02FE02FE02FE02FE02D2
:108EA000FE02FE02FE02FE02FE02FE02FE02FE02C2
:108EB000FE02FE02FE02FE02FE02FE02FE02FE02B2
:108EC000FE02FE02FE02FE02FE02FE02FE02FE02A2
:108ED000FE02FE02FE02FE02FE02FE02FE02FE0292
:108EE000FE02FE02FE02FE02FE02FE02FE02FE0282
:108EF000FE02FE02FE02FE02FE02FE02FE02FE0272
:108F0000FE02FE02FE02FE02FE02FE02FE02FE0261
:108F1000FE02FE02FE02FE02FE02FE02FE02FE0251
:108F2000FE02FE02FE02FE02FE02FE02FE02FE0241
:108F3000FE02FE02FE02FE02FE02FE02FE02FE0231
:108F4000FE02FE02FE02FE02FE02FE02FE02FE0221
:108F5000FE02FE02FE02FE02FE02FE02FE02FE0211
:108F6000FE02FE02FE02FE02FE02FE02FE02FE0201
:108F7000FE02FE02FE02FE02FE02FE02FE02FE02F1
:108F8000FE02FE02FE02FE02FE02FE02FE02FE02E1
:108F9000FE02FE02FE02FE02FE02FE02FE02FE02D1
:108FA000FE02FE02FE02FE02FE02FE02FE02FE02C1
:108FB000FE02FE02FE02FE02FE02FE02FE02FE02B1
:108FC000FE02FE02FE02FE02FE02FE02FE02FE02A1
:108FD000FE02FE02FE02FE02FE02FE02FE02FE0291
:108FE000FE02FE02FE02FE02FE02FE02FE02FE0281
:108FF000FE02FE02FE02FE02FE02FE02FE02FE0271
:10900000FE02FE02FE02FE02FE02FE02FE02FE0260
:10901000FE02FE02FE02FE02FE02FE02FE02FE0250
:10902000FE02FE02FE02FE02FE02FE02FE02FE0240
:10903000FE02FE02FE02FE02FE02FE02FE02FE0230
:10904000FE02FE02FE02FE02FE02FE02FE02FE0220
:10905000FE02FE02FE02FE02FE02FE02FE02FE0210
:10906000FE02FE02FE02FE02FE02FE02FE02FE0200
:10907000FE02FE02FE02FE02FE02FE02FE02FE02F0
:10908000FE02FE02FE02FE02FE02FE02FE02FE02E0
:10909000FE02FE02FE02FE02FE02FE02FE02FE02D0
:1090A000FE02FE02FE02FE02FE02FE02FE02FE02C0
:1090B000FE02FE02FE02FE02FE02FE02FE02FE02B0
:1090C000FE02FE02FE02FE02FE02FE02FE02FE02A0
:1090D000FE02FE02FE02FE02FE02FE02FE02FE0290
:1090E000FE02FE02FE02FE02FE02FE02FE02FE0280
:1090F000FE02FE02FE02FE02FE02FE02FE02FE0270
:10910000FE02FE02FE02FE02FE02FE02FE02FE025F
:10911000FE02FE02FE02FE02FE02FE02FE02FE024F
:10912000FE02FE02FE02FE02FE02FE02FE02FE023F
:10913000FE02FE02FE02FE02FE02FE02FE02FE022F
:10914000FE02FE02FE02FE02FE02FE02FE02FE021F
:10915000FE02FE02FE02FE02FE02FE02FE02FE020F
:10916000FE02FE02FE02FE02FE02FE02FE02FE02FF
:10917000FE02FE02FE02FE02FE02FE02FE02FE02EF
:10918000FE02FE02FE02FE02FE02FE02FE02FE02DF
:10919000FE02FE02FE02FE02FE02FE02FE02FE02CF
:1091A000FE02FE02FE02FE02FE02FE02FE02FE02BF
:1091B000FE02FE02FE02FE02FE02FE02FE02FE02AF
:1091C000FE02FE02FE02FE02FE02FE02FE02FE029F
:1091D000FE02FE02FE02FE02FE02FE02FE02FE028F
:1091E000FE02FE02FE02FE02FE02FE02FE02FE027F
:1091F000FE02FE02FE02FE02FE02FE02FE02FE026F
:10920000FE02FE02FE02FE02FE02FE02FE02FE025E
:10921000FE02FE02FE02FE02FE02FE02FE02FE024E
:10922000FE02FE02FE02FE02FE02FE02FE02FE023E
:10923000FE02FE02FE02FE02FE02FE02FE02FE022E
:10924000FE02FE02FE02FE02FE02FE02FE02FE021E
:10925000FE02FE02FE02FE02FE02FE02FE02FE020E
:10926000FE02FE02FE02FE02FE02FE02FE02FE02FE
:10927000FE02FE02FE02FE02FE02FE02FE02FE02EE
:10928000FE02FE02FE02FE02FE02FE02FE02FE02DE
:10929000FE02FE02FE02FE02FE02FE02FE02FE02CE
:1092A000FE02FE02FE02FE02FE02FE02FE02FE02BE
:1092B000FE02FE02FE02FE02FE02FE02FE02FE02AE
:1092C000FE02FE02FE02FE02FE02FE02FE02FE029E
:1092D000FE02FE02FE02FE02FE02FE02FE02FE028E
:1092E000FE02FE02FE02FE02FE02FE02FE02FE027E
:1092F000FE02FE02FE02FE02FE02FE02FE02FE026E
:10930000FE02FE02FE02FE02FE02FE02FE02FE025D
:10931000FE02FE02FE02FE02FE02FE02FE02FE024D
:10932000FE02FE02FE02FE02FE02FE02FE02FE023D
:10933000FE02FE02FE02FE02FE02FE02FE02FE022D
:10934000FE02FE02FE02FE02FE02FE02FE02FE021D
:10935000FE02FE02FE02FE02FE02FE02FE02FE020D
:10936000FE02FE02FE02FE02FE02FE02FE02FE02FD
:10937000FE02FE02FE02FE02FE02FE02FE02FE02ED
:10938000FE02FE02FE02FE02FE02FE02FE02FE02DD
:10939000FE02FE02FE02FE02FE02FE02FE02FE02CD
:1093A000FE02FE02FE02FE02FE02FE02FE02FE02BD
:1093B000FE02FE02FE02FE02FE02FE02FE02FE02AD
:1093C000FE02FE02FE02FE02FE02FE02FE02FE029D
:1093D000FE02FE02FE02FE02FE02FE02FE02FE028D
:1093E000FE02FE02FE02FE02FE02FE02FE02FE027D
:1093F000FE02FE02FE02FE02FE02FE02FE02FE026D
:10940000FE02FE02FE02FE02FE02FE02FE02FE025C
:10941000FE02FE02FE02FE02FE02FE02FE02FE024C
:10942000FE02FE02FE02FE02FE02FE02FE02FE023C
:10943000FE02FE02FE02FE02FE02FE02FE02FE022C
:10944000FE02FE02FE02FE02FE02FE02FE02FE021C
:10945000FE02FE02FE02FE02FE02FE02FE02FE020C
:10946000FE02FE02FE02FE02FE02FE02FE02FE02FC
:10947000FE02FE02FE02FE02FE02FE02FE02FE02EC
:10948000FE02FE02FE02FE02FE02FE02FE02FE02DC
:10949000FE02FE02FE02FE02FE02FE02FE02FE02CC
:1094A000FE02FE02FE02FE02FE02FE02FE02FE02BC
:1094B000FE02FE02FE02FE02FE02FE02FE02FE02AC
:1094C000FE02FE02FE02FE02FE02FE02FE02FE029C
:1094D000FE02FE02FE02FE02FE02FE02FE02FE028C
:1094E000FE02FE02FE02FE02FE02FE02FE02FE027C
:1094F000FE02FE02FE02FE02FE02FE02FE02FE026C
:10950000FE02FE02FE02FE02FE02FE02FE02FE025B
:10951000FE02FE02FE02FE02FE02FE02FE02FE024B
:10952000FE02FE02FE02FE02FE02FE02FE02FE023B
:10953000FE02FE02FE02FE02FE02FE02FE02FE022B
:10954000FE02FE02FE02FE02FE02FE02FE02FE021B
:10955000FE02FE02FE02FE02FE02FE02FE02FE020B
:10956000FE02FE02FE02FE02FE02FE02FE02FE02FB
:10957000FE02FE02FE02FE02FE02FE02FE02FE02EB
:10958000FE02FE02FE02FE02FE02FE02FE02FE02DB
:10959000FE02FE02FE02FE02FE02FE02FE02FE02CB
:1095A000FE02FE02FE02FE02FE02FE02FE02FE02BB
:1095B000FE02FE02FE02FE02FE02FE02FE02FE02AB
:1095C000FE02FE02FE02FE02FE02FE02FE02FE029B
:1095D000FE02FE02FE02FE02FE02FE02FE02FE028B
:1095E000FE02FE02FE02FE02FE02FE02FE02FE027B
:1095F000FE02FE02FE02FE02FE02FE02FE02FE026B
:10960000FE02FE02FE02FE02FE02FE02FE02FE025A
:10961000FE02FE02FE02FE02FE02FE02FE02FE024A
:10962000FE02FE02FE02FE02FE02FE02FE02FE023A
:10963000FE02FE02FE02FE02FE02FE02FE02FE022A
:10964000FE02FE02FE02FE02FE02FE02FE02FE021A
:10965000FE02FE02FE02FE02FE02FE02FE02FE020A
:10966000FE02FE02FE02FE02FE02FE02FE02FE02FA
:10967000FE02FE02FE02FE02FE02FE02FE02FE02EA
:10968000FE02FE02FE02FE02FE02FE02FE02FE02DA
:10969000FE02FE02FE02FE02FE02FE02FE02FE02CA
:1096A000FE02FE02FE02FE02FE02FE02FE02FE02BA
:1096B000FE02FE02FE02FE02FE02FE02FE02FE02AA
:1096C000FE02FE02FE02FE02FE02FE02FE02FE029A
:1096D000FE02FE02FE02FE02FE02FE02FE02FE028A
:1096E000FE02FE02FE02FE02FE02FE02FE02FE027A
:1096F000FE02FE02FE02FE02FE02FE02FE02FE026A
:10970000FE02FE02FE02FE02FE02FE02FE02FE0259
:10971000FE02FE02FE02FE02FE02FE02FE02FE0249
:10972000FE02FE02FE02FE02FE02FE02FE02FE0239
:10973000FE02FE02FE02FE02FE02FE02FE02FE0229
:10974000FE02FE02FE02FE02FE02FE02FE02FE0219
:10975000FE02FE02FE02FE02FE02FE02FE02FE0209
:10976000FE02FE02FE02FE02FE02FE02FE02FE02F9
:10977000FE02FE02FE02FE02FE02FE02FE02FE02E9
:10978000FE02FE02FE02FE02FE02FE02FE02FE02D9
:10979000FE02FE02FE02FE02FE02FE02FE02FE02C9
:1097A000FE02FE02FE02FE02FE02FE02FE02FE02B9
:1097B000FE02FE02FE02FE02FE02FE02FE02FE02A9
:1097C000FE02FE02FE02FE02FE02FE02FE02FE0299
:1097D000FE02FE02FE02FE02FE02FE02FE02FE0289
:1097E000FE02FE02FE02FE02FE02FE02FE02FE0279
:1097F000FE02FE02FE02FE02FE02FE02FE02FE0269
:10980000FE02FE02FE02FE02FE02FE02FE02FE0258
:10981000FE02FE02FE02FE02FE02FE02FE02FE0248
:10982000FE02FE02FE02FE02FE02FE02FE02FE0238
:10983000FE02FE02FE02FE02FE02FE02FE02FE0228
:10984000FE02FE02FE02FE02FE02FE02FE02FE0218
:10985000FE02FE02FE02FE02FE02FE02FE02FE0208
:10986000FE02FE02FE02FE02FE02FE02FE02FE02F8
:10987000FE02FE02FE02FE02FE02FE02FE02FE02E8
:10988000FE02FE02FE02FE02FE02FE02FE02FE02D8
:10989000FE02FE02FE02FE02FE02FE02FE02FE02C8
:1098A000FE02FE02FE02FE02FE02FE02FE02FE02B8
:1098B000FE02FE02FE02FE02FE02FE02FE02FE02A8
:1098C000FE02FE02FE02FE02FE02FE02FE02FE0298
:1098D000FE02FE02FE02FE02FE02FE02FE02FE0288
:1098E000FE02FE02FE02FE02FE02FE02FE02FE0278
:1098F000FE02FE02FE02FE02FE02FE02FE02FE0268
:10990000FE02FE02FE02FE02FE02FE02FE02FE0257
:10991000FE02FE02FE02FE02FE02FE02FE02FE0247
:10992000FE02FE02FE02FE02FE02FE02FE02FE0237
:10993000FE02FE02FE02FE02FE02FE02FE02FE0227
:10994000FE02FE02FE02FE02FE02FE02FE02FE0217
:10995000FE02FE02FE02FE02FE02FE02FE02FE0207
:10996000FE02FE02FE02FE02FE02FE02FE02FE02F7
:10997000FE02FE02FE02FE02FE02FE02FE02FE02E7
:10998000FE02FE02FE02FE02FE02FE02FE02FE02D7
:10999000FE02FE02FE02FE02FE02FE02FE02FE02C7
:1099A000FE02FE02FE02FE02FE02FE02FE02FE02B7
:1099B000FE02FE02FE02FE02FE02FE02FE02FE02A7
:1099C000FE02FE02FE02FE02FE02FE02FE02FE0297
:1099D000FE02FE02FE02FE02FE02FE02FE02FE0287
:1099E000FE02FE02FE02FE02FE02FE02FE02FE0277
:1099F000FE02FE02FE02FE02FE02FE02FE02FE0267
:109A0000FE02FE02FE02FE02FE02FE02FE02FE0256
:109A1000FE02FE02FE02FE02FE02FE02FE02FE0246
:109A2000FE02FE02FE02FE02FE02FE02FE02FE0236
:109A3000FE02FE02FE02FE02FE02FE02FE02FE0226
:109A4000FE02FE02FE02FE02FE02FE02FE02FE0216
:109A5000FE02FE02FE02FE02FE02FE02FE02FE0206
:109A6000FE02FE02FE02FE02FE02FE02FE02FE02F6
:109A7000FE02FE02FE02FE02FE02FE02FE02FE02E6
:109A8000FE02FE02FE02FE02FE02FE02FE02FE02D6
:109A9000FE02FE02FE02FE02FE02FE02FE02FE02C6
:109AA000FE02FE02FE02FE02FE02FE02FE02FE02B6
:109AB000FE02FE02FE02FE02FE02FE02FE02FE02A6
:109AC000FE02FE02FE02FE02FE02FE02FE02FE0296
:109AD000FE02FE02FE02FE02FE02FE02FE02FE0286
:109AE000FE02FE02FE02FE02FE02FE02FE02FE0276
:109AF000FE02FE02FE02FE02FE02FE02FE02FE0266
:109B0000FE02FE02FE02FE02FE02FE02FE02FE0255
:109B1000FE02FE02FE02FE02FE02FE02FE02FE0245
:109B2000FE02FE02FE02FE02FE02FE02FE02FE0235
:109B3000FE02FE02FE02FE02FE02FE02FE02FE0225
:109B4000FE02FE02FE02FE02FE02FE02FE02FE0215
:109B5000FE02FE02FE02FE02FE02FE02FE02FE0205
:109B6000FE02FE02FE02FE02FE02FE02FE02FE02F5
:109B7000FE02FE02FE02FE02FE02FE02FE02FE02E5
:109B8000FE02FE02FE02FE02FE02FE02FE02FE02D5
:109B9000FE02FE02FE02FE02FE02FE02FE02FE02C5
:109BA000FE02FE02FE02FE02FE02FE02FE02FE02B5
:109BB000FE02FE02FE02FE02FE02FE02FE02FE02A5
:109BC000FE02FE02FE02FE02FE02FE02FE02FE0295
:109BD000FE02FE02FE02FE02FE02FE02FE02FE0285
:109BE000FE02FE02FE02FE02FE02FE02FE02FE0275
:109BF000FE02FE02FE02FE02FE02FE02FE02FE0265
:109C0000FE02FE02FE02FE02FE02FE02FE02FE0254
:109C1000FE02FE02FE02FE02FE02FE02FE02FE0244
:109C2000FE02FE02FE02FE02FE02FE02FE02FE0234
:109C3000FE02FE02FE02FE02FE02FE02FE02FE0224
:109C4000FE02FE02FE02FE02FE02FE02FE02FE0214
:109C5000FE02FE02FE02FE02FE02FE02FE02FE0204
:109C6000FE02FE02FE02FE02FE02FE02FE02FE02F4
:109C7000FE02FE02FE02FE02FE02FE02FE02FE02E4
:109C8000FE02FE02FE02FE02FE02FE02FE02FE02D4
:109C9000FE02FE02FE02FE02FE02FE02FE02FE02C4
:109CA000FE02FE02FE02FE02FE02FE02FE02FE02B4
:109CB000FE02FE02FE02FE02FE02FE02FE02FE02A4
:109CC000FE02FE02FE02FE02FE02FE02FE02FE0294
:109CD000FE02FE02FE02FE02FE02FE02FE02FE0284
:109CE000FE02FE02FE02FE02FE02FE02FE02FE0274
:109CF000FE02FE02FE02FE02FE02FE02FE02FE0264
:109D0000FE02FE02FE02FE02FE02FE02FE02FE0253
:109D1000FE02FE02FE02FE02FE02FE02FE02FE0243
:109D2000FE02FE02FE02FE02FE02FE02FE02FE0233
:109D3000FE02FE02FE02FE02FE02FE02FE02FE0223
:109D4000FE02FE02FE02FE02FE02FE02FE02FE0213
:109D5000FE02FE02FE02FE02FE02FE02FE02FE0203
:109D6000FE02FE02FE02FE02FE02FE02FE02FE02F3
:109D7000FE02FE02FE02FE02FE02FE02FE02FE02E3
:109D8000FE02FE02FE02FE02FE02FE02FE02FE02D3
:109D9000FE02FE02FE02FE02FE02FE02FE02FE02C3
:109DA000FE02FE02FE02FE02FE02FE02FE02FE02B3
:109DB000FE02FE02FE02FE02FE02FE02FE02FE02A3
:109DC000FE02FE02FE02FE02FE02FE02FE02FE0293
:109DD000FE02FE02FE02FE02FE02FE02FE02FE0283
:109DE000FE02FE02FE02FE02FE02FE02FE02FE0273
:109DF000FE02FE02FE02FE02FE02FE02FE02FE0263
:109E0000FE02FE02FE02FE02FE02FE02FE02FE0252
:109E1000FE02FE02FE02FE02FE02FE02FE02FE0242
:109E2000FE02FE02FE02FE02FE02FE02FE02FE0232
:109E3000FE02FE02FE02FE02FE02FE02FE02FE0222
:109E4000FE02FE02FE02FE02FE02FE02FE02FE0212
:109E5000FE02FE02FE02FE02FE02FE02FE02FE0202
:109E6000FE02FE02FE02FE02FE02FE02FE02FE02F2
:109E7000FE02FE02FE02FE02FE02FE02FE02FE02E2
:109E8000FE02FE02FE02FE02FE02FE02FE02FE02D2
:109E9000FE02FE02FE02FE02FE02FE02FE02FE02C2
:109EA000FE02FE02FE02FE02FE02FE02FE02FE02B2
:109EB000FE02FE02FE02FE02FE02FE02FE02FE02A2
:109EC000FE02FE02FE02FE02FE02FE02FE02FE0292
:109ED000FE02FE02FE02FE02FE02FE02FE02FE0282
:109EE000FE02FE02FE02FE02FE02FE02FE02FE0272
:109EF000FE02FE02FE02FE02FE02FE02FE02FE0262
:109F0000FE02FE02FE02FE02FE02FE02FE02FE0251
:109F1000FE02FE02FE02FE02FE02FE02FE02FE0241
:109F2000FE02FE02FE02FE02FE02FE02FE02FE0231
:109F3000FE02FE02FE02FE02FE02FE02FE02FE0221
:109F4000FE02FE02FE02FE02FE02FE02FE02FE0211
:109F5000FE02FE02FE02FE02FE02FE02FE02FE0201
:109F6000FE02FE02FE02FE02FE02FE02FE02FE02F1
:109F7000FE02FE02FE02FE02FE02FE02FE02FE02E1
:109F8000FE02FE02FE02FE02FE02FE02FE02FE02D1
:109F9000FE02FE02FE02FE02FE02FE02FE02FE02C1
:109FA000FE02FE02FE02FE02FE02FE02FE02FE02B1
:109FB000FE02FE02FE02FE02FE02FE02FE02FE02A1
:109FC000FE02FE02FE02FE02FE02FE02FE02FE0291
:109FD000FE02FE02FE02FE02FE02FE02FE02FE0281
:109FE000FE02FE02FE02FE02FE02FE02FE02FE0271
:109FF000FE02FE02FE02FE02FE02FE02FE02FE0261
:10A00000FE02FE02FE02FE02FE02FE02FE02FE0250
:10A01000FE02FE02FE02FE02FE02FE02FE02FE0240
:10A02000FE02FE02FE02FE02FE02FE02FE02FE0230
:10A03000FE02FE02FE02FE02FE02FE02FE02FE0220
:10A04000FE02FE02FE02FE02FE02FE02FE02FE0210
:10A05000FE02FE02FE02FE02FE02FE02FE02FE0200
:10A06000FE02FE02FE02FE02FE02FE02FE02FE02F0
:10A07000FE02FE02FE02FE02FE02FE02FE02FE02E0
:10A08000FE02FE02FE02FE02FE02FE02FE02FE02D0
:10A09000FE02FE02FE02FE02FE02FE02FE02FE02C0
:10A0A000FE02FE02FE02FE02FE02FE02FE02FE02B0
:10A0B000FE02FE02FE02FE02FE02FE02FE02FE02A0
:10A0C000FE02FE02FE02FE02FE02FE02FE02FE0290
:10A0D000FE02FE02FE02FE02FE02FE02FE02FE0280
:10A0E000FE02FE02FE02FE02FE02FE02FE02FE0270
:10A0F000FE02FE02FE02FE02FE02FE02FE02FE0260
:10A10000FE02FE02FE02FE02FE02FE02FE02FE024F
:10A11000FE02FE02FE02FE02FE02FE02FE02FE023F
:10A12000FE02FE02FE02FE02FE02FE02FE02FE022F
:10A13000FE02FE02FE02FE02FE02FE02FE02FE021F
:10A14000FE02FE02FE02FE02FE02FE02FE02FE020F
:10A15000FE02FE02FE02FE02FE02FE02FE02FE02FF
:10A16000FE02FE02FE02FE02FE02FE02FE02FE02EF
:10A17000FE02FE02FE02FE02FE02FE02FE02FE02DF
:10A18000FE02FE02FE02FE02FE02FE02FE02FE02CF
:10A19000FE02FE02FE02FE02FE02FE02FE02FE02BF
:10A1A000FE02FE02FE02FE02FE02FE02FE02FE02AF
:10A1B000FE02FE02FE02FE02FE02FE02FE02FE029F
:10A1C000FE02FE02FE02FE02FE02FE02FE02FE028F
:10A1D000FE02FE02FE02FE02FE02FE02FE02FE027F
:10A1E000FE02FE02FE02FE02FE02FE02FE02FE026F
:10A1F000FE02FE02FE02FE02FE02FE02FE02FE025F
:10A20000FE02FE02FE02FE02FE02FE02FE02FE024E
:10A21000FE02FE02FE02FE02FE02FE02FE02FE023E
:10A22000FE02FE02FE02FE02FE02FE02FE02FE022E
:10A23000FE02FE02FE02FE02FE02FE02FE02FE021E
:10A24000FE02FE02FE02FE02FE02FE02FE02FE020E
:10A25000FE02FE02FE02FE02FE02FE02FE02FE02FE
:10A26000FE02FE02FE02FE02FE02FE02FE02FE02EE
:10A27000FE02FE02FE02FE02FE02FE02FE02FE02DE
:10A28000FE02FE02FE02FE02FE02FE02FE02FE02CE
:10A29000FE02FE02FE02FE02FE02FE02FE02FE02BE
:10A2A000FE02FE02FE02FE02FE02FE02FE02FE02AE
:10A2B000FE02FE02FE02FE02FE02FE02FE02FE029E
:10A2C000FE02FE02FE02FE02FE02FE02FE02FE028E
:10A2D000FE02FE02FE02FE02FE02FE02FE02FE027E
:10A2E000FE02FE02FE02FE02FE02FE02FE02FE026E
:10A2F000FE02FE02FE02FE02FE02FE02FE02FE025E
:10A30000FE02FE02FE02FE02FE02FE02FE02FE024D
:10A31000FE02FE02FE02FE02FE02FE02FE02FE023D
:10A32000FE02FE02FE02FE02FE02FE02FE02FE022D
:10A33000FE02FE02FE02FE02FE02FE02FE02FE021D
:10A34000FE02FE02FE02FE02FE02FE02FE02FE020D
:10A35000FE02FE02FE02FE02FE02FE02FE02FE02FD
:10A36000FE02FE02FE02FE02FE02FE02FE02FE02ED
:10A37000FE02FE02FE02FE02FE02FE02FE02FE02DD
:10A38000FE02FE02FE02FE02FE02FE02FE02FE02CD
:10A39000FE02FE02FE02FE02FE02FE02FE02FE02BD
:10A3A000FE02FE02FE02FE02FE02FE02FE02FE02AD
:10A3B000FE02FE02FE02FE02FE02FE02FE02FE029D
:10A3C000FE02FE02FE02FE02FE02FE02FE02FE028D
:10A3D000FE02FE02FE02FE02FE02FE02FE02FE027D
:10A3E000FE02FE02FE02FE02FE02FE02FE02FE026D
:10A3F000FE02FE02FE02FE02FE02FE02FE02FE025D
:10A40000FE02FE02FE02FE02FE02FE02FE02FE024C
:10A41000FE02FE02FE02FE02FE02FE02FE02FE023C
:10A42000FE02FE02FE02FE02FE02FE02FE02FE022C
:10A43000FE02FE02FE02FE02FE02FE02FE02FE021C
:10A44000FE02FE02FE02FE02FE02FE02FE02FE020C
:10A45000FE02FE02FE02FE02FE02FE02FE02FE02FC
:10A46000FE02FE02FE02FE02FE02FE02FE02FE02EC
:10A47000FE02FE02FE02FE02FE02FE02FE02FE02DC
:10A48000FE02FE02FE02FE02FE02FE02FE02FE02CC
:10A49000FE02FE02FE02FE02FE02FE02FE02FE02BC
:10A4A000FE02FE02FE02FE02FE02FE02FE02FE02AC
:10A4B000FE02FE02FE02FE02FE02FE02FE02FE029C
:10A4C000FE02FE02FE02FE02FE02FE02FE02FE028C
:10A4D000FE02FE02FE02FE02FE02FE02FE02FE027C
:10A4E000FE02FE02FE02FE02FE02FE02FE02FE026C
:10A4F000FE02FE02FE02FE02FE02FE02FE02FE025C
:10A50000FE02FE02FE02FE02FE02FE02FE02FE024B
:10A51000FE02FE02FE02FE02FE02FE02FE02FE023B
:10A52000FE02FE02FE02FE02FE02FE02FE02FE022B
:10A53000FE02FE02FE02FE02FE02FE02FE02FE021B
:10A54000FE02FE02FE02FE02FE02FE02FE02FE020B
:10A55000FE02FE02FE02FE02FE02FE02FE02FE02FB
:10A56000FE02FE02FE02FE02FE02FE02FE02FE02EB
:10A57000FE02FE02FE02FE02FE02FE02FE02FE02DB
:10A58000FE02FE02FE02FE02FE02FE02FE02FE02CB
:10A59000FE02FE02FE02FE02FE02FE02FE02FE02BB
:10A5A000FE02FE02FE02FE02FE02FE02FE02FE02AB
:10A5B000FE02FE02FE02FE02FE02FE02FE02FE029B
:10A5C000FE02FE02FE02FE02FE02FE02FE02FE028B
:10A5D000FE02FE02FE02FE02FE02FE02FE02FE027B
:10A5E000FE02FE02FE02FE02FE02FE02FE02FE026B
:10A5F000FE02FE02FE02FE02FE02FE02FE02FE025B
:10A60000FE02FE02FE02FE02FE02FE02FE02FE024A
:10A61000FE02FE02FE02FE02FE02FE02FE02FE023A
:10A62000FE02FE02FE02FE02FE02FE02FE02FE022A
:10A63000FE02FE02FE02FE02FE02FE02FE02FE021A
:10A64000FE02FE02FE02FE02FE02FE02FE02FE020A
:10A65000FE02FE02FE02FE02FE02FE02FE02FE02FA
:10A66000FE02FE02FE02FE02FE02FE02FE02FE02EA
:10A67000FE02FE02FE02FE02FE02FE02FE02FE02DA
:10A68000FE02FE02FE02FE02FE02FE02FE02FE02CA
:10A69000FE02FE02FE02FE02FE02FE02FE02FE02BA
:10A6A000FE02FE02FE02FE02FE02FE02FE02FE02AA
:10A6B000FE02FE02FE02FE02FE02FE02FE02FE029A
:10A6C000FE02FE02FE02FE02FE02FE02FE02FE028A
:10A6D000FE02FE02FE02FE02FE02FE02FE02FE027A
:10A6E000FE02FE02FE02FE02FE02FE02FE02FE026A
:10A6F000FE02FE02FE02FE02FE02FE02FE02FE025A
:10A70000FE02FE02FE02FE02FE02FE02FE02FE0249
:10A71000FE02FE02FE02FE02FE02FE02FE02FE0239
:10A72000FE02FE02FE02FE02FE02FE02FE02FE0229
:10A73000FE02FE02FE02FE02FE02FE02FE02FE0219
:10A74000FE02FE02FE02FE02FE02FE02FE02FE0209
:10A75000FE02FE02FE02FE02FE02FE02FE02FE02F9
:10A76000FE02FE02FE02FE02FE02FE02FE02FE02E9
:10A77000FE02FE02FE02FE02FE02FE02FE02FE02D9
:10A78000FE02FE02FE02FE02FE02FE02FE02FE02C9
:10A79000FE02FE02FE02FE02FE02FE02FE02FE02B9
:10A7A000FE02FE02FE02FE02FE02FE02FE02FE02A9
:10A7B000FE02FE02FE02FE02FE02FE02FE02FE0299
:10A7C000FE02FE02FE02FE02FE02FE02FE02FE0289
:10A7D000FE02FE02FE02FE02FE02FE02FE02FE0279
:10A7E000FE02FE02FE02FE02FE02FE02FE02FE0269
:10A7F000FE02FE02FE02FE02FE02FE02FE02FE0259
:10A80000FE02FE02FE02FE02FE02FE02FE02FE0248
:10A81000FE02FE02FE02FE02FE02FE02FE02FE0238
:10A82000FE02FE02FE02FE02FE02FE02FE02FE0228
:10A83000FE02FE02FE02FE02FE02FE02FE02FE0218
:10A84000FE02FE02FE02FE02FE02FE02FE02FE0208
:10A85000FE02FE02FE02FE02FE02FE02FE02FE02F8
:10A86000FE02FE02FE02FE02FE02FE02FE02FE02E8
:10A87000FE02FE02FE02FE02FE02FE02FE02FE02D8
:10A88000FE02FE02FE02FE02FE02FE02FE02FE02C8
:10A89000FE02FE02FE02FE02FE02FE02FE02FE02B8
:10A8A000FE02FE02FE02FE02FE02FE02FE02FE02A8
:10A8B000FE02FE02FE02FE02FE02FE02FE02FE0298
:10A8C000FE02FE02FE02FE02FE02FE02FE02FE0288
:10A8D000FE02FE02FE02FE02FE02FE02FE02FE0278
:10A8E000FE02FE02FE02FE02FE02FE02FE02FE0268
:10A8F000FE02FE02FE02FE02FE02FE02FE02FE0258
:10A90000FE02FE02FE02FE02FE02FE02FE02FE0247
:10A91000FE02FE02FE02FE02FE02FE02FE02FE0237
:10A92000FE02FE02FE02FE02FE02FE02FE02FE0227
:10A93000FE02FE02FE02FE02FE02FE02FE02FE0217
:10A94000FE02FE02FE02FE02FE02FE02FE02FE0207
:10A95000FE02FE02FE02FE02FE02FE02FE02FE02F7
:10A96000FE02FE02FE02FE02FE02FE02FE02FE02E7
:10A97000FE02FE02FE02FE02FE02FE02FE02FE02D7
:10A98000FE02FE02FE02FE02FE02FE02FE02FE02C7
:10A99000FE02FE02FE02FE02FE02FE02FE02FE02B7
:10A9A000FE02FE02FE02FE02FE02FE02FE02FE02A7
:10A9B000FE02FE02FE02FE02FE02FE02FE02FE0297
:10A9C000FE02FE02FE02FE02FE02FE02FE02FE0287
:10A9D000FE02FE02FE02FE02FE02FE02FE02FE0277
:10A9E000FE02FE02FE02FE02FE02FE02FE02FE0267
:10A9F000FE02FE02FE02FE02FE02FE02FE02FE0257
:10AA0000FE02FE02FE02FE02FE02FE02FE02FE0246
:10AA1000FE02FE02FE02FE02FE02FE02FE02FE0236
:10AA2000FE02FE02FE02FE02FE02FE02FE02FE0226
:10AA3000FE02FE02FE02FE02FE02FE02FE02FE0216
:10AA4000FE02FE02FE02FE02FE02FE02FE02FE0206
:10AA5000FE02FE02FE02FE02FE02FE02FE02FE02F6
:10AA6000FE02FE02FE02FE02FE02FE02FE02FE02E6
:10AA7000FE02FE02FE02FE02FE02FE02FE02FE02D6
:10AA8000FE02FE02FE02FE02FE02FE02FE02FE02C6
:10AA9000FE02FE02FE02FE02FE02FE02FE02FE02B6
:10AAA000FE02FE02FE02FE02FE02FE02FE02FE02A6
:10AAB000FE02FE02FE02FE02FE02FE02FE02FE0296
:10AAC000FE02FE02FE02FE02FE02FE02FE02FE0286
:10AAD000FE02FE02FE02FE02FE02FE02FE02FE0276
:10AAE000FE02FE02FE02FE02FE02FE02FE02FE0266
:10AAF000FE02FE02FE02FE02FE02FE02FE02FE0256
:10AB0000FE02FE02FE02FE02FE02FE02FE02FE0245
:10AB1000FE02FE02FE02FE02FE02FE02FE02FE0235
:10AB2000FE02FE02FE02FE02FE02FE02FE02FE0225
:10AB3000FE02FE02FE02FE02FE02FE02FE02FE0215
:10AB4000FE02FE02FE02FE02FE02FE02FE02FE0205
:10AB5000FE02FE02FE02FE02FE02FE02FE02FE02F5
:10AB6000FE02FE02FE02FE02FE02FE02FE02FE02E5
:10AB7000FE02FE02FE02FE02FE02FE02FE02FE02D5
:10AB8000FE02FE02FE02FE02FE02FE02FE02FE02C5
:10AB9000FE02FE02FE02FE02FE02FE02FE02FE02B5
:10ABA000FE02FE02FE02FE02FE02FE02FE02FE02A5
:10ABB000FE02FE02FE02FE02FE02FE02FE02FE0295
:10ABC000FE02FE02FE02FE02FE02FE02FE02FE0285
:10ABD000FE02FE02FE02FE02FE02FE02FE02FE0275
:10ABE000FE02FE02FE02FE02FE02FE02FE02FE0265
:10ABF000FE02FE02FE02FE02FE02FE02FE02FE0255
:10AC0000FE02FE02FE02FE02FE02FE02FE02FE0244
:10AC1000FE02FE02FE02FE02FE02FE02FE02FE0234
:10AC2000FE02FE02FE02FE02FE02FE02FE02FE0224
:10AC3000FE02FE02FE02FE02FE02FE02FE02FE0214
:10AC4000FE02FE02FE02FE02FE02FE02FE02FE0204
:10AC5000FE02FE02FE02FE02FE02FE02FE02FE02F4
:10AC6000FE02FE02FE02FE02FE02FE02FE02FE02E4
:10AC7000FE02FE02FE02FE02FE02FE02FE02FE02D4
:10AC8000FE02FE02FE02FE02FE02FE02FE02FE02C4
:10AC9000FE02FE02FE02FE02FE02FE02FE02FE02B4
:10ACA000FE02FE02FE02FE02FE02FE02FE02FE02A4
:10ACB000FE02FE02FE02FE02FE02FE02FE02FE0294
:10ACC000FE02FE02FE02FE02FE02FE02FE02FE0284
:10ACD000FE02FE02FE02FE02FE02FE02FE02FE0274
:10ACE000FE02FE02FE02FE02FE02FE02FE02FE0264
:10ACF000FE02FE02FE02FE02FE02FE02FE02FE0254
:10AD0000FE02FE02FE02FE02FE02FE02FE02FE0243
:10AD1000FE02FE02FE02FE02FE02FE02FE02FE0233
:10AD2000FE02FE02FE02FE02FE02FE02FE02FE0223
:10AD3000FE02FE02FE02FE02FE02FE02FE02FE0213
:10AD4000FE02FE02FE02FE02FE02FE02FE02FE0203
:10AD5000FE02FE02FE02FE02FE02FE02FE02FE02F3
:10AD6000FE02FE02FE02FE02FE02FE02FE02FE02E3
:10AD7000FE02FE02FE02FE02FE02FE02FE02FE02D3
:10AD8000FE02FE02FE02FE02FE02FE02FE02FE02C3
:10AD9000FE02FE02FE02FE02FE02FE02FE02FE02B3
:10ADA000FE02FE02FE02FE02FE02FE02FE02FE02A3
:10ADB000FE02FE02FE02FE02FE02FE02FE02FE0293
:10ADC000FE02FE02FE02FE02FE02FE02FE02FE0283
:10ADD000FE02FE02FE02FE02FE02FE02FE02FE0273
:10ADE000FE02FE02FE02FE02FE02FE02FE02FE0263
:10ADF000FE02FE02FE02FE02FE02FE02FE02FE0253
:10AE0000FE02FE02FE02FE02FE02FE02FE02FE0242
:10AE1000FE02FE02FE02FE02FE02FE02FE02FE0232
:10AE2000FE02FE02FE02FE02FE02FE02FE02FE0222
:10AE3000FE02FE02FE02FE02FE02FE02FE02FE0212
:10AE4000FE02FE02FE02FE02FE02FE02FE02FE0202
:10AE5000FE02FE02FE02FE02FE02FE02FE02FE02F2
:10AE6000FE02FE02FE02FE02FE02FE02FE02FE02E2
:10AE7000FE02FE02FE02FE02FE02FE02FE02FE02D2
:10AE8000FE02FE02FE02FE02FE02FE02FE02FE02C2
:10AE9000FE02FE02FE02FE02FE02FE02FE02FE02B2
:10AEA000FE02FE02FE02FE02FE02FE02FE02FE02A2
:10AEB000FE02FE02FE02FE02FE02FE02FE02FE0292
:10AEC000FE02FE02FE02FE02FE02FE02FE02FE0282
:10AED000FE02FE02FE02FE02FE02FE02FE02FE0272
:10AEE000FE02FE02FE02FE02FE02FE02FE02FE0262
:10AEF000FE02FE02FE02FE02FE02FE02FE02FE0252
:10AF0000FE02FE02FE02FE02FE02FE02FE02FE0241
:10AF1000FE02FE02FE02FE02FE02FE02FE02FE0231
:10AF2000FE02FE02FE02FE02FE02FE02FE02FE0221
:10AF3000FE02FE02FE02FE02FE02FE02FE02FE0211
:10AF4000FE02FE02FE02FE02FE02FE02FE02FE0201
:10AF5000FE02FE02FE02FE02FE02FE02FE02FE02F1
:10AF6000FE02FE02FE02FE02FE02FE02FE02FE02E1
:10AF7000FE02FE02FE02FE02FE02FE02FE02FE02D1
:10AF8000FE02FE02FE02FE02FE02FE02FE02FE02C1
:10AF9000FE02FE02FE02FE02FE02FE02FE02FE02B1
:10AFA000FE02FE02FE02FE02FE02FE02FE02FE02A1
:10AFB000FE02FE02FE02FE02FE02FE02FE02FE0291
:10AFC000FE02FE02FE02FE02FE02FE02FE02FE0281
:10AFD000FE02FE02FE02FE02FE02FE02FE02FE0271
:10AFE000FE02FE02FE02FE02FE02FE02FE02FE0261
:10AFF000FE02FE02FE02FE02FE02FE02FE02FE0251
:10B00000FE02FE02FE02FE02FE02FE02FE02FE0240
:10B01000FE02FE02FE02FE02FE02FE02FE02FE0230
:10B02000FE02FE02FE02FE02FE02FE02FE02FE0220
:10B03000FE02FE02FE02FE02FE02FE02FE02FE0210
:10B04000FE02FE02FE02FE02FE02FE02FE02FE0200
:10B05000FE02FE02FE02FE02FE02FE02FE02FE02F0
:10B06000FE02FE02FE02FE02FE02FE02FE02FE02E0
:10B07000FE02FE02FE02FE02FE02FE02FE02FE02D0
:10B08000FE02FE02FE02FE02FE02FE02FE02FE02C0
:10B09000FE02FE02FE02FE02FE02FE02FE02FE02B0
:10B0A000FE02FE02FE02FE02FE02FE02FE02FE02A0
:10B0B000FE02FE02FE02FE02FE02FE02FE02FE0290
:10B0C000FE02FE02FE02FE02FE02FE02FE02FE0280
:10B0D000FE02FE02FE02FE02FE02FE02FE02FE0270
:10B0E000FE02FE02FE02FE02FE02FE02FE02FE0260
:10B0F000FE02FE02FE02FE02FE02FE02FE02FE0250
:10B10000FE02FE02FE02FE02FE02FE02FE02FE023F
:10B11000FE02FE02FE02FE02FE02FE02FE02FE022F
:10B12000FE02FE02FE02FE02FE02FE02FE02FE021F
:10B13000FE02FE02FE02FE02FE02FE02FE02FE020F
:10B14000FE02FE02FE02FE02FE02FE02FE02FE02FF
:10B15000FE02FE02FE02FE02FE02FE02FE02FE02EF
:10B16000FE02FE02FE02FE02FE02FE02FE02FE02DF
:10B17000FE02FE02FE02FE02FE02FE02FE02FE02CF
:10B18000FE02FE02FE02FE02FE02FE02FE02FE02BF
:10B19000FE02FE02FE02FE02FE02FE02FE02FE02AF
:10B1A000FE02FE02FE02FE02FE02FE02FE02FE029F
:10B1B000FE02FE02FE02FE02FE02FE02FE02FE028F
:10B1C000FE02FE02FE02FE02FE02FE02FE02FE027F
:10B1D000FE02FE02FE02FE02FE02FE02FE02FE026F
:10B1E000FE02FE02FE02FE02FE02FE02FE02FE025F
:10B1F000FE02FE02FE02FE02FE02FE02FE02FE024F
:10B20000FE02FE02FE02FE02FE02FE02FE02FE023E
:10B21000FE02FE02FE02FE02FE02FE02FE02FE022E
:10B22000FE02FE02FE02FE02FE02FE02FE02FE021E
:10B23000FE02FE02FE02FE02FE02FE02FE02FE020E
:10B24000FE02FE02FE02FE02FE02FE02FE02FE02FE
:10B25000FE02FE02FE02FE02FE02FE02FE02FE02EE
:10B26000FE02FE02FE02FE02FE02FE02FE02FE02DE
:10B27000FE02FE02FE02FE02FE02FE02FE02FE02CE
:10B28000FE02FE02FE02FE02FE02FE02FE02FE02BE
:10B29000FE02FE02FE02FE02FE02FE02FE02FE02AE
:10B2A000FE02FE02FE02FE02FE02FE02FE02FE029E
:10B2B000FE02FE02FE02FE02FE02FE02FE02FE028E
:10B2C000FE02FE02FE02FE02FE02FE02FE02FE027E
:10B2D000FE02FE02FE02FE02FE02FE02FE02FE026E
:10B2E000FE02FE02FE02FE02FE02FE02FE02FE025E
:10B2F000FE02FE02FE02FE02FE02FE02FE02FE024E
:10B30000FE02FE02FE02FE02FE02FE02FE02FE023D
:10B31000FE02FE02FE02FE02FE02FE02FE02FE022D
:10B32000FE02FE02FE02FE02FE02FE02FE02FE021D
:10B33000FE02FE02FE02FE02FE02FE02FE02FE020D
:10B34000FE02FE02FE02FE02FE02FE02FE02FE02FD
:10B35000FE02FE02FE02FE02FE02FE02FE02FE02ED
:10B36000FE02FE02FE02FE02FE02FE02FE02FE02DD
:10B37000FE02FE02FE02FE02FE02FE02FE02FE02CD
:10B38000FE02FE02FE02FE02FE02FE02FE02FE02BD
:10B39000FE02FE02FE02FE02FE02FE02FE02FE02AD
:10B3A000FE02FE02FE02FE02FE02FE02FE02FE029D
:10B3B000FE02FE02FE02FE02FE02FE02FE02FE028D
:10B3C000FE02FE02FE02FE02FE02FE02FE02FE027D
:10B3D000FE02FE02FE02FE02FE02FE02FE02FE026D
:10B3E000FE02FE02FE02FE02FE02FE02FE02FE025D
:10B3F000FE02FE02FE02FE02FE02FE02FE02FE024D
:10B40000FE02FE02FE02FE02FE02FE02FE02FE023C
:10B41000FE02FE02FE02FE02FE02FE02FE02FE022C
:10B42000FE02FE02FE02FE02FE02FE02FE02FE021C
:10B43000FE02FE02FE02FE02FE02FE02FE02FE020C
:10B44000FE02FE02FE02FE02FE02FE02FE02FE02FC
:10B45000FE02FE02FE02FE02FE02FE02FE02FE02EC
:10B46000FE02FE02FE02FE02FE02FE02FE02FE02DC
:10B47000FE02FE02FE02FE02FE02FE02FE02FE02CC
:10B48000FE02FE02FE02FE02FE02FE02FE02FE02BC
:10B49000FE02FE02FE02FE02FE02FE02FE02FE02AC
:10B4A000FE02FE02FE02FE02FE02FE02FE02FE029C
:10B4B000FE02FE02FE02FE02FE02FE02FE02FE028C
:10B4C000FE02FE02FE02FE02FE02FE02FE02FE027C
:10B4D000FE02FE02FE02FE02FE02FE02FE02FE026C
:10B4E000FE02FE02FE02FE02FE02FE02FE02FE025C
:10B4F000FE02FE02FE02FE02FE02FE02FE02FE024C
:10B50000FE02FE02FE02FE02FE02FE02FE02FE023B
:10B51000FE02FE02FE02FE02FE02FE02FE02FE022B
:10B52000FE02FE02FE02FE02FE02FE02FE02FE021B
:10B53000FE02FE02FE02FE02FE02FE02FE02FE020B
:10B54000FE02FE02FE02FE02FE02FE02FE02FE02FB
:10B55000FE02FE02FE02FE02FE02FE02FE02FE02EB
:10B56000FE02FE02FE02FE02FE02FE02FE02FE02DB
:10B57000FE02FE02FE02FE02FE02FE02FE02FE02CB
:10B58000FE02FE02FE02FE02FE02FE02FE02FE02BB
:10B59000FE02FE02FE02FE02FE02FE02FE02FE02AB
:10B5A000FE02FE02FE02FE02FE02FE02FE02FE029B
:10B5B000FE02FE02FE02FE02FE02FE02FE02FE028B
:10B5C000FE02FE02FE02FE02FE02FE02FE02FE027B
:10B5D000FE02FE02FE02FE02FE02FE02FE02FE026B
:10B5E000FE02FE02FE02FE02FE02FE02FE02FE025B
:10B5F000FE02FE02FE02FE02FE02FE02FE02FE024B
:10B60000FE02FE02FE02FE02FE02FE02FE02FE023A
:10B61000FE02FE02FE02FE02FE02FE02FE02FE022A
:10B62000FE02FE02FE02FE02FE02FE02FE02FE021A
:10B63000FE02FE02FE02FE02FE02FE02FE02FE020A
:10B64000FE02FE02FE02FE02FE02FE02FE02FE02FA
:10B65000FE02FE02FE02FE02FE02FE02FE02FE02EA
:10B66000FE02FE02FE02FE02FE02FE02FE02FE02DA
:10B67000FE02FE02FE02FE02FE02FE02FE02FE02CA
:10B68000FE02FE02FE02FE02FE02FE02FE02FE02BA
:10B69000FE02FE02FE02FE02FE02FE02FE02FE02AA
:10B6A000FE02FE02FE02FE02FE02FE02FE02FE029A
:10B6B000FE02FE02FE02FE02FE02FE02FE02FE028A
:10B6C000FE02FE02FE02FE02FE02FE02FE02FE027A
:10B6D000FE02FE02FE02FE02FE02FE02FE02FE026A
:10B6E000FE02FE02FE02FE02FE02FE02FE02FE025A
:10B6F000FE02FE02FE02FE02FE02FE02FE02FE024A
:10B70000FE02FE02FE02FE02FE02FE02FE02FE0239
:10B71000FE02FE02FE02FE02FE02FE02FE02FE0229
:10B72000FE02FE02FE02FE02FE02FE02FE02FE0219
:10B73000FE02FE02FE02FE02FE02FE02FE02FE0209
:10B74000FE02FE02FE02FE02FE02FE02FE02FE02F9
:10B75000FE02FE02FE02FE02FE02FE02FE02FE02E9
:10B76000FE02FE02FE02FE02FE02FE02FE02FE02D9
:10B77000FE02FE02FE02FE02FE02FE02FE02FE02C9
:10B78000FE02FE02FE02FE02FE02FE02FE02FE02B9
:10B79000FE02FE02FE02FE02FE02FE02FE02FE02A9
:10B7A000FE02FE02FE02FE02FE02FE02FE02FE0299
:10B7B000FE02FE02FE02FE02FE02FE02FE02FE0289
:10B7C000FE02FE02FE02FE02FE02FE02FE02FE0279
:10B7D000FE02FE02FE02FE02FE02FE02FE02FE0269
:10B7E000FE02FE02FE02FE02FE02FE02FE02FE0259
:10B7F000FE02FE02FE02FE02FE02FE02FE02FE0249
:10B80000FE02FE02FE02FE02FE02FE02FE02FE0238
:10B81000FE02FE02FE02FE02FE02FE02FE02FE0228
:10B82000FE02FE02FE02FE02FE02FE02FE02FE0218
:10B83000FE02FE02FE02FE02FE02FE02FE02FE0208
:10B84000FE02FE02FE02FE02FE02FE02FE02FE02F8
:10B85000FE02FE02FE02FE02FE02FE02FE02FE02E8
:10B86000FE02FE02FE02FE02FE02FE02FE02FE02D8
:10B87000FE02FE02FE02FE02FE02FE02FE02FE02C8
:10B88000FE02FE02FE02FE02FE02FE02FE02FE02B8
:10B89000FE02FE02FE02FE02FE02FE02FE02FE02A8
:10B8A000FE02FE02FE02FE02FE02FE02FE02FE0298
:10B8B000FE02FE02FE02FE02FE02FE02FE02FE0288
:10B8C000FE02FE02FE02FE02FE02FE02FE02FE0278
:10B8D000FE02FE02FE02FE02FE02FE02FE02FE0268
:10B8E000FE02FE02FE02FE02FE02FE02FE02FE0258
:10B8F000FE02FE02FE02FE02FE02FE02FE02FE0248
:10B90000FE02FE02FE02FE02FE02FE02FE02FE0237
:10B91000FE02FE02FE02FE02FE02FE02FE02FE0227
:10B92000FE02FE02FE02FE02FE02FE02FE02FE0217
:10B93000FE02FE02FE02FE02FE02FE02FE02FE0207
:10B94000FE02FE02FE02FE02FE02FE02FE02FE02F7
:10B95000FE02FE02FE02FE02FE02FE02FE02FE02E7
:10B96000FE02FE02FE02FE02FE02FE02FE02FE02D7
:10B97000FE02FE02FE02FE02FE02FE02FE02FE02C7
:10B98000FE02FE02FE02FE02FE02FE02FE02FE02B7
:10B99000FE02FE02FE02FE02FE02FE02FE02FE02A7
:10B9A000FE02FE02FE02FE02FE02FE02FE02FE0297
:10B9B000FE02FE02FE02FE02FE02FE02FE02FE0287
:10B9C000FE02FE02FE02FE02FE02FE02FE02FE0277
:10B9D000FE02FE02FE02FE02FE02FE02FE02FE0267
:10B9E000FE02FE02FE02FE02FE02FE02FE02FE0257
:10B9F000FE02FE02FE02FE02FE02FE02FE02FE0247
:10BA0000FE02FE02FE02FE02FE02FE02FE02FE0236
:10BA1000FE02FE02FE02FE02FE02FE02FE02FE0226
:10BA2000FE02FE02FE02FE02FE02FE02FE02FE0216
:10BA3000FE02FE02FE02FE02FE02FE02FE02FE0206
:10BA4000FE02FE02FE02FE02FE02FE02FE02FE02F6
:10BA5000FE02FE02FE02FE02FE02FE02FE02FE02E6
:10BA6000FE02FE02FE02FE02FE02FE02FE02FE02D6
:10BA7000FE02FE02FE02FE02FE02FE02FE02FE02C6
:10BA8000FE02FE02FE02FE02FE02FE02FE02FE02B6
:10BA9000FE02FE02FE02FE02FE02FE02FE02FE02A6
:10BAA000FE02FE02FE02FE02FE02FE02FE02FE0296
:10BAB000FE02FE02FE02FE02FE02FE02FE02FE0286
:10BAC000FE02FE02FE02FE02FE02FE02FE02FE0276
:10BAD000FE02FE02FE02FE02FE02FE02FE02FE0266
:10BAE000FE02FE02FE02FE02FE02FE02FE02FE0256
:10BAF000FE02FE02FE02FE02FE02FE02FE02FE0246
:10BB0000FE02FE02FE02FE02FE02FE02FE02FE0235
:10BB1000FE02FE02FE02FE02FE02FE02FE02FE0225
:10BB2000FE02FE02FE02FE02FE02FE02FE02FE0215
:10BB3000FE02FE02FE02FE02FE02FE02FE02FE0205
:10BB4000FE02FE02FE02FE02FE02FE02FE02FE02F5
:10BB5000FE02FE02FE02FE02FE02FE02FE02FE02E5
:10BB6000FE02FE02FE02FE02FE02FE02FE02FE02D5
:10BB7000FE02FE02FE02FE02FE02FE02FE02FE02C5
:10BB8000FE02FE02FE02FE02FE02FE02FE02FE02B5
:10BB9000FE02FE02FE02FE02FE02FE02FE02FE02A5
:10BBA000FE02FE02FE02FE02FE02FE02FE02FE0295
:10BBB000FE02FE02FE02FE02FE02FE02FE02FE0285
:10BBC000FE02FE02FE02FE02FE02FE02FE02FE0275
:10BBD000FE02FE02FE02FE02FE02FE02FE02FE0265
:10BBE000FE02FE02FE02FE02FE02FE02FE02FE0255
:10BBF000FE02FE02FE02FE02FE02FE02FE02FE0245
:10BC0000FE02FE02FE02FE02FE02FE02FE02FE0234
:10BC1000FE02FE02FE02FE02FE02FE02FE02FE0224
:10BC2000FE02FE02FE02FE02FE02FE02FE02FE0214
:10BC3000FE02FE02FE02FE02FE02FE02FE02FE0204
:10BC4000FE02FE02FE02FE02FE02FE02FE02FE02F4
:10BC5000FE02FE02FE02FE02FE02FE02FE02FE02E4
:10BC6000FE02FE02FE02FE02FE02FE02FE02FE02D4
:10BC7000FE02FE02FE02FE02FE02FE02FE02FE02C4
:10BC8000FE02FE02FE02FE02FE02FE02FE02FE02B4
:10BC9000FE02FE02FE02FE02FE02FE02FE02FE02A4
:10BCA000FE02FE02FE02FE02FE02FE02FE02FE0294
:10BCB000FE02FE02FE02FE02FE02FE02FE02FE0284
:10BCC000FE02FE02FE02FE02FE02FE02FE02FE0274
:10BCD000FE02FE02FE02FE02FE02FE02FE02FE0264
:10BCE000FE02FE02FE02FE02FE02FE02FE02FE0254
:10BCF000FE02FE02FE02FE02FE02FE02FE02FE0244
:10BD0000FE02FE02FE02FE02FE02FE02FE02FE0233
:10BD1000FE02FE02FE02FE02FE02FE02FE02FE0223
:10BD2000FE02FE02FE02FE02FE02FE02FE02FE0213
:10BD3000FE02FE02FE02FE02FE02FE02FE02FE0203
:10BD4000FE02FE02FE02FE02FE02FE02FE02FE02F3
:10BD5000FE02FE02FE02FE02FE02FE02FE02FE02E3
:10BD6000FE02FE02FE02FE02FE02FE02FE02FE02D3
:10BD7000FE02FE02FE02FE02FE02FE02FE02FE02C3
:10BD8000FE02FE02FE02FE02FE02FE02FE02FE02B3
:10BD9000FE02FE02FE02FE02FE02FE02FE02FE02A3
:10BDA000FE02FE02FE02FE02FE02FE02FE02FE0293
:10BDB000FE02FE02FE02FE02FE02FE02FE02FE0283
:10BDC000FE02FE02FE02FE02FE02FE02FE02FE0273
:10BDD000FE02FE02FE02FE02FE02FE02FE02FE0263
:10BDE000FE02FE02FE02FE02FE02FE02FE02FE0253
:10BDF000FE02FE02FE02FE02FE02FE02FE02FE0243
:10BE0000FE02FE02FE02FE02FE02FE02FE02FE0232
:10BE1000FE02FE02FE02FE02FE02FE02FE02FE0222
:10BE2000FE02FE02FE02FE02FE02FE02FE02FE0212
:10BE3000FE02FE02FE02FE02FE02FE02FE02FE0202
:10BE4000FE02FE02FE02FE02FE02FE02FE02FE02F2
:10BE5000FE02FE02FE02FE02FE02FE02FE02FE02E2
:10BE6000FE02FE02FE02FE02FE02FE02FE02FE02D2
:10BE7000FE02FE02FE02FE02FE02FE02FE02FE02C2
:10BE8000FE02FE02FE02FE02FE02FE02FE02FE02B2
:10BE9000FE02FE02FE02FE02FE02FE02FE02FE02A2
:10BEA000FE02FE02FE02FE02FE02FE02FE02FE0292
:10BEB000FE02FE02FE02FE02FE02FE02FE02FE0282
:10BEC000FE02FE02FE02FE02FE02FE02FE02FE0272
:10BED000FE02FE02FE02FE02FE02FE02FE02FE0262
:10BEE000FE02FE02FE02FE02FE02FE02FE02FE0252
:10BEF000FE02FE02FE02FE02FE02FE02FE02FE0242
:10BF0000FE02FE02FE02FE02FE02FE02FE02FE0231
:10BF1000FE02FE02FE02FE02FE02FE02FE02FE0221
:10BF2000FE02FE02FE02FE02FE02FE02FE02FE0211
:10BF3000FE02FE02FE02FE02FE02FE02FE02FE0201
:10BF4000FE02FE02FE02FE02FE02FE02FE02FE02F1
:10BF5000FE02FE02FE02FE02FE02FE02FE02FE02E1
:10BF6000FE02FE02FE02FE02FE02FE02FE02FE02D1
:10BF7000FE02FE02FE02FE02FE02FE02FE02FE02C1
:10BF8000FE02FE02FE02FE02FE02FE02FE02FE02B1
:10BF9000FE02FE02FE02FE02FE02FE02FE02FE02A1
:10BFA000FE02FE02FE02FE02FE02FE02FE02FE0291
:10BFB000FE02FE02FE02FE02FE02FE02FE02FE0281
:10BFC000FE02FE02FE02FE02FE02FE02FE02FE0271
:10BFD000FE02FE02FE02FE02FE02FE02FE02FE0261
:10BFE000FE02FE02FE02FE02FE02FE02FE02FE0251
:10BFF000FE02FE02FE02FE02FE02FE02FE02FE0241
:10C00000FE02FE02FE02FE02FE02FE02FE02FE0230
:10C01000FE02FE02FE02FE02FE02FE02FE02FE0220
:10C02000FE02FE02FE02FE02FE02FE02FE02FE0210
:10C03000FE02FE02FE02FE02FE02FE02FE02FE0200
:10C04000FE02FE02FE02FE02FE02FE02FE02FE02F0
:10C05000FE02FE02FE02FE02FE02FE02FE02FE02E0
:10C06000FE02FE02FE02FE02FE02FE02FE02FE02D0
:10C07000FE02FE02FE02FE02FE02FE02FE02FE02C0
:10C08000FE02FE02FE02FE02FE02FE02FE02FE02B0
:10C09000FE02FE02FE02FE02FE02FE02FE02FE02A0
:10C0A000FE02FE02FE02FE02FE02FE02FE02FE0290
:10C0B000FE02FE02FE02FE02FE02FE02FE02FE0280
:10C0C000FE02FE02FE02FE02FE02FE02FE02FE0270
:10C0D000FE02FE02FE02FE02FE02FE02FE02FE0260
:10C0E000FE02FE02FE02FE02FE02FE02FE02FE0250
:10C0F000FE02FE02FE02FE02FE02FE02FE02FE0240
:10C10000FE02FE02FE02FE02FE02FE02FE02FE022F
:10C11000FE02FE02FE02FE02FE02FE02FE02FE021F
:10C12000FE02FE02FE02FE02FE02FE02FE02FE020F
:10C13000FE02FE02FE02FE02FE02FE02FE02FE02FF
:10C14000FE02FE02FE02FE02FE02FE02FE02FE02EF
:10C15000FE02FE02FE02FE02FE02FE02FE02FE02DF
:10C16000FE02FE02FE02FE02FE02FE02FE02FE02CF
:10C17000FE02FE02FE02FE02FE02FE02FE02FE02BF
:10C18000FE02FE02FE02FE02FE02FE02FE02FE02AF
:10C19000FE02FE02FE02FE02FE02FE02FE02FE029F
:10C1A000FE02FE02FE02FE02FE02FE02FE02FE028F
:10C1B000FE02FE02FE02FE02FE02FE02FE02FE027F
:10C1C000FE02FE02FE02FE02FE02FE02FE02FE026F
:10C1D000FE02FE02FE02FE02FE02FE02FE02FE025F
:10C1E000FE02FE02FE02FE02FE02FE02FE02FE024F
:10C1F000FE02FE02FE02FE02FE02FE02FE02FE023F
:10C20000FE02FE02FE02FE02FE02FE02FE02FE022E
:10C21000FE02FE02FE02FE02FE02FE02FE02FE021E
:10C22000FE02FE02FE02FE02FE02FE02FE02FE020E
:10C23000FE02FE02FE02FE02FE02FE02FE02FE02FE
:10C24000FE02FE02FE02FE02FE02FE02FE02FE02EE
:10C25000FE02FE02FE02FE02FE02FE02FE02FE02DE
:10C26000FE02FE02FE02FE02FE02FE02FE02FE02CE
:10C27000FE02FE02FE02FE02FE02FE02FE02FE02BE
:10C28000FE02FE02FE02FE02FE02FE02FE02FE02AE
:10C29000FE02FE02FE02FE02FE02FE02FE02FE029E
:10C2A000FE02FE02FE02FE02FE02FE02FE02FE028E
:10C2B000FE02FE02FE02FE02FE02FE02FE02FE027E
:10C2C000FE02FE02FE02FE02FE02FE02FE02FE026E
:10C2D000FE02FE02FE02FE02FE02FE02FE02FE025E
:10C2E000FE02FE02FE02FE02FE02FE02FE02FE024E
:10C2F000FE02FE02FE02FE02FE02FE02FE02FE023E
:10C30000FE02FE02FE02FE02FE02FE02FE02FE022D
:10C31000FE02FE02FE02FE02FE02FE02FE02FE021D
:10C32000FE02FE02FE02FE02FE02FE02FE02FE020D
:10C33000FE02FE02FE02FE02FE02FE02FE02FE02FD
:10C34000FE02FE02FE02FE02FE02FE02FE02FE02ED
:10C35000FE02FE02FE02FE02FE02FE02FE02FE02DD
:10C36000FE02FE02FE02FE02FE02FE02FE02FE02CD
:10C37000FE02FE02FE02FE02FE02FE02FE02FE02BD
:10C38000FE02FE02FE02FE02FE02FE02FE02FE02AD
:10C39000FE02FE02FE02FE02FE02FE02FE02FE029D
:10C3A000FE02FE02FE02FE02FE02FE02FE02FE028D
:10C3B000FE02FE02FE02FE02FE02FE02FE02FE027D
:10C3C000FE02FE02FE02FE02FE02FE02FE02FE026D
:10C3D000FE02FE02FE02FE02FE02FE02FE02FE025D
:10C3E000FE02FE02FE02FE02FE02FE02FE02FE024D
:10C3F000FE02FE02FE02FE02FE02FE02FE02FE023D
:10C40000FE02FE02FE02FE02FE02FE02FE02FE022C
:10C41000FE02FE02FE02FE02FE02FE02FE02FE021C
:10C42000FE02FE02FE02FE02FE02FE02FE02FE020C
:10C43000FE02FE02FE02FE02FE02FE02FE02FE02FC
:10C44000FE02FE02FE02FE02FE02FE02FE02FE02EC
:10C45000FE02FE02FE02FE02FE02FE02FE02FE02DC
:10C46000FE02FE02FE02FE02FE02FE02FE02FE02CC
:10C47000FE02FE02FE02FE02FE02FE02FE02FE02BC
:10C48000FE02FE02FE02FE02FE02FE02FE02FE02AC
:10C49000FE02FE02FE02FE02FE02FE02FE02FE029C
:10C4A000FE02FE02FE02FE02FE02FE02FE02FE028C
:10C4B000FE02FE02FE02FE02FE02FE02FE02FE027C
:10C4C000FE02FE02FE02FE02FE02FE02FE02FE026C
:10C4D000FE02FE02FE02FE02FE02FE02FE02FE025C
:10C4E000FE02FE02FE02FE02FE02FE02FE02FE024C
:10C4F000FE02FE02FE02FE02FE02FE02FE02FE023C
:10C50000FE02FE02FE02FE02FE02FE02FE02FE022B
:10C51000FE02FE02FE02FE02FE02FE02FE02FE021B
:10C52000FE02FE02FE02FE02FE02FE02FE02FE020B
:10C53000FE02FE02FE02FE02FE02FE02FE02FE02FB
:10C54000FE02FE02FE02FE02FE02FE02FE02FE02EB
:10C55000FE02FE02FE02FE02FE02FE02FE02FE02DB
:10C56000FE02FE02FE02FE02FE02FE02FE02FE02CB
:10C57000FE02FE02FE02FE02FE02FE02FE02FE02BB
:10C58000FE02FE02FE02FE02FE02FE02FE02FE02AB
:10C59000FE02FE02FE02FE02FE02FE02FE02FE029B
:10C5A000FE02FE02FE02FE02FE02FE02FE02FE028B
:10C5B000FE02FE02FE02FE02FE02FE02FE02FE027B
:10C5C000FE02FE02FE02FE02FE02FE02FE02FE026B
:10C5D000FE02FE02FE02FE02FE02FE02FE02FE025B
:10C5E000FE02FE02FE02FE02FE02FE02FE02FE024B
:10C5F000FE02FE02FE02FE02FE02FE02FE02FE023B
:10C60000FE02FE02FE02FE02FE02FE02FE02FE022A
:10C61000FE02FE02FE02FE02FE02FE02FE02FE021A
:10C62000FE02FE02FE02FE02FE02FE02FE02FE020A
:10C63000FE02FE02FE02FE02FE02FE02FE02FE02FA
:10C64000FE02FE02FE02FE02FE02FE02FE02FE02EA
:10C65000FE02FE02FE02FE02FE02FE02FE02FE02DA
:10C66000FE02FE02FE02FE02FE02FE02FE02FE02CA
:10C67000FE02FE02FE02FE02FE02FE02FE02FE02BA
:10C68000FE02FE02FE02FE02FE02FE02FE02FE02AA
:10C69000FE02FE02FE02FE02FE02FE02FE02FE029A
:10C6A000FE02FE02FE02FE02FE02FE02FE02FE028A
:10C6B000FE02FE02FE02FE02FE02FE02FE02FE027A
:10C6C000FE02FE02FE02FE02FE02FE02FE02FE026A
:10C6D000FE02FE02FE02FE02FE02FE02FE02FE025A
:10C6E000FE02FE02FE02FE02FE02FE02FE02FE024A
:10C6F000FE02FE02FE02FE02FE02FE02FE02FE023A
:10C70000FE02FE02FE02FE02FE02FE02FE02FE0229
:10C71000FE02FE02FE02FE02FE02FE02FE02FE0219
:10C72000FE02FE02FE02FE02FE02FE02FE02FE0209
:10C73000FE02FE02FE02FE02FE02FE02FE02FE02F9
:10C74000FE02FE02FE02FE02FE02FE02FE02FE02E9
:10C75000FE02FE02FE02FE02FE02FE02FE02FE02D9
:10C76000FE02FE02FE02FE02FE02FE02FE02FE02C9
:10C77000FE02FE02FE02FE02FE02FE02FE02FE02B9
:10C78000FE02FE02FE02FE02FE02FE02FE02FE02A9
:10C79000FE02FE02FE02FE02FE02FE02FE02FE0299
:10C7A000FE02FE02FE02FE02FE02FE02FE02FE0289
:10C7B000FE02FE02FE02FE02FE02FE02FE02FE0279
:10C7C000FE02FE02FE02FE02FE02FE02FE02FE0269
:10C7D000FE02FE02FE02FE02FE02FE02FE02FE0259
:10C7E000FE02FE02FE02FE02FE02FE02FE02FE0249
:10C7F000FE02FE02FE02FE02FE02FE02FE02FE0239
:10C80000FE02FE02FE02FE02FE02FE02FE02FE0228
:10C81000FE02FE02FE02FE02FE02FE02FE02FE0218
:10C82000FE02FE02FE02FE02FE02FE02FE02FE0208
:10C83000FE02FE02FE02FE02FE02FE02FE02FE02F8
:10C84000FE02FE02FE02FE02FE02FE02FE02FE02E8
:10C85000FE02FE02FE02FE02FE02FE02FE02FE02D8
:10C86000FE02FE02FE02FE02FE02FE02FE02FE02C8
:10C87000FE02FE02FE02FE02FE02FE02FE02FE02B8
:10C88000FE02FE02FE02FE02FE02FE02FE02FE02A8
:10C89000FE02FE02FE02FE02FE02FE02FE02FE0298
:10C8A000FE02FE02FE02FE02FE02FE02FE02FE0288
:10C8B000FE02FE02FE02FE02FE02FE02FE02FE0278
:10C8C000FE02FE02FE02FE02FE02FE02FE02FE0268
:10C8D000FE02FE02FE02FE02FE02FE02FE02FE0258
:10C8E000FE02FE02FE02FE02FE02FE02FE02FE0248
:10C8F000FE02FE02FE02FE02FE02FE02FE02FE0238
:10C90000FE02FE02FE02FE02FE02FE02FE02FE0227
:10C91000FE02FE02FE02FE02FE02FE02FE02FE0217
:10C92000FE02FE02FE02FE02FE02FE02FE02FE0207
:10C93000FE02FE02FE02FE02FE02FE02FE02FE02F7
:10C94000FE02FE02FE02FE02FE02FE02FE02FE02E7
:10C95000FE02FE02FE02FE02FE02FE02FE02FE02D7
:10C96000FE02FE02FE02FE02FE02FE02FE02FE02C7
:10C97000FE02FE02FE02FE02FE02FE02FE02FE02B7
:10C98000FE02FE02FE02FE02FE02FE02FE02FE02A7
:10C99000FE02FE02FE02FE02FE02FE02FE02FE0297
:10C9A000FE02FE02FE02FE02FE02FE02FE02FE0287
:10C9B000FE02FE02FE02FE02FE02FE02FE02FE0277
:10C9C000FE02FE02FE02FE02FE02FE02FE02FE0267
:10C9D000FE02FE02FE02FE02FE02FE02FE02FE0257
:10C9E000FE02FE02FE02FE02FE02FE02FE02FE0247
:10C9F000FE02FE02FE02FE02FE02FE02FE02FE0237
:10CA0000FE02FE02FE02FE02FE02FE02FE02FE0226
:10CA1000FE02FE02FE02FE02FE02FE02FE02FE0216
:10CA2000FE02FE02FE02FE02FE02FE02FE02FE0206
:10CA3000FE02FE02FE02FE02FE02FE02FE02FE02F6
:10CA4000FE02FE02FE02FE02FE02FE02FE02FE02E6
:10CA5000FE02FE02FE02FE02FE02FE02FE02FE02D6
:10CA6000FE02FE02FE02FE02FE02FE02FE02FE02C6
:10CA7000FE02FE02FE02FE02FE02FE02FE02FE02B6
:10CA8000FE02FE02FE02FE02FE02FE02FE02FE02A6
:10CA9000FE02FE02FE02FE02FE02FE02FE02FE0296
:10CAA000FE02FE02FE02FE02FE02FE02FE02FE0286
:10CAB000FE02FE02FE02FE02FE02FE02FE02FE0276
:10CAC000FE02FE02FE02FE02FE02FE02FE02FE0266
:10CAD000FE02FE02FE02FE02FE02FE02FE02FE0256
:10CAE000FE02FE02FE02FE02FE02FE02FE02FE0246
:10CAF000FE02FE02FE02FE02FE02FE02FE02FE0236
:10CB0000FE02FE02FE02FE02FE02FE02FE02FE0225
:10CB1000FE02FE02FE02FE02FE02FE02FE02FE0215
:10CB2000FE02FE02FE02FE02FE02FE02FE02FE0205
:10CB3000FE02FE02FE02FE02FE02FE02FE02FE02F5
:10CB4000FE02FE02FE02FE02FE02FE02FE02FE02E5
:10CB5000FE02FE02FE02FE02FE02FE02FE02FE02D5
:10CB6000FE02FE02FE02FE02FE02FE02FE02FE02C5
:10CB7000FE02FE02FE02FE02FE02FE02FE02FE02B5
:10CB8000FE02FE02FE02FE02FE02FE02FE02FE02A5
:10CB9000FE02FE02FE02FE02FE02FE02FE02FE0295
:10CBA000FE02FE02FE02FE02FE02FE02FE02FE0285
:10CBB000FE02FE02FE02FE02FE02FE02FE02FE0275
:10CBC000FE02FE02FE02FE02FE02FE02FE02FE0265
:10CBD000FE02FE02FE02FE02FE02FE02FE02FE0255
:10CBE000FE02FE02FE02FE02FE02FE02FE02FE0245
:10CBF000FE02FE02FE02FE02FE02FE02FE02FE0235
:10CC0000FE02FE02FE02FE02FE02FE02FE02FE0224
:10CC1000FE02FE02FE02FE02FE02FE02FE02FE0214
:10CC2000FE02FE02FE02FE02FE02FE02FE02FE0204
:10CC3000FE02FE02FE02FE02FE02FE02FE02FE02F4
:10CC4000FE02FE02FE02FE02FE02FE02FE02FE02E4
:10CC5000FE02FE02FE02FE02FE02FE02FE02FE02D4
:10CC6000FE02FE02FE02FE02FE02FE02FE02FE02C4
:10CC7000FE02FE02FE02FE02FE02FE02FE02FE02B4
:10CC8000FE02FE02FE02FE02FE02FE02FE02FE02A4
:10CC9000FE02FE02FE02FE02FE02FE02FE02FE0294
:10CCA000FE02FE02FE02FE02FE02FE02FE02FE0284
:10CCB000FE02FE02FE02FE02FE02FE02FE02FE0274
:10CCC000FE02FE02FE02FE02FE02FE02FE02FE0264
:10CCD000FE02FE02FE02FE02FE02FE02FE02FE0254
:10CCE000FE02FE02FE02FE02FE02FE02FE02FE0244
:10CCF000FE02FE02FE02FE02FE02FE02FE02FE0234
:10CD0000FE02FE02FE02FE02FE02FE02FE02FE0223
:10CD1000FE02FE02FE02FE02FE02FE02FE02FE0213
:10CD2000FE02FE02FE02FE02FE02FE02FE02FE0203
:10CD3000FE02FE02FE02FE02FE02FE02FE02FE02F3
:10CD4000FE02FE02FE02FE02FE02FE02FE02FE02E3
:10CD5000FE02FE02FE02FE02FE02FE02FE02FE02D3
:10CD6000FE02FE02FE02FE02FE02FE02FE02FE02C3
:10CD7000FE02FE02FE02FE02FE02FE02FE02FE02B3
:10CD8000FE02FE02FE02FE02FE02FE02FE02FE02A3
:10CD9000FE02FE02FE02FE02FE02FE02FE02FE0293
:10CDA000FE02FE02FE02FE02FE02FE02FE02FE0283
:10CDB000FE02FE02FE02FE02FE02FE02FE02FE0273
:10CDC000FE02FE02FE02FE02FE02FE02FE02FE0263
:10CDD000FE02FE02FE02FE02FE02FE02FE02FE0253
:10CDE000FE02FE02FE02FE02FE02FE02FE02FE0243
:10CDF000FE02FE02FE02FE02FE02FE02FE02FE0233
:10CE0000FE02FE02FE02FE02FE02FE02FE02FE0222
:10CE1000FE02FE02FE02FE02FE02FE02FE02FE0212
:10CE2000FE02FE02FE02FE02FE02FE02FE02FE0202
:10CE3000FE02FE02FE02FE02FE02FE02FE02FE02F2
:10CE4000FE02FE02FE02FE02FE02FE02FE02FE02E2
:10CE5000FE02FE02FE02FE02FE02FE02FE02FE02D2
:10CE6000FE02FE02FE02FE02FE02FE02FE02FE02C2
:10CE7000FE02FE02FE02FE02FE02FE02FE02FE02B2
:10CE8000FE02FE02FE02FE02FE02FE02FE02FE02A2
:10CE9000FE02FE02FE02FE02FE02FE02FE02FE0292
:10CEA000FE02FE02FE02FE02FE02FE02FE02FE0282
:10CEB000FE02FE02FE02FE02FE02FE02FE02FE0272
:10CEC000FE02FE02FE02FE02FE02FE02FE02FE0262
:10CED000FE02FE02FE02FE02FE02FE02FE02FE0252
:10CEE000FE02FE02FE02FE02FE02FE02FE02FE0242
:10CEF000FE02FE02FE02FE02FE02FE02FE02FE0232
:10CF0000FE02FE02FE02FE02FE02FE02FE02FE0221
:10CF1000FE02FE02FE02FE02FE02FE02FE02FE0211
:10CF2000FE02FE02FE02FE02FE02FE02FE02FE0201
:10CF3000FE02FE02FE02FE02FE02FE02FE02FE02F1
:10CF4000FE02FE02FE02FE02FE02FE02FE02FE02E1
:10CF5000FE02FE02FE02FE02FE02FE02FE02FE02D1
:10CF6000FE02FE02FE02FE02FE02FE02FE02FE02C1
:10CF7000FE02FE02FE02FE02FE02FE02FE02FE02B1
:10CF8000FE02FE02FE02FE02FE02FE02FE02FE02A1
:10CF9000FE02FE02FE02FE02FE02FE02FE02FE0291
:10CFA000FE02FE02FE02FE02FE02FE02FE02FE0281
:10CFB000FE02FE02FE02FE02FE02FE02FE02FE0271
:10CFC000FE02FE02FE02FE02FE02FE02FE02FE0261
:10CFD000FE02FE02FE02FE02FE02FE02FE02FE0251
:10CFE000FE02FE02FE02FE02FE02FE02FE02FE0241
:10CFF000FE02FE02FE02FE02FE02FE02FE02FE0231
:10D00000FE02FE02FE02FE02FE02FE02FE02FE0220
:10D01000FE02FE02FE02FE02FE02FE02FE02FE0210
:10D02000FE02FE02FE02FE02FE02FE02FE02FE0200
:10D03000FE02FE02FE02FE02FE02FE02FE02FE02F0
:10D04000FE02FE02FE02FE02FE02FE02FE02FE02E0
:10D05000FE02FE02FE02FE02FE02FE02FE02FE02D0
:10D06000FE02FE02FE02FE02FE02FE02FE02FE02C0
:10D07000FE02FE02FE02FE02FE02FE02FE02FE02B0
:10D08000FE02FE02FE02FE02FE02FE02FE02FE02A0
:10D09000FE02FE02FE02FE02FE02FE02FE02FE0290
:10D0A000FE02FE02FE02FE02FE02FE02FE02FE0280
:10D0B000FE02FE02FE02FE02FE02FE02FE02FE0270
:10D0C000FE02FE02FE02FE02FE02FE02FE02FE0260
:10D0D000FE02FE02FE02FE02FE02FE02FE02FE0250
:10D0E000FE02FE02FE02FE02FE02FE02FE02FE0240
:10D0F000FE02FE02FE02FE02FE02FE02FE02FE0230
:10D10000FE02FE02FE02FE02FE02FE02FE02FE021F
:10D11000FE02FE02FE02FE02FE02FE02FE02FE020F
:10D12000FE02FE02FE02FE02FE02FE02FE02FE02FF
:10D13000FE02FE02FE02FE02FE02FE02FE02FE02EF
:10D14000FE02FE02FE02FE02FE02FE02FE02FE02DF
:10D15000FE02FE02FE02FE02FE02FE02FE02FE02CF
:10D16000FE02FE02FE02FE02FE02FE02FE02FE02BF
:10D17000FE02FE02FE02FE02FE02FE02FE02FE02AF
:10D18000FE02FE02FE02FE02FE02FE02FE02FE029F
:10D19000FE02FE02FE02FE02FE02FE02FE02FE028F
:10D1A000FE02FE02FE02FE02FE02FE02FE02FE027F
:10D1B000FE02FE02FE02FE02FE02FE02FE02FE026F
:10D1C000FE02FE02FE02FE02FE02FE02FE02FE025F
:10D1D000FE02FE02FE02FE02FE02FE02FE02FE024F
:10D1E000FE02FE02FE02FE02FE02FE02FE02FE023F
:10D1F000FE02FE02FE02FE02FE02FE02FE02FE022F
:10D20000FE02FE02FE02FE02FE02FE02FE02FE021E
:10D21000FE02FE02FE02FE02FE02FE02FE02FE020E
:10D22000FE02FE02FE02FE02FE02FE02FE02FE02FE
:10D23000FE02FE02FE02FE02FE02FE02FE02FE02EE
:10D24000FE02FE02FE02FE02FE02FE02FE02FE02DE
:10D25000FE02FE02FE02FE02FE02FE02FE02FE02CE
:10D26000FE02FE02FE02FE02FE02FE02FE02FE02BE
:10D27000FE02FE02FE02FE02FE02FE02FE02FE02AE
:10D28000FE02FE02FE02FE02FE02FE02FE02FE029E
:10D29000FE02FE02FE02FE02FE02FE02FE02FE028E
:10D2A000FE02FE02FE02FE02FE02FE02FE02FE027E
:10D2B000FE02FE02FE02FE02FE02FE02FE02FE026E
:10D2C000FE02FE02FE02FE02FE02FE02FE02FE025E
:10D2D000FE02FE02FE02FE02FE02FE02FE02FE024E
:10D2E000FE02FE02FE02FE02FE02FE02FE02FE023E
:10D2F000FE02FE02FE02FE02FE02FE02FE02FE022E
:10D30000FE02FE02FE02FE02FE02FE02FE02FE021D
:10D31000FE02FE02FE02FE02FE02FE02FE02FE020D
:10D32000FE02FE02FE02FE02FE02FE02FE02FE02FD
:10D33000FE02FE02FE02FE02FE02FE02FE02FE02ED
:10D34000FE02FE02FE02FE02FE02FE02FE02FE02DD
:10D35000FE02FE02FE02FE02FE02FE02FE02FE02CD
:10D36000FE02FE02FE02FE02FE02FE02FE02FE02BD
:10D37000FE02FE02FE02FE02FE02FE02FE02FE02AD
:10D38000FE02FE02FE02FE02FE02FE02FE02FE029D
:10D39000FE02FE02FE02FE02FE02FE02FE02FE028D
:10D3A000FE02FE02FE02FE02FE02FE02FE02FE027D
:10D3B000FE02FE02FE02FE02FE02FE02FE02FE026D
:10D3C000FE02FE02FE02FE02FE02FE02FE02FE025D
:10D3D000FE02FE02FE02FE02FE02FE02FE02FE024D
:10D3E000FE02FE02FE02FE02FE02FE02FE02FE023D
:10D3F000FE02FE02FE02FE02FE02FE02FE02FE022D
:10D40000FE02FE02FE02FE02FE02FE02FE02FE021C
:10D41000FE02FE02FE02FE02FE02FE02FE02FE020C
:10D42000FE02FE02FE02FE02FE02FE02FE02FE02FC
:10D43000FE02FE02FE02FE02FE02FE02FE02FE02EC
:10D44000FE02FE02FE02FE02FE02FE02FE02FE02DC
:10D45000FE02FE02FE02FE02FE02FE02FE02FE02CC
:10D46000FE02FE02FE02FE02FE02FE02FE02FE02BC
:10D47000FE02FE02FE02FE02FE02FE02FE02FE02AC
:10D48000FE02FE02FE02FE02FE02FE02FE02FE029C
:10D49000FE02FE02FE02FE02FE02FE02FE02FE028C
:10D4A000FE02FE02FE02FE02FE02FE02FE02FE027C
:10D4B000FE02FE02FE02FE02FE02FE02FE02FE026C
:10D4C000FE02FE02FE02FE02FE02FE02FE02FE025C
:10D4D000FE02FE02FE02FE02FE02FE02FE02FE024C
:10D4E000FE02FE02FE02FE02FE02FE02FE02FE023C
:10D4F000FE02FE02FE02FE02FE02FE02FE02FE022C
:10D50000FE02FE02FE02FE02FE02FE02FE02FE021B
:10D51000FE02FE02FE02FE02FE02FE02FE02FE020B
:10D52000FE02FE02FE02FE02FE02FE02FE02FE02FB
:10D53000FE02FE02FE02FE02FE02FE02FE02FE02EB
:10D54000FE02FE02FE02FE02FE02FE02FE02FE02DB
:10D55000FE02FE02FE02FE02FE02FE02FE02FE02CB
:10D56000FE02FE02FE02FE02FE02FE02FE02FE02BB
:10D57000FE02FE02FE02FE02FE02FE02FE02FE02AB
:10D58000FE02FE02FE02FE02FE02FE02FE02FE029B
:10D59000FE02FE02FE02FE02FE02FE02FE02FE028B
:10D5A000FE02FE02FE02FE02FE02FE02FE02FE027B
:10D5B000FE02FE02FE02FE02FE02FE02FE02FE026B
:10D5C000FE02FE02FE02FE02FE02FE02FE02FE025B
:10D5D000FE02FE02FE02FE02FE02FE02FE02FE024B
:10D5E000FE02FE02FE02FE02FE02FE02FE02FE023B
:10D5F000FE02FE02FE02FE02FE02FE02FE02FE022B
:10D60000FE02FE02FE02FE02FE02FE02FE02FE021A
:10D61000FE02FE02FE02FE02FE02FE02FE02FE020A
:10D62000FE02FE02FE02FE02FE02FE02FE02FE02FA
:10D63000FE02FE02FE02FE02FE02FE02FE02FE02EA
:10D64000FE02FE02FE02FE02FE02FE02FE02FE02DA
:10D65000FE02FE02FE02FE02FE02FE02FE02FE02CA
:10D66000FE02FE02FE02FE02FE02FE02FE02FE02BA
:10D67000FE02FE02FE02FE02FE02FE02FE02FE02AA
:10D68000FE02FE02FE02FE02FE02FE02FE02FE029A
:10D69000FE02FE02FE02FE02FE02FE02FE02FE028A
:10D6A000FE02FE02FE02FE02FE02FE02FE02FE027A
:10D6B000FE02FE02FE02FE02FE02FE02FE02FE026A
:10D6C000FE02FE02FE02FE02FE02FE02FE02FE025A
:10D6D000FE02FE02FE02FE02FE02FE02FE02FE024A
:10D6E000FE02FE02FE02FE02FE02FE02FE02FE023A
:10D6F000FE02FE02FE02FE02FE02FE02FE02FE022A
:10D70000FE02FE02FE02FE02FE02FE02FE02FE0219
:10D71000FE02FE02FE02FE02FE02FE02FE02FE0209
:10D72000FE02FE02FE02FE02FE02FE02FE02FE02F9
:10D73000FE02FE02FE02FE02FE02FE02FE02FE02E9
:10D74000FE02FE02FE02FE02FE02FE02FE02FE02D9
:10D75000FE02FE02FE02FE02FE02FE02FE02FE02C9
:10D76000FE02FE02FE02FE02FE02FE02FE02FE02B9
:10D77000FE02FE02FE02FE02FE02FE02FE02FE02A9
:10D78000FE02FE02FE02FE02FE02FE02FE02FE0299
:10D79000FE02FE02FE02FE02FE02FE02FE02FE0289
:10D7A000FE02FE02FE02FE02FE02FE02FE02FE0279
:10D7B000FE02FE02FE02FE02FE02FE02FE02FE0269
:10D7C000FE02FE02FE02FE02FE02FE02FE02FE0259
:10D7D000FE02FE02FE02FE02FE02FE02FE02FE0249
:10D7E000FE02FE02FE02FE02FE02FE02FE02FE0239
:10D7F000FE02FE02FE02FE02FE02FE02FE02FE0229
:10D80000FE02FE02FE02FE02FE02FE02FE02FE0218
:10D81000FE02FE02FE02FE02FE02FE02FE02FE0208
:10D82000FE02FE02FE02FE02FE02FE02FE02FE02F8
:10D83000FE02FE02FE02FE02FE02FE02FE02FE02E8
:10D84000FE02FE02FE02FE02FE02FE02FE02FE02D8
:10D85000FE02FE02FE02FE02FE02FE02FE02FE02C8
:10D86000FE02FE02FE02FE02FE02FE02FE02FE02B8
:10D87000FE02FE02FE02FE02FE02FE02FE02FE02A8
:10D88000FE02FE02FE02FE02FE02FE02FE02FE0298
:10D89000FE02FE02FE02FE02FE02FE02FE02FE0288
:10D8A000FE02FE02FE02FE02FE02FE02FE02FE0278
:10D8B000FE02FE02FE02FE02FE02FE02FE02FE0268
:10D8C000FE02FE02FE02FE02FE02FE02FE02FE0258
:10D8D000FE02FE02FE02FE02FE02FE02FE02FE0248
:10D8E000FE02FE02FE02FE02FE02FE02FE02FE0238
:10D8F000FE02FE02FE02FE02FE02FE02FE02FE0228
:10D90000FE02FE02FE02FE02FE02FE02FE02FE0217
:10D91000FE02FE02FE02FE02FE02FE02FE02FE0207
:10D92000FE02FE02FE02FE02FE02FE02FE02FE02F7
:10D93000FE02FE02FE02FE02FE02FE02FE02FE02E7
:10D94000FE02FE02FE02FE02FE02FE02FE02FE02D7
:10D95000FE02FE02FE02FE02FE02FE02FE02FE02C7
:10D96000FE02FE02FE02FE02FE02FE02FE02FE02B7
:10D97000FE02FE02FE02FE02FE02FE02FE02FE02A7
:10D98000FE02FE02FE02FE02FE02FE02FE02FE0297
:10D99000FE02FE02FE02FE02FE02FE02FE02FE0287
:10D9A000FE02FE02FE02FE02FE02FE02FE02FE0277
:10D9B000FE02FE02FE02FE02FE02FE02FE02FE0267
:10D9C000FE02FE02FE02FE02FE02FE02FE02FE0257
:10D9D000FE02FE02FE02FE02FE02FE02FE02FE0247
:10D9E000FE02FE02FE02FE02FE02FE02FE02FE0237
:10D9F000FE02FE02FE02FE02FE02FE02FE02FE0227
:10DA0000FE02FE02FE02FE02FE02FE02FE02FE0216
:10DA1000FE02FE02FE02FE02FE02FE02FE02FE0206
:10DA2000FE02FE02FE02FE02FE02FE02FE02FE02F6
:10DA3000FE02FE02FE02FE02FE02FE02FE02FE02E6
:10DA4000FE02FE02FE02FE02FE02FE02FE02FE02D6
:10DA5000FE02FE02FE02FE02FE02FE02FE02FE02C6
:10DA6000FE02FE02FE02FE02FE02FE02FE02FE02B6
:10DA7000FE02FE02FE02FE02FE02FE02FE02FE02A6
:10DA8000FE02FE02FE02FE02FE02FE02FE02FE0296
:10DA9000FE02FE02FE02FE02FE02FE02FE02FE0286
:10DAA000FE02FE02FE02FE02FE02FE02FE02FE0276
:10DAB000FE02FE02FE02FE02FE02FE02FE02FE0266
:10DAC000FE02FE02FE02FE02FE02FE02FE02FE0256
:10DAD000FE02FE02FE02FE02FE02FE02FE02FE0246
:10DAE000FE02FE02FE02FE02FE02FE02FE02FE0236
:10DAF000FE02FE02FE02FE02FE02FE02FE02FE0226
:10DB0000FE02FE02FE02FE02FE02FE02FE02FE0215
:10DB1000FE02FE02FE02FE02FE02FE02FE02FE0205
:10DB2000FE02FE02FE02FE02FE02FE02FE02FE02F5
:10DB3000FE02FE02FE02FE02FE02FE02FE02FE02E5
:10DB4000FE02FE02FE02FE02FE02FE02FE02FE02D5
:10DB5000FE02FE02FE02FE02FE02FE02FE02FE02C5
:10DB6000FE02FE02FE02FE02FE02FE02FE02FE02B5
:10DB7000FE02FE02FE02FE02FE02FE02FE02FE02A5
:10DB8000FE02FE02FE02FE02FE02FE02FE02FE0295
:10DB9000FE02FE02FE02FE02FE02FE02FE02FE0285
:10DBA000FE02FE02FE02FE02FE02FE02FE02FE0275
:10DBB000FE02FE02FE02FE02FE02FE02FE02FE0265
:10DBC000FE02FE02FE02FE02FE02FE02FE02FE0255
:10DBD000FE02FE02FE02FE02FE02FE02FE02FE0245
:10DBE000FE02FE02FE02FE02FE02FE02FE02FE0235
:10DBF000FE02FE02FE02FE02FE02FE02FE02FE0225
:10DC0000FE02FE02FE02FE02FE02FE02FE02FE0214
:10DC1000FE02FE02FE02FE02FE02FE02FE02FE0204
:10DC2000FE02FE02FE02FE02FE02FE02FE02FE02F4
:10DC3000FE02FE02FE02FE02FE02FE02FE02FE02E4
:10DC4000FE02FE02FE02FE02FE02FE02FE02FE02D4
:10DC5000FE02FE02FE02FE02FE02FE02FE02FE02C4
:10DC6000FE02FE02FE02FE02FE02FE02FE02FE02B4
:10DC7000FE02FE02FE02FE02FE02FE02FE02FE02A4
:10DC8000FE02FE02FE02FE02FE02FE02FE02FE0294
:10DC9000FE02FE02FE02FE02FE02FE02FE02FE0284
:10DCA000FE02FE02FE02FE02FE02FE02FE02FE0274
:10DCB000FE02FE02FE02FE02FE02FE02FE02FE0264
:10DCC000FE02FE02FE02FE02FE02FE02FE02FE0254
:10DCD000FE02FE02FE02FE02FE02FE02FE02FE0244
:10DCE000FE02FE02FE02FE02FE02FE02FE02FE0234
:10DCF000FE02FE02FE02FE02FE02FE02FE02FE0224
:10DD0000FE02FE02FE02FE02FE02FE02FE02FE0213
:10DD1000FE02FE02FE02FE02FE02FE02FE02FE0203
:10DD2000FE02FE02FE02FE02FE02FE02FE02FE02F3
:10DD3000FE02FE02FE02FE02FE02FE02FE02FE02E3
:10DD4000FE02FE02FE02FE02FE02FE02FE02FE02D3
:10DD5000FE02FE02FE02FE02FE02FE02FE02FE02C3
:10DD6000FE02FE02FE02FE02FE02FE02FE02FE02B3
:10DD7000FE02FE02FE02FE02FE02FE02FE02FE02A3
:10DD8000FE02FE02FE02FE02FE02FE02FE02FE0293
:10DD9000FE02FE02FE02FE02FE02FE02FE02FE0283
:10DDA000FE02FE02FE02FE02FE02FE02FE02FE0273
:10DDB000FE02FE02FE02FE02FE02FE02FE02FE0263
:10DDC000FE02FE02FE02FE02FE02FE02FE02FE0253
:10DDD000FE02FE02FE02FE02FE02FE02FE02FE0243
:10DDE000FE02FE02FE02FE02FE02FE02FE02FE0233
:10DDF000FE02FE02FE02FE02FE02FE02FE02FE0223
:10DE0000FE02FE02FE02FE02FE02FE02FE02FE0212
:10DE1000FE02FE02FE02FE02FE02FE02FE02FE0202
:10DE2000FE02FE02FE02FE02FE02FE02FE02FE02F2
:10DE3000FE02FE02FE02FE02FE02FE02FE02FE02E2
:10DE4000FE02FE02FE02FE02FE02FE02FE02FE02D2
:10DE5000FE02FE02FE02FE02FE02FE02FE02FE02C2
:10DE6000FE02FE02FE02FE02FE02FE02FE02FE02B2
:10DE7000FE02FE02FE02FE02FE02FE02FE02FE02A2
:10DE8000FE02FE02FE02FE02FE02FE02FE02FE0292
:10DE9000FE02FE02FE02FE02FE02FE02FE02FE0282
:10DEA000FE02FE02FE02FE02FE02FE02FE02FE0272
:10DEB000FE02FE02FE02FE02FE02FE02FE02FE0262
:10DEC000FE02FE02FE02FE02FE02FE02FE02FE0252
:10DED000FE02FE02FE02FE02FE02FE02FE02FE0242
:10DEE000FE02FE02FE02FE02FE02FE02FE02FE0232
:10DEF000FE02FE02FE02FE02FE02FE02FE02FE0222
:10DF0000FE02FE02FE02FE02FE02FE02FE02FE0211
:10DF1000FE02FE02FE02FE02FE02FE02FE02FE0201
:10DF2000FE02FE02FE02FE02FE02FE02FE02FE02F1
:10DF3000FE02FE02FE02FE02FE02FE02FE02FE02E1
:10DF4000FE02FE02FE02FE02FE02FE02FE02FE02D1
:10DF5000FE02FE02FE02FE02FE02FE02FE02FE02C1
:10DF6000FE02FE02FE02FE02FE02FE02FE02FE02B1
:10DF7000FE02FE02FE02FE02FE02FE02FE02FE02A1
:10DF8000FE02FE02FE02FE02FE02FE02FE02FE0291
:10DF9000FE02FE02FE02FE02FE02FE02FE02FE0281
:10DFA000FE02FE02FE02FE02FE02FE02FE02FE0271
:10DFB000FE02FE02FE02FE02FE02FE02FE02FE0261
:10DFC000FE02FE02FE02FE02FE02FE02FE02FE0251
:10DFD000FE02FE02FE02FE02FE02FE02FE02FE0241
:10DFE000FE02FE02FE02FE02FE02FE02FE02FE0231
:10DFF000FE02FE02FE02FE02FE02FE02FE02FE0221
:10E00000FE02FE02FE02FE02FE02FE02FE02FE0210
:10E01000FE02FE02FE02FE02FE02FE02FE02FE0200
:10E02000FE02FE02FE02FE02FE02FE02FE02FE02F0
:10E03000FE02FE02FE02FE02FE02FE02FE02FE02E0
:10E04000FE02FE02FE02FE02FE02FE02FE02FE02D0
:10E05000FE02FE02FE02FE02FE02FE02FE02FE02C0
:10E06000FE02FE02FE02FE02FE02FE02FE02FE02B0
:10E07000FE02FE02FE02FE02FE02FE02FE02FE02A0
:10E08000FE02FE02FE02FE02FE02FE02FE02FE0290
:10E09000FE02FE02FE02FE02FE02FE02FE02FE0280
:10E0A000FE02FE02FE02FE02FE02FE02FE02FE0270
:10E0B000FE02FE02FE02FE02FE02FE02FE02FE0260
:10E0C000FE02FE02FE02FE02FE02FE02FE02FE0250
:10E0D000FE02FE02FE02FE02FE02FE02FE02FE0240
:10E0E000FE02FE02FE02FE02FE02FE02FE02FE0230
:10E0F000FE02FE02FE02FE02FE02FE02FE02FE0220
:10E10000FE02FE02FE02FE02FE02FE02FE02FE020F
:10E11000FE02FE02FE02FE02FE02FE02FE02FE02FF
:10E12000FE02FE02FE02FE02FE02FE02FE02FE02EF
:10E13000FE02FE02FE02FE02FE02FE02FE02FE02DF
:10E14000FE02FE02FE02FE02FE02FE02FE02FE02CF
:10E15000FE02FE02FE02FE02FE02FE02FE02FE02BF
:10E16000FE02FE02FE02FE02FE02FE02FE02FE02AF
:10E17000FE02FE02FE02FE02FE02FE02FE02FE029F
:10E18000FE02FE02FE02FE02FE02FE02FE02FE028F
:10E19000FE02FE02FE02FE02FE02FE02FE02FE027F
:10E1A000FE02FE02FE02FE02FE02FE02FE02FE026F
:10E1B000FE02FE02FE02FE02FE02FE02FE02FE025F
:10E1C000FE02FE02FE02FE02FE02FE02FE02FE024F
:10E1D000FE02FE02FE02FE02FE02FE02FE02FE023F
:10E1E000FE02FE02FE02FE02FE02FE02FE02FE022F
:10E1F000FE02FE02FE02FE02FE02FE02FE02FE021F
:10E20000FE02FE02FE02FE02FE02FE02FE02FE020E
:10E21000FE02FE02FE02FE02FE02FE02FE02FE02FE
:10E22000FE02FE02FE02FE02FE02FE02FE02FE02EE
:10E23000FE02FE02FE02FE02FE02FE02FE02FE02DE
:10E24000FE02FE02FE02FE02FE02FE02FE02FE02CE
:10E25000FE02FE02FE02FE02FE02FE02FE02FE02BE
:10E26000FE02FE02FE02FE02FE02FE02FE02FE02AE
:10E27000FE02FE02FE02FE02FE02FE02FE02FE029E
:10E28000FE02FE02FE02FE02FE02FE02FE02FE028E
:10E29000FE02FE02FE02FE02FE02FE02FE02FE027E
:10E2A000FE02FE02FE02FE02FE02FE02FE02FE026E
:10E2B000FE02FE02FE02FE02FE02FE02FE02FE025E
:10E2C000FE02FE02FE02FE02FE02FE02FE02FE024E
:10E2D000FE02FE02FE02FE02FE02FE02FE02FE023E
:10E2E000FE02FE02FE02FE02FE02FE02FE02FE022E
:10E2F000FE02FE02FE02FE02FE02FE02FE02FE021E
:10E30000FE02FE02FE02FE02FE02FE02FE02FE020D
:10E31000FE02FE02FE02FE02FE02FE02FE02FE02FD
:10E32000FE02FE02FE02FE02FE02FE02FE02FE02ED
:10E33000FE02FE02FE02FE02FE02FE02FE02FE02DD
:10E34000FE02FE02FE02FE02FE02FE02FE02FE02CD
:10E35000FE02FE02FE02FE02FE02FE02FE02FE02BD
:10E36000FE02FE02FE02FE02FE02FE02FE02FE02AD
:10E37000FE02FE02FE02FE02FE02FE02FE02FE029D
:10E38000FE02FE02FE02FE02FE02FE02FE02FE028D
:10E39000FE02FE02FE02FE02FE02FE02FE02FE027D
:10E3A000FE02FE02FE02FE02FE02FE02FE02FE026D
:10E3B000FE02FE02FE02FE02FE02FE02FE02FE025D
:10E3C000FE02FE02FE02FE02FE02FE02FE02FE024D
:10E3D000FE02FE02FE02FE02FE02FE02FE02FE023D
:10E3E000FE02FE02FE02FE02FE02FE02FE02FE022D
:10E3F000FE02FE02FE02FE02FE02FE02FE02FE021D
:10E40000FE02FE02FE02FE02FE02FE02FE02FE020C
:10E41000FE02FE02FE02FE02FE02FE02FE02FE02FC
:10E42000FE02FE02FE02FE02FE02FE02FE02FE02EC
:10E43000FE02FE02FE02FE02FE02FE02FE02FE02DC
:10E44000FE02FE02FE02FE02FE02FE02FE02FE02CC
:10E45000FE02FE02FE02FE02FE02FE02FE02FE02BC
:10E46000FE02FE02FE02FE02FE02FE02FE02FE02AC
:10E47000FE02FE02FE02FE02FE02FE02FE02FE029C
:10E48000FE02FE02FE02FE02FE02FE02FE02FE028C
:10E49000FE02FE02FE02FE02FE02FE02FE02FE027C
:10E4A000FE02FE02FE02FE02FE02FE02FE02FE026C
:10E4B000FE02FE02FE02FE02FE02FE02FE02FE025C
:10E4C000FE02FE02FE02FE02FE02FE02FE02FE024C
:10E4D000FE02FE02FE02FE02FE02FE02FE02FE023C
:10E4E000FE02FE02FE02FE02FE02FE02FE02FE022C
:10E4F000FE02FE02FE02FE02FE02FE02FE02FE021C
:10E50000FE02FE02FE02FE02FE02FE02FE02FE020B
:10E51000FE02FE02FE02FE02FE02FE02FE02FE02FB
:10E52000FE02FE02FE02FE02FE02FE02FE02FE02EB
:10E53000FE02FE02FE02FE02FE02FE02FE02FE02DB
:10E54000FE02FE02FE02FE02FE02FE02FE02FE02CB
:10E55000FE02FE02FE02FE02FE02FE02FE02FE02BB
:10E56000FE02FE02FE02FE02FE02FE02FE02FE02AB
:10E57000FE02FE02FE02FE02FE02FE02FE02FE029B
:10E58000FE02FE02FE02FE02FE02FE02FE02FE028B
:10E59000FE02FE02FE02FE02FE02FE02FE02FE027B
:10E5A000FE02FE02FE02FE02FE02FE02FE02FE026B
:10E5B000FE02FE02FE02FE02FE02FE02FE02FE025B
:10E5C000FE02FE02FE02FE02FE02FE02FE02FE024B
:10E5D000FE02FE02FE02FE02FE02FE02FE02FE023B
:10E5E000FE02FE02FE02FE02FE02FE02FE02FE022B
:10E5F000FE02FE02FE02FE02FE02FE02FE02FE021B
:10E60000FE02FE02FE02FE02FE02FE02FE02FE020A
:10E61000FE02FE02FE02FE02FE02FE02FE02FE02FA
:10E62000FE02FE02FE02FE02FE02FE02FE02FE02EA
:10E63000FE02FE02FE02FE02FE02FE02FE02FE02DA
:10E64000FE02FE02FE02FE02FE02FE02FE02FE02CA
:10E65000FE02FE02FE02FE02FE02FE02FE02FE02BA
:10E66000FE02FE02FE02FE02FE02FE02FE02FE02AA
:10E67000FE02FE02FE02FE02FE02FE02FE02FE029A
:10E68000FE02FE02FE02FE02FE02FE02FE02FE028A
:10E69000FE02FE02FE02FE02FE02FE02FE02FE027A
:10E6A000FE02FE02FE02FE02FE02FE02FE02FE026A
:10E6B000FE02FE02FE02FE02FE02FE02FE02FE025A
:10E6C000FE02FE02FE02FE02FE02FE02FE02FE024A
:10E6D000FE02FE02FE02FE02FE02FE02FE02FE023A
:10E6E000FE02FE02FE02FE02FE02FE02FE02FE022A
:10E6F000FE02FE02FE02FE02FE02FE02FE02FE021A
:10E70000FE02FE02FE02FE02FE02FE02FE02FE0209
:10E71000FE02FE02FE02FE02FE02FE02FE02FE02F9
:10E72000FE02FE02FE02FE02FE02FE02FE02FE02E9
:10E73000FE02FE02FE02FE02FE02FE02FE02FE02D9
:10E74000FE02FE02FE02FE02FE02FE02FE02FE02C9
:10E75000FE02FE02FE02FE02FE02FE02FE02FE02B9
:10E76000FE02FE02FE02FE02FE02FE02FE02FE02A9
:10E77000FE02FE02FE02FE02FE02FE02FE02FE0299
:10E78000FE02FE02FE02FE02FE02FE02FE02FE0289
:10E79000FE02FE02FE02FE02FE02FE02FE02FE0279
:10E7A000FE02FE02FE02FE02FE02FE02FE02FE0269
:10E7B000FE02FE02FE02FE02FE02FE02FE02FE0259
:10E7C000FE02FE02FE02FE02FE02FE02FE02FE0249
:10E7D000FE02FE02FE02FE02FE02FE02FE02FE0239
:10E7E000FE02FE02FE02FE02FE02FE02FE02FE0229
:10E7F000FE02FE02FE02FE02FE02FE02FE02FE0219
:10E80000FE02FE02FE02FE02FE02FE02FE02FE0208
:10E81000FE02FE02FE02FE02FE02FE02FE02FE02F8
:10E82000FE02FE02FE02FE02FE02FE02FE02FE02E8
:10E83000FE02FE02FE02FE02FE02FE02FE02FE02D8
:10E84000FE02FE02FE02FE02FE02FE02FE02FE02C8
:10E85000FE02FE02FE02FE02FE02FE02FE02FE02B8
:10E86000FE02FE02FE02FE02FE02FE02FE02FE02A8
:10E87000FE02FE02FE02FE02FE02FE02FE02FE0298
:10E88000FE02FE02FE02FE02FE02FE02FE02FE0288
:10E89000FE02FE02FE02FE02FE02FE02FE02FE0278
:10E8A000FE02FE02FE02FE02FE02FE02FE02FE0268
:10E8B000FE02FE02FE02FE02FE02FE02FE02FE0258
:10E8C000FE02FE02FE02FE02FE02FE02FE02FE0248
:10E8D000FE02FE02FE02FE02FE02FE02FE02FE0238
:10E8E000FE02FE02FE02FE02FE02FE02FE02FE0228
:10E8F000FE02FE02FE02FE02FE02FE02FE02FE0218
:10E90000FE02FE02FE02FE02FE02FE02FE02FE0207
:10E91000FE02FE02FE02FE02FE02FE02FE02FE02F7
:10E92000FE02FE02FE02FE02FE02FE02FE02FE02E7
:10E93000FE02FE02FE02FE02FE02FE02FE02FE02D7
:10E94000FE02FE02FE02FE02FE02FE02FE02FE02C7
:10E95000FE02FE02FE02FE02FE02FE02FE02FE02B7
:10E96000FE02FE02FE02FE02FE02FE02FE02FE02A7
:10E97000FE02FE02FE02FE02FE02FE02FE02FE0297
:10E98000FE02FE02FE02FE02FE02FE02FE02FE0287
:10E99000FE02FE02FE02FE02FE02FE02FE02FE0277
:10E9A000FE02FE02FE02FE02FE02FE02FE02FE0267
:10E9B000FE02FE02FE02FE02FE02FE02FE02FE0257
:10E9C000FE02FE02FE02FE02FE02FE02FE02FE0247
:10E9D000FE02FE02FE02FE02FE02FE02FE02FE0237
:10E9E000FE02FE02FE02FE02FE02FE02FE02FE0227
:10E9F000FE02FE02FE02FE02FE02FE02FE02FE0217
:10EA0000FE02FE02FE02FE02FE02FE02FE02FE0206
:10EA1000FE02FE02FE02FE02FE02FE02FE02FE02F6
:10EA2000FE02FE02FE02FE02FE02FE02FE02FE02E6
:10EA3000FE02FE02FE02FE02FE02FE02FE02FE02D6
:10EA4000FE02FE02FE02FE02FE02FE02FE02FE02C6
:10EA5000FE02FE02FE02FE02FE02FE02FE02FE02B6
:10EA6000FE02FE02FE02FE02FE02FE02FE02FE02A6
:10EA7000FE02FE02FE02FE02FE02FE02FE02FE0296
:10EA8000FE02FE02FE02FE02FE02FE02FE02FE0286
:10EA9000FE02FE02FE02FE02FE02FE02FE02FE0276
:10EAA000FE02FE02FE02FE02FE02FE02FE02FE0266
:10EAB000FE02FE02FE02FE02FE02FE02FE02FE0256
:10EAC000FE02FE02FE02FE02FE02FE02FE02FE0246
:10EAD000FE02FE02FE02FE02FE02FE02FE02FE0236
:10EAE000FE02FE02FE02FE02FE02FE02FE02FE0226
:10EAF000FE02FE02FE02FE02FE02FE02FE02FE0216
:10EB0000FE02FE02FE02FE02FE02FE02FE02FE0205
:10EB1000FE02FE02FE02FE02FE02FE02FE02FE02F5
:10EB2000FE02FE02FE02FE02FE02FE02FE02FE02E5
:10EB3000FE02FE02FE02FE02FE02FE02FE02FE02D5
:10EB4000FE02FE02FE02FE02FE02FE02FE02FE02C5
:10EB5000FE02FE02FE02FE02FE02FE02FE02FE02B5
:10EB6000FE02FE02FE02FE02FE02FE02FE02FE02A5
:10EB7000FE02FE02FE02FE02FE02FE02FE02FE0295
:10EB8000FE02FE02FE02FE02FE02FE02FE02FE0285
:10EB9000FE02FE02FE02FE02FE02FE02FE02FE0275
:10EBA000FE02FE02FE02FE02FE02FE02FE02FE0265
:10EBB000FE02FE02FE02FE02FE02FE02FE02FE0255
:10EBC000FE02FE02FE02FE02FE02FE02FE02FE0245
:10EBD000FE02FE02FE02FE02FE02FE02FE02FE0235
:10EBE000FE02FE02FE02FE02FE02FE02FE02FE0225
:10EBF000FE02FE02FE02FE02FE02FE02FE02FE0215
:10EC0000FE02FE02FE02FE02FE02FE02FE02FE0204
:10EC1000FE02FE02FE02FE02FE02FE02FE02FE02F4
:10EC2000FE02FE02FE02FE02FE02FE02FE02FE02E4
:10EC3000FE02FE02FE02FE02FE02FE02FE02FE02D4
:10EC4000FE02FE02FE02FE02FE02FE02FE02FE02C4
:10EC5000FE02FE02FE02FE02FE02FE02FE02FE02B4
:10EC6000FE02FE02FE02FE02FE02FE02FE02FE02A4
:10EC7000FE02FE02FE02FE02FE02FE02FE02FE0294
:10EC8000FE02FE02FE02FE02FE02FE02FE02FE0284
:10EC9000FE02FE02FE02FE02FE02FE02FE02FE0274
:10ECA000FE02FE02FE02FE02FE02FE02FE02FE0264
:10ECB000FE02FE02FE02FE02FE02FE02FE02FE0254
:10ECC000FE02FE02FE02FE02FE02FE02FE02FE0244
:10ECD000FE02FE02FE02FE02FE02FE02FE02FE0234
:10ECE000FE02FE02FE02FE02FE02FE02FE02FE0224
:10ECF000FE02FE02FE02FE02FE02FE02FE02FE0214
:10ED0000FE02FE02FE02FE02FE02FE02FE02FE0203
:10ED1000FE02FE02FE02FE02FE02FE02FE02FE02F3
:10ED2000FE02FE02FE02FE02FE02FE02FE02FE02E3
:10ED3000FE02FE02FE02FE02FE02FE02FE02FE02D3
:10ED4000FE02FE02FE02FE02FE02FE02FE02FE02C3
:10ED5000FE02FE02FE02FE02FE02FE02FE02FE02B3
:10ED6000FE02FE02FE02FE02FE02FE02FE02FE02A3
:10ED7000FE02FE02FE02FE02FE02FE02FE02FE0293
:10ED8000FE02FE02FE02FE02FE02FE02FE02FE0283
:10ED9000FE02FE02FE02FE02FE02FE02FE02FE0273
:10EDA000FE02FE02FE02FE02FE02FE02FE02FE0263
:10EDB000FE02FE02FE02FE02FE02FE02FE02FE0253
:10EDC000FE02FE02FE02FE02FE02FE02FE02FE0243
:10EDD000FE02FE02FE02FE02FE02FE02FE02FE0233
:10EDE000FE02FE02FE02FE02FE02FE02FE02FE0223
:10EDF000FE02FE02FE02FE02FE02FE02FE02FE0213
:10EE0000FE02FE02FE02FE02FE02FE02FE02FE0202
:10EE1000FE02FE02FE02FE02FE02FE02FE02FE02F2
:10EE2000FE02FE02FE02FE02FE02FE02FE02FE02E2
:10EE3000FE02FE02FE02FE02FE02FE02FE02FE02D2
:10EE4000FE02FE02FE02FE02FE02FE02FE02FE02C2
:10EE5000FE02FE02FE02FE02FE02FE02FE02FE02B2
:10EE6000FE02FE02FE02FE02FE02FE02FE02FE02A2
:10EE7000FE02FE02FE02FE02FE02FE02FE02FE0292
:10EE8000FE02FE02FE02FE02FE02FE02FE02FE0282
:10EE9000FE02FE02FE02FE02FE02FE02FE02FE0272
:10EEA000FE02FE02FE02FE02FE02FE02FE02FE0262
:10EEB000FE02FE02FE02FE02FE02FE02FE02FE0252
:10EEC000FE02FE02FE02FE02FE02FE02FE02FE0242
:10EED000FE02FE02FE02FE02FE02FE02FE02FE0232
:10EEE000FE02FE02FE02FE02FE02FE02FE02FE0222
:10EEF000FE02FE02FE02FE02FE02FE02FE02FE0212
:10EF0000FE02FE02FE02FE02FE02FE02FE02FE0201
:10EF1000FE02FE02FE02FE02FE02FE02FE02FE02F1
:10EF2000FE02FE02FE02FE02FE02FE02FE02FE02E1
:10EF3000FE02FE02FE02FE02FE02FE02FE02FE02D1
:10EF4000FE02FE02FE02FE02FE02FE02FE02FE02C1
:0DEF5000FE02FE02FE02FE02FE02FE02FEB6
:00000001FF